date,open,high,low
2019-11-28T00:00:00.000000000,26761.0,26993.0,26729.0
2019-11-27T00:00:00.000000000,27015.0,27017.0,26876.0
2019-11-26T00:00:00.000000000,27225.274847307053,27327.55520598142,26982.103177556186
2019-11-25T00:00:00.000000000,26675.360355358134,27201.275382166787,26689.462159547555
2019-11-22T00:00:00.000000000,26647.313714603,26734.24047821742,26531.115307337404
2019-11-21T00:00:00.000000000,26606.245419211547,26655.065033127292,26323.660887036764
2019-11-20T00:00:00.000000000,26920.768461965574,27020.875633860163,26834.780473284718
2019-11-19T00:00:00.000000000,26558.165463631314,27166.197653329386,26558.17457955053
2019-11-18T00:00:00.000000000,26361.838978345364,26764.30710293519,26371.766259860102
2019-11-15T00:00:00.000000000,26532.12215435869,26676.11167042973,26328.67186337253
2019-11-14T00:00:00.000000000,26468.015546918377,26684.129437021136,26235.467703527313
2019-11-13T00:00:00.000000000,26792.555247084954,26809.407040011847,26502.05164458997
2019-11-12T00:00:00.000000000,27169.181565796778,27189.248732279677,26834.780473284718
2019-11-11T00:00:00.000000000,27534.789561354803,27551.050449716848,26866.85072183361
2019-11-08T00:00:00.000000000,27916.424208772904,27942.918791871787,27651.56961601429
2019-11-07T00:00:00.000000000,27696.057745696835,28011.06980789873,27601.459852656648
2019-11-06T00:00:00.000000000,27694.054414214326,27857.730021838102,27604.46643845811
2019-11-05T00:00:00.000000000,27668.0111049417,27824.656734648557,27517.27545021581
2019-11-04T00:00:00.000000000,27276.359800111048,27670.314727764002,27287.772734037808
2019-11-01T00:00:00.000000000,26844.641865630205,27210.295369582116,26809.725591605897
2019-10-31T00:00:00.000000000,26764.508606329815,27102.055520598144,26751.598266111032
2019-10-30T00:00:00.000000000,26795.56024430872,26849.495872968873,26674.429230540263
2019-10-29T00:00:00.000000000,27095.05830094392,27138.13547025947,26775.6509525227
2019-10-28T00:00:00.000000000,26827.593625804515,27111.06181343836,26846.85138017575
2019-10-25T00:00:00.000000000,26854.640600446866,26877.458122652843,26679.315631119684
2019-10-24T00:00:00.000000000,26665.31177795043,26904.528078237432,26640.190516070663
2019-10-23T00:00:00.000000000,26821.583186995107,26889.48921402377,26541.87612440902
2019-10-22T00:00:00.000000000,26831.60058501079,26965.686126039647,26798.69739242311
2019-10-21T00:00:00.000000000,26756.47009989316,26912.54880581805,26731.482451185046
2019-10-18T00:00:00.000000000,26915.74672834254,27084.99444880135,26742.517740045027
2019-10-17T00:00:00.000000000,26806.55708997158,27057.92449321676,26793.68135203221
2019-10-16T00:00:00.000000000,26596.191731642204,26808.279347270007,26467.6387266237
2019-10-15T00:00:00.000000000,26623.238706284556,26705.012479669545,26517.7991305327
2019-10-14T00:00:00.000000000,26586.17433362652,26731.079844306554,26457.606645841897
2019-10-11T00:00:00.000000000,26015.182646732508,26514.520199629853,26012.182259129968
2019-10-10T00:00:00.000000000,25604.469328089446,25896.924175922224,25588.828450137993
2019-10-09T00:00:00.000000000,25754.730298324714,25936.02522287774,25716.235876066858
2019-10-08T00:00:00.000000000,25925.026064591348,26269.888008420985,25775.42515267948
2019-10-04T00:00:00.000000000,26161.4366577615,26242.8180528364,25648.017726750615
2019-10-03T00:00:00.000000000,25718.66766546825,26287.934645477377,25755.36099111588
2019-10-02T00:00:00.000000000,25879.94777352077,26154.590049449595,25832.60801313574
2019-09-30T00:00:00.000000000,25877.94429391763,26225.774006727584,25849.6625504648
2019-09-27T00:00:00.000000000,26010.173947724667,26064.356864167636,25893.803705904724
2019-09-26T00:00:00.000000000,26059.25919800152,26174.64186840114,26011.179051051786
2019-09-25T00:00:00.000000000,26179.448874361115,26306.978765862856,25979.080726062242
2019-09-24T00:00:00.000000000,26389.781886206547,26498.466301849126,26306.076105085263
2019-09-23T00:00:00.000000000,26441.864346282557,26591.703688481186,26198.7494009274
2019-09-20T00:00:00.000000000,26580.083182638125,26664.89002422463,26486.625700864846
2019-09-19T00:00:00.000000000,26803.436809502557,26899.48731962143,26425.439448961766
2019-09-18T00:00:00.000000000,26866.536713056186,26978.688970631458,26807.602760028552
2019-09-17T00:00:00.000000000,27074.86655336023,27109.020801407452,26757.450094534222
2019-09-16T00:00:00.000000000,27231.11393358826,27280.457286505112,27041.314181232123
2019-09-13T00:00:00.000000000,27211.08221817441,27456.906534324924,27168.70195158772
2019-09-12T00:00:00.000000000,27369.33276994383,27404.773802014526,27022.256168344276
2019-09-11T00:00:00.000000000,26831.481211081948,27227.322001650282,26756.447041224335
2019-09-10T00:00:00.000000000,26816.45742452156,26958.637919742843,26685.23025622239
2019-09-09T00:00:00.000000000,26735.328977095465,26863.395428021922,26666.172243334546
2019-09-06T00:00:00.000000000,26754.359106738622,26867.405638199645,26569.879125585434
2019-09-05T00:00:00.000000000,26481.927777110257,26751.109543045677,26469.573794596778
2019-09-04T00:00:00.000000000,25583.505340799067,26701.98446836857,25600.929628235004
2019-09-03T00:00:00.000000000,25373.172328953635,25728.505947726313,25410.349499356555
2019-09-02T00:00:00.000000000,25461.31187677458,25647.299191627422,25468.526591329977
2019-08-30T00:00:00.000000000,25925.046088605217,26001.200239811475,25489.590710837594
2019-08-29T00:00:00.000000000,25640.59572972854,25675.370662871483,25454.483844991562
2019-08-28T00:00:00.000000000,25807.86055343419,25920.996036257016,25634.030387461262
2019-08-27T00:00:00.000000000,25649.85119542839,25749.841840175926,25526.779512814854
2019-08-26T00:00:00.000000000,25318.26679402343,25714.86107381953,25149.871359588393
2019-08-23T00:00:00.000000000,25888.552014512083,26172.60938785464,25865.696923806285
2019-08-22T00:00:00.000000000,26219.137667720042,26273.553885054524,25896.68937141907
2019-08-21T00:00:00.000000000,26042.35923685053,26256.56322710999,26007.662329000337
2019-08-20T00:00:00.000000000,26134.244070974797,26270.555533652547,26044.65331486076
2019-08-19T00:00:00.000000000,25888.552014512083,26265.55828131592,25831.70520706968
2019-08-16T00:00:00.000000000,25379.190434040607,25718.858875688835,25228.852113182267
2019-08-15T00:00:00.000000000,24783.93650862688,25461.000655118838,24797.957115727084
2019-08-14T00:00:00.000000000,25634.86997247335,25652.895144845348,25067.8913368707
2019-08-13T00:00:00.000000000,25366.20670747957,25515.970430821744,25156.869654210634
2019-08-12T00:00:00.000000000,25695.793612490525,25996.706105605343,25543.775371183154
2019-08-09T00:00:00.000000000,26067.327941775602,26191.59894673383,25813.709592326773
2019-08-08T00:00:00.000000000,25887.55326631508,26231.57696542685,25845.701796314166
2019-08-07T00:00:00.000000000,25873.57079155704,25942.735780369763,25627.754906650058
2019-08-06T00:00:00.000000000,25187.43078021605,26009.698961680577,25212.85601118857
2019-08-05T00:00:00.000000000,26396.91484678656,26561.39561964429,25992.665983381245
2019-08-02T00:00:00.000000000,26736.48923376754,26941.186797228005,26756.479853580226
2019-08-01T00:00:00.000000000,27490.54412250473,27669.786187908343,27394.32442057885
2019-07-31T00:00:00.000000000,27904.02587606393,27923.646606609036,27625.268143112833
2019-07-30T00:00:00.000000000,28064.824335781395,28237.474053349266,28081.15704993317
2019-07-29T00:00:00.000000000,28229.617788286872,28304.43723466008,27930.193837367664
2019-07-26T00:00:00.000000000,28328.339939848673,28428.1658145473,28260.53768524511
2019-07-25T00:00:00.000000000,28486.95549960625,28599.852771011563,28469.165157825246
2019-07-24T00:00:00.000000000,28518.878127985136,28721.630728503653,28464.174069964476
2019-07-23T00:00:00.000000000,28341.308507627593,28437.14943436229,28239.57511622988
2019-07-22T00:00:00.000000000,28545.81284567982,28640.77815016874,28230.591158080497
2019-07-19T00:00:00.000000000,28548.80559209034,28788.50878712636,28540.038605448164
2019-07-18T00:00:00.000000000,28242.54787608042,28471.087553663365,28260.53768524511
2019-07-17T00:00:00.000000000,28403.15860011168,28594.861871114346,28307.453911136337
2019-07-16T00:00:00.000000000,28543.817681406137,28608.836390826553,28423.247149506173
2019-07-15T00:00:00.000000000,28289.43423651191,28545.951052121618,28001.999334057287
2019-07-12T00:00:00.000000000,28338.315761217073,28556.931031895496,28312.444998997107
2019-07-11T00:00:00.000000000,28336.320596943395,28561.921931792713,28316.43786928572
2019-07-10T00:00:00.000000000,28230.57689043834,28293.411517322445,28096.830003411895
2019-07-09T00:00:00.000000000,28299.410057880308,28362.285935904038,28040.929819371282
2019-07-08T00:00:00.000000000,28553.793502774537,28588.872791237685,28162.712363174043
2019-07-05T00:00:00.000000000,28794.210797753007,28909.288564639006,28701.749852137073
2019-07-04T00:00:00.000000000,28899.954504258058,29027.073802213326,28782.605475481527
2019-07-03T00:00:00.000000000,28784.234976384603,28886.33042511181,28714.72668057507
2019-07-02T00:00:00.000000000,28841.09715818449,29001.121122747798,28732.69459687384
2019-06-28T00:00:00.000000000,28447.052214132647,28519.00019267665,28316.43786928572
2019-06-27T00:00:00.000000000,28301.40522215399,28474.082093601697,28242.56976894634
2019-06-26T00:00:00.000000000,27998.140252554596,28223.53891876141,27939.1116270116
2019-06-25T00:00:00.000000000,28355.857439440155,28392.897106330038,27984.88840336148
2019-06-24T00:00:00.000000000,28251.22327914702,28508.505799662,28219.10076045361
2019-06-21T00:00:00.000000000,28400.700650994357,28436.74867966285,28203.154387204784
2019-06-20T00:00:00.000000000,28221.327804777553,28422.795906329684,28095.51636777521
2019-06-19T00:00:00.000000000,27843.648311909943,28101.88211966682,27840.374395793995
2019-06-18T00:00:00.000000000,27105.23009498409,27426.169239674833,27015.149580167254
2019-06-17T00:00:00.000000000,26915.892090644127,27353.41549300903,26904.52161575352
2019-06-14T00:00:00.000000000,27024.512314186526,27076.35327967898,26861.6657376473
2019-06-13T00:00:00.000000000,26957.74575476138,27107.24870634528,26612.5036556344
2019-06-12T00:00:00.000000000,27485.899135288644,27491.94659967405,27015.149580167254
2019-06-11T00:00:00.000000000,27431.090765611287,27662.36975967203,27393.87594482687
2019-06-10T00:00:00.000000000,27030.491409060418,27423.17935967487,26925.451230642608
2019-06-06T00:00:00.000000000,26667.759653377543,26788.32817301573,26610.510358978296
2019-06-05T00:00:00.000000000,26831.1882465973,26912.906506347583,26573.634370840384
2019-06-04T00:00:00.000000000,26788.33806666773,26795.30455968231,26416.16393500823
2019-06-03T00:00:00.000000000,26670.74920081449,26737.50021301633,26488.919262955995
2019-05-31T00:00:00.000000000,26711.60634911943,26923.86939968079,26613.50030396245
2019-05-30T00:00:00.000000000,27165.021043723023,27226.843906343864,26951.364087171947
2019-05-29T00:00:00.000000000,27095.264936860935,27307.570666342905,27048.038974992956
2019-05-28T00:00:00.000000000,27009.342037685412,27206.644029726096,26948.175062244307
2019-05-27T00:00:00.000000000,27058.925937739907,27111.491644325764,26839.10525369155
2019-05-24T00:00:00.000000000,27006.367003682142,27195.74115223231,27001.71842280657
2019-05-23T00:00:00.000000000,27149.16863583909,27226.46744335117,26890.665526825578
2019-05-22T00:00:00.000000000,27338.579134047268,27473.26894298328,27279.350662759047
2019-05-21T00:00:00.000000000,27325.6873200331,27582.297717921156,27226.798845910896
2019-05-20T00:00:00.000000000,27599.39044833392,27604.103472908733,27291.249187328438
2019-05-17T00:00:00.000000000,28039.695480817853,28029.315695166464,27438.98920073172
2019-05-16T00:00:00.000000000,27601.3738043361,27904.42818932853,27555.991358997406
2019-05-15T00:00:00.000000000,27635.09085637316,27920.286920228587,27589.70384527735
2019-05-14T00:00:00.000000000,27401.054848115935,27724.0351253404,27368.589597029484
2019-05-10T00:00:00.000000000,28086.304346869078,28335.587435673784,27698.773653830107
2019-05-09T00:00:00.000000000,28372.899289184068,28398.03118859275,27768.181713818227
2019-05-08T00:00:00.000000000,28384.799425197147,28723.135172043883,28376.989554285443
2019-05-07T00:00:00.000000000,28850.888085709415,28983.813061213543,28683.376561947283
2019-05-06T00:00:00.000000000,29041.290261918683,29028.41574186995,28444.414526845332
2019-05-03T00:00:00.000000000,29308.051644211875,29611.22410244698,29163.28371957942
2019-05-02T00:00:00.000000000,29160.291622049477,29474.442548434003,29142.461301582985
2019-04-30T00:00:00.000000000,29347.718764255475,29358.47557872735,29119.655796158317
2019-04-29T00:00:00.000000000,29469.695158389535,29571.577275196843,29377.457161828475
2019-04-26T00:00:00.000000000,29204.917132098522,29422.901673008822,29197.98774957348
2019-04-25T00:00:00.000000000,29178.86964027336,29377.22805388415,29048.885260084207
2019-04-24T00:00:00.000000000,29613.140556251914,29658.764334533244,29195.601774905823
2019-04-23T00:00:00.000000000,29462.475136422618,29602.653956921364,29286.1918377487
2019-04-18T00:00:00.000000000,29574.735645315035,29636.123304970555,29424.046281205254
2019-04-17T00:00:00.000000000,29708.660462941072,29733.578171349087,29548.115280316153
2019-04-16T00:00:00.000000000,29348.245144918055,29717.827889914173,29240.896806327262
2019-04-15T00:00:00.000000000,29697.828308574262,29862.53360059745,29310.80870265166
2019-04-12T00:00:00.000000000,29437.85660377077,29522.91815715711,29250.743552288444
2019-04-11T00:00:00.000000000,29705.706239022853,29753.26602314273,29342.318289727442
2019-04-10T00:00:00.000000000,29634.804864985537,29720.78106768322,29485.096106164587
2019-04-09T00:00:00.000000000,29689.95037812567,29822.17350442048,29610.149779871605
2019-04-08T00:00:00.000000000,29694.87408465604,29748.34406019432,29505.77427268307
2019-04-04T00:00:00.000000000,29561.934008336073,29634.15451979119,29353.149710284742
2019-04-03T00:00:00.000000000,29330.519801408725,29589.856853255493,29295.053909113765
2019-04-02T00:00:00.000000000,29246.81679039245,29284.69515045403,29129.6285769659
2019-04-01T00:00:00.000000000,29010.478876934736,29217.756454355644,28964.203244818036
2019-03-29T00:00:00.000000000,28383.198664965712,28725.560159514574,28330.07280491789
2019-03-28T00:00:00.000000000,28129.135407998667,28291.44302746475,28119.352441348587
2019-03-27T00:00:00.000000000,28163.60135371125,28339.678264359176,28095.72025104175
2019-03-26T00:00:00.000000000,28331.213964828985,28337.67227680607,28027.548488311248
2019-03-25T00:00:00.000000000,28122.083833890832,28266.717228851627,28039.386945962066
2019-03-22T00:00:00.000000000,28828.39125724799,28845.197967035776,28449.786811190417
2019-03-21T00:00:00.000000000,28932.956322717066,29049.1937299048,28679.650197243798
2019-03-20T00:00:00.000000000,28988.198244096955,29031.45496791619,28867.09244338175
2019-03-19T00:00:00.000000000,28978.33361527912,29112.264883642085,28940.09626556179
2019-03-18T00:00:00.000000000,28740.59606076924,29016.672666259015,28670.771354005687
2019-03-15T00:00:00.000000000,28508.77728355006,28825.488231492873,28443.86758236501
2019-03-14T00:00:00.000000000,28481.156322860115,28541.668039675096,28288.98109476681
2019-03-13T00:00:00.000000000,28518.641912367897,28545.60998678368,28323.509929581694
2019-03-12T00:00:00.000000000,28371.65894298212,28569.26166943516,28340.281077920354
2019-03-11T00:00:00.000000000,27708.75588642345,28115.937751948433,27710.86974615187
2019-03-08T00:00:00.000000000,28066.841912510943,28093.271556074098,27796.698564120303
2019-03-07T00:00:00.000000000,28534.42531847644,28590.94237853235,28336.33492537008
2019-03-06T00:00:00.000000000,28520.614838131463,28663.868400041083,28479.382955317462
2019-03-05T00:00:00.000000000,28365.74016569142,28568.276182658014,28288.98109476681
2019-03-04T00:00:00.000000000,28479.18339709655,28830.415665378598,28336.33492537008
2019-03-01T00:00:00.000000000,28316.417021602232,28421.438652863402,28266.290717602744
2019-02-27T00:00:00.000000000,28476.224008451198,28616.565034738123,28298.84647614249
2019-02-26T00:00:00.000000000,28568.95151933887,28575.174590098028,28315.61762448115
2019-02-25T00:00:00.000000000,28580.757566784272,28620.524926977698,28372.862958994585
2019-02-22T00:00:00.000000000,28158.01205121254,28468.634347380394,28053.989099017017
2019-02-21T00:00:00.000000000,28194.557808399815,28404.524687160752,28000.678918091973
2019-02-20T00:00:00.000000000,27949.602462928346,28181.620330089387,27899.98190967801
2019-02-19T00:00:00.000000000,27943.676123925005,28058.33252197469,27768.680908510774
2019-02-18T00:00:00.000000000,27863.670547379887,27995.209164219967,27767.693682938087
2019-02-15T00:00:00.000000000,27779.714078165875,27846.277492017416,27426.113634788744
2019-02-14T00:00:00.000000000,27969.35692627282,28055.373614579938,27857.53121005251
2019-02-13T00:00:00.000000000,27848.854699871532,28118.496972334662,27743.01304362094
2019-02-12T00:00:00.000000000,27834.038852363174,27800.90757863121,27559.38908710135
2019-02-11T00:00:00.000000000,27568.341320380005,27772.304807148597,27404.394672189654
2019-02-08T00:00:00.000000000,27322.39825174131,27577.016919094924,27099.341970229692
2019-02-04T00:00:00.000000000,27567.353597212783,27567.153894445746,27426.113634788744
2019-02-01T00:00:00.000000000,27804.407157346464,27813.729510675137,27388.59906302668
2019-01-31T00:00:00.000000000,27516.979715684374,27690.44170256044,27364.905649282216
2019-01-30T00:00:00.000000000,27216.711872848377,27235.756266233446,27025.300052278242
2019-01-29T00:00:00.000000000,26993.486437055828,27204.194587356084,26975.938773643946
2019-01-28T00:00:00.000000000,27309.87514068724,27400.195007601622,27056.67854291263
2019-01-25T00:00:00.000000000,26935.227034064093,27207.111013156744,26816.2010153393
2019-01-24T00:00:00.000000000,26681.84660405844,26728.34151672709,26484.066069469573
2019-01-23T00:00:00.000000000,26509.31129179778,26755.924944504928,26487.02276038236
2019-01-22T00:00:00.000000000,26765.649470013617,26865.273533195654,26447.600214878534
2019-01-21T00:00:00.000000000,26851.424168108915,26941.12795958471,26623.030542370558
2019-01-18T00:00:00.000000000,26604.94515059369,26740.162985774736,26534.32981498695
2019-01-17T00:00:00.000000000,26553.677514950523,26638.695376449108,26281.039960124876
2019-01-16T00:00:00.000000000,26328.888650976634,26537.22776712348,26175.584650902143
2019-01-15T00:00:00.000000000,26141.56459766506,26474.179932202704,26053.374759840288
2019-01-14T00:00:00.000000000,26220.437883269933,26221.003470098956,25786.28701405187
2019-01-11T00:00:00.000000000,26369.31120984913,26348.08426236115,26129.263159935148
2019-01-10T00:00:00.000000000,26017.339172837386,26239.720796091064,25849.363086857993
2019-01-09T00:00:00.000000000,25810.296798124593,26255.48275482126,25790.229268602256
2019-01-08T00:00:00.000000000,25559.874116329123,25619.09367108966,25341.797813496247
2019-01-07T00:00:00.000000000,25653.53614298491,25709.72493378828,25381.22035900007
2019-01-04T00:00:00.000000000,24569.02846591791,25277.25619112857,24533.635630667835
2019-01-03T00:00:00.000000000,24703.11305144619,24862.51965204033,24516.88104882871
2019-01-02T00:00:00.000000000,25491.84590749492,25483.146777041733,24614.451848950677
2018-12-31T00:00:00.000000000,25503.67690033565,25613.182936565838,25338.84112258346
2018-12-28T00:00:00.000000000,25138.887954413112,25203.372009580784,25054.99879495592
2018-12-27T00:00:00.000000000,25515.507893176382,25554.075591327608,24956.44243119636
2018-12-24T00:00:00.000000000,25166.117219105417,25312.324346639398,25019.476002008472
2018-12-21T00:00:00.000000000,25135.523115819444,25445.50556835568,24927.869259166473
2018-12-20T00:00:00.000000000,25462.18918638901,25525.41430138545,24993.86551476232
2018-12-19T00:00:00.000000000,25511.53451426961,25590.525120891183,25415.453535583565
2018-12-18T00:00:00.000000000,25542.12861755558,25840.116595663178,25314.98162407944
2018-12-17T00:00:00.000000000,25832.2791454935,25877.60464325739,25620.33743355277
2018-12-14T00:00:00.000000000,25867.80778156753,25885.49686380354,25630.187620955134
2018-12-13T00:00:00.000000000,26044.464055380075,26267.283032723542,25917.81309310421
2018-12-12T00:00:00.000000000,25698.059853658273,25921.011856261215,25606.547171189457
2018-12-11T00:00:00.000000000,25325.996081438556,25513.575970566224,25182.98911288774
2018-12-10T00:00:00.000000000,25430.608176545426,25485.953198654697,25168.213831784193
2018-12-07T00:00:00.000000000,25917.15310944813,25953.56726601408,25618.367396072295
2018-12-06T00:00:00.000000000,26147.10233737172,26137.06139371207,25616.397358591825
2018-12-05T00:00:00.000000000,26437.25286530964,26584.94490970608,26323.640814081667
2018-12-04T00:00:00.000000000,26755.0367768607,26929.243031031867,26635.89175473666
2018-12-03T00:00:00.000000000,26782.670160473834,26957.85233051166,26623.086511113583
2018-11-30T00:00:00.000000000,26330.66695708755,26369.881899823493,26021.240060829048
2018-11-29T00:00:00.000000000,26508.310137457705,26582.97185456954,26183.768152968078
2018-11-28T00:00:00.000000000,26003.01397996037,26361.98967927734,25897.12769955924
2018-11-27T00:00:00.000000000,25986.221960406067,26086.59704936179,25765.026274690703
2018-11-26T00:00:00.000000000,25662.3568945571,26084.62296051625,25608.295110191666
2018-11-23T00:00:00.000000000,25647.54599215547,25698.688591213573,25387.491457060947
2018-11-22T00:00:00.000000000,25721.600504163616,25753.963078888635,25441.706639749293
2018-11-21T00:00:00.000000000,25142.987917006616,25639.465925847435,25051.3573243932
2018-11-20T00:00:00.000000000,25631.747696260398,25778.639189457863,25333.2762743726
2018-11-19T00:00:00.000000000,25753.19709595376,26036.25778380057,25694.053671898684
2018-11-16T00:00:00.000000000,25794.667622678324,25853.654565588306,25421.992027862623
2018-11-15T00:00:00.000000000,25524.12180547522,25797.393033490473,25190.345338194235
2018-11-14T00:00:00.000000000,25462.90340888182,25553.59306106653,25067.12901390254
2018-11-13T00:00:00.000000000,24742.106158669172,25523.98172838346,24649.17924190511
2018-11-12T00:00:00.000000000,25129.16440809843,25419.355019569946,25086.84362578921
2018-11-09T00:00:00.000000000,25563.6175452129,25603.93232662775,25044.457210232868
2018-11-08T00:00:00.000000000,26278.490434464893,26269.20026757405,25731.51143448336
2018-11-07T00:00:00.000000000,25759.121456914414,26180.366269524842,25491.978900060305
2018-11-06T00:00:00.000000000,25701.852634294777,25827.004366173544,25430.863603211623
2018-11-05T00:00:00.000000000,25686.054338399706,25800.354166758778,25352.99088625927
2018-11-02T00:00:00.000000000,25488.57563971131,26158.651292223924,25400.305954787284
2018-11-01T00:00:00.000000000,24763.828815524896,25185.425491373695,24678.751159735115
2018-10-31T00:00:00.000000000,24435.026782208715,24637.615836736903,24330.788259935365
2018-10-30T00:00:00.000000000,24400.468009938246,24532.98912792339,24221.37216396434
2018-10-29T00:00:00.000000000,24544.627459980777,24673.149435956588,24231.229469907677
2018-10-26T00:00:00.000000000,24672.110613252094,24695.853116113918,24172.094616578357
2018-10-25T00:00:00.000000000,24488.255942816802,24671.17503121893,24246.012381246193
2018-10-24T00:00:00.000000000,25102.09331023786,25323.66359584245,24813.700813895186
2018-10-23T00:00:00.000000000,25602.257091099462,25639.543082498316,24901.41656130102
2018-10-22T00:00:00.000000000,25195.99757739567,25884.349684656612,25119.227574522247
2018-10-19T00:00:00.000000000,24824.334372644757,25391.775110152623,24697.403530817788
2018-10-18T00:00:00.000000000,25380.840713801044,25359.200038091236,24847.210200544603
2018-10-16T00:00:00.000000000,25189.078315605093,25349.328804133238,24844.25348995789
2018-10-15T00:00:00.000000000,25245.42087589978,25318.72797886345,24964.493053817572
2018-10-12T00:00:00.000000000,25151.51660874197,25455.938130879593,24898.459850714306
2018-10-11T00:00:00.000000000,25075.40472904564,25133.14878045313,24760.48002333434
2018-10-10T00:00:00.000000000,25872.108300931905,26129.15628681491,25736.194516949792
2018-10-09T00:00:00.000000000,25798.96181914582,26002.80449215256,25646.507629152817
2018-10-08T00:00:00.000000000,26170.625023896733,26426.280428950584,25750.97806988336
2018-10-05T00:00:00.000000000,26090.559280320074,26276.237672789044,25943.164258019737
2018-10-04T00:00:00.000000000,26523.507375216086,26555.593593800328,26107.754480680123
2018-10-03T00:00:00.000000000,26689.569658189896,26901.08678233018,26483.256725192736
2018-10-02T00:00:00.000000000,27439.8153294823,27402.54546739637,26601.525148661276
2018-09-28T00:00:00.000000000,27501.100219627395,27575.292061661294,27250.0303373471
2018-09-27T00:00:00.000000000,27523.834936939285,27569.369321286496,27310.150119276943
2018-09-26T00:00:00.000000000,27219.387418153965,27675.97864803285,27139.64647544313
2018-09-24T00:00:00.000000000,27494.348950745996,27451.800660979934,27008.480314257085
2018-09-21T00:00:00.000000000,27348.949472537566,27633.509104811157,27130.762027378445
2018-09-20T00:00:00.000000000,27262.896720128498,27280.95522194297,26915.782886568308
2018-09-19T00:00:00.000000000,26922.642158878843,27151.586710302265,26685.025460194123
2018-09-18T00:00:00.000000000,26419.184101680956,26830.634295926462,26236.330464466544
2018-09-17T00:00:00.000000000,26602.16983956231,26695.340508943435,26340.861606328355
2018-09-14T00:00:00.000000000,26933.52239194206,27004.44237263459,26628.81531787221
2018-09-13T00:00:00.000000000,26429.075222647516,26703.24087606653,26238.30275016205
2018-09-12T00:00:00.000000000,26062.11463478815,26106.763158272737,25807.358325694022
2018-09-11T00:00:00.000000000,26310.3817710488,26328.960983609828,25925.69546742437
2018-09-10T00:00:00.000000000,26434.020783130796,26505.731697989115,25990.780895376065
2018-09-07T00:00:00.000000000,26508.204190379995,26826.684112364914,26215.621464663735
2018-09-06T00:00:00.000000000,26668.44035003826,26884.949319897754,26397.071748650273
2018-09-05T00:00:00.000000000,27358.840593504126,27472.539124678064,26724.47117410424
2018-09-04T00:00:00.000000000,27245.09270238869,27601.90763631877,27071.59345651327
2018-09-03T00:00:00.000000000,27348.949472537566,27440.937656185677,27134.70659876946
2018-08-31T00:00:00.000000000,27475.555820909532,27534.75451577245,27251.071454804303
2018-08-30T00:00:00.000000000,28262.889049847683,28218.136271920306,27835.854163521788
2018-08-29T00:00:00.000000000,28026.491258746908,28119.381682881598,27859.52159186786
2018-08-28T00:00:00.000000000,28089.52826106993,28119.18659453316,27737.369032706945
2018-08-27T00:00:00.000000000,27567.414401262973,27847.34185390858,27440.333982606684
2018-08-24T00:00:00.000000000,27187.426053388343,27363.7340001163,26995.764967224834
2018-08-23T00:00:00.000000000,27552.609660436687,27560.72294259788,27126.578416441174
2018-08-22T00:00:00.000000000,27349.291219755716,27486.85208916729,27045.92651542057
2018-08-21T00:00:00.000000000,27082.8058848826,27282.96853369885,26988.880048845025
2018-08-20T00:00:00.000000000,26849.877962549064,27140.151550399707,26692.828558513305
2018-08-17T00:00:00.000000000,26855.799858879578,26920.508879532747,26561.031549528423
2018-08-16T00:00:00.000000000,26451.13694296114,26953.996999754614,26349.56619929148
2018-08-15T00:00:00.000000000,27301.91604911161,27261.29975002588,26703.64771596729
2018-08-14T00:00:00.000000000,27544.71379866267,27487.837033879696,26992.814287919202
2018-08-13T00:00:00.000000000,27460.820267313724,27584.36161569567,27248.53982774062
2018-08-10T00:00:00.000000000,28118.150760000746,28149.719880617806,27709.829359187715
2018-08-09T00:00:00.000000000,27780.602669161464,28227.53051289803,27620.325420250218
2018-08-08T00:00:00.000000000,27921.74119837204,27946.82126986178,27679.339006362854
2018-08-07T00:00:00.000000000,27445.02854376569,27808.929010124673,27314.43833223306
2018-08-06T00:00:00.000000000,27467.729146365993,27594.211062819748,27176.739964636912
2018-08-03T00:00:00.000000000,27381.861649573544,27325.321156332393,27073.4661889398
2018-08-02T00:00:00.000000000,27832.912753414337,27775.440889902802,27047.89363495766
2018-08-01T00:00:00.000000000,28292.8467017509,28287.61214035491,27699.993761502275
2018-07-31T00:00:00.000000000,28266.19816826359,28235.410070597292,27955.719301323694
2018-07-30T00:00:00.000000000,28228.692824837002,28402.850671706638,28112.105304522174
2018-07-27T00:00:00.000000000,28375.75325037809,28401.865726994227,28117.023103364896
2018-07-26T00:00:00.000000000,28612.131321008535,28648.84085272792,28117.97872559078
2018-07-25T00:00:00.000000000,28395.372750394836,28511.072923645315,28246.698854646285
2018-07-24T00:00:00.000000000,27881.063778302327,28255.218198206192,27721.99237437422
2018-07-23T00:00:00.000000000,27770.71396053535,27929.495451589457,27572.63772081363
2018-07-20T00:00:00.000000000,27626.86509094626,27847.818750776198,27249.363503567358
2018-07-19T00:00:00.000000000,27823.918336958715,27863.563656957067,27467.499905478217
2018-07-18T00:00:00.000000000,27991.413596069302,27957.049037405977,27524.490496968443
2018-07-17T00:00:00.000000000,27968.75247277787,28020.028662129454,27631.593505113862
2018-07-16T00:00:00.000000000,28201.275303072565,28244.393575206843,27807.478261609554
2018-07-13T00:00:00.000000000,28318.521984449977,28310.325369839233,27981.39782529524
2018-07-12T00:00:00.000000000,27890.91644060295,28175.50961066554,27671.879957719022
2018-07-11T00:00:00.000000000,27666.27574014875,27912.766488772282,27406.578928367977
2018-07-10T00:00:00.000000000,28523.45736030293,28550.43518909749,28062.953326910563
2018-07-09T00:00:00.000000000,28242.656484735184,28389.04990074358,28036.423223975456
2018-07-06T00:00:00.000000000,27784.507687756224,28038.725738219237,27335.831987207697
2018-07-05T00:00:00.000000000,27627.85035717632,27809.440541960328,27237.57234670731
2018-07-04T00:00:00.000000000,27804.213012357468,27992.475076312934,27441.952398948117
2018-07-03T00:00:00.000000000,27969.73773900793,27971.809886950545,27291.615148982524
2018-06-29T00:00:00.000000000,27846.57946025015,28306.389143294015,27757.365844954358
2018-06-28T00:00:00.000000000,27952.00294686681,28071.19960721728,27809.443454419565
2018-06-27T00:00:00.000000000,28571.735405575982,28583.893114731836,27782.913351484458
2018-06-26T00:00:00.000000000,28289.599346301588,28389.137170681788,27783.488522239513
2018-06-25T00:00:00.000000000,28796.676146930822,28799.822859783373,28162.052700727676
2018-06-22T00:00:00.000000000,28430.562781225544,28774.399459981847,28336.699576885876
2018-06-21T00:00:00.000000000,29093.286707916646,29197.796848984195,28523.05462351278
2018-06-20T00:00:00.000000000,28856.389824225,29304.37956353675,28629.403838603528
2018-06-19T00:00:00.000000000,29251.8705722061,29263.31099462659,28555.252092301722
2018-06-15T00:00:00.000000000,29778.52562768588,29809.914090359416,29485.075963691463
2018-06-14T00:00:00.000000000,29958.64557231094,30058.281149958948,29533.860007311072
2018-06-13T00:00:00.000000000,30326.71676350127,30315.448617182083,29891.934887478998
2018-06-12T00:00:00.000000000,30325.737850758742,30544.259215395825,30122.19557336355
2018-06-11T00:00:00.000000000,30360.978709489733,30429.853916288954,30084.144019340256
2018-06-08T00:00:00.000000000,30726.113162452482,30708.533491036458,30049.01950793414
2018-06-07T00:00:00.000000000,30747.649242788088,30844.4508976677,30555.397880705677
2018-06-06T00:00:00.000000000,30381.53587708281,30583.372138167404,30275.377470329124
2018-06-05T00:00:00.000000000,30261.12960975193,30471.900308268403,30062.67904014763
2018-06-04T00:00:00.000000000,29954.72992134083,30263.62399450974,29851.93197171092
2018-06-01T00:00:00.000000000,29749.158245410057,29794.268921250787,29522.151836842364
2018-05-31T00:00:00.000000000,29460.378986364452,29836.315313230232,29247.985511700164
2018-05-30T00:00:00.000000000,29528.902878341374,29559.591384621308,29252.863916062124
2018-05-29T00:00:00.000000000,29997.802082012036,30029.92428094955,29678.26077642511
2018-05-28T00:00:00.000000000,29970.079339588596,30068.53640013099,29668.151134194835
2018-05-25T00:00:00.000000000,29892.057655658653,29974.992440885006,29644.819473298947
2018-05-24T00:00:00.000000000,29883.280216216535,29980.838938337878,29664.26252404552
2018-05-23T00:00:00.000000000,30360.1877592383,30343.321780416067,29672.039744344147
2018-05-21T00:00:00.000000000,30360.1877592383,30603.49091706896,30223.250233009476
2018-05-18T00:00:00.000000000,30126.122707448478,30281.93355716089,29924.79940404959
2018-05-17T00:00:00.000000000,30451.86323785598,30518.716704002287,29961.741200468077
2018-05-16T00:00:00.000000000,30124.172165350228,30289.728887098056,29787.725896286254
2018-05-15T00:00:00.000000000,30652.769073975578,30635.646653059768,30095.898250619426
2018-05-14T00:00:00.000000000,30525.983837589425,30669.751221534865,30389.48831689267
2018-05-11T00:00:00.000000000,30204.144391378417,30346.245029142505,30009.37667479718
2018-05-10T00:00:00.000000000,29731.13793255315,29914.578633871974,29619.543507328402
2018-05-09T00:00:00.000000000,29470.74056243697,29641.742086071186,29305.53823777126
2018-05-08T00:00:00.000000000,29072.829974394273,29490.707568538608,28971.11776493021
2018-05-07T00:00:00.000000000,29257.156202678758,29277.310411508708,28756.272054180587
2018-05-04T00:00:00.000000000,29289.34014729986,29397.163609292624,28818.48981656962
2018-05-03T00:00:00.000000000,29555.589143710782,29551.12137555164,29068.333018663074
2018-05-02T00:00:00.000000000,29745.766998290015,29874.627567944,29545.65991449143
2018-04-30T00:00:00.000000000,29497.072880763328,29937.96462368347,29388.17120344419
2018-04-27T00:00:00.000000000,29525.35574118793,29534.556299435164,29230.682492396954
2018-04-26T00:00:00.000000000,29581.92146203714,29675.846654546287,29006.115256274043
2018-04-25T00:00:00.000000000,29568.496533870813,29576.13086984381,29173.39775982356
2018-04-24T00:00:00.000000000,29446.256539013288,29753.488799823215,29256.532131649823
2018-04-23T00:00:00.000000000,29454.017808528053,29561.593334599598,29140.53068258992
2018-04-20T00:00:00.000000000,29677.154307077508,29926.970053737492,29306.79942624245
2018-04-19T00:00:00.000000000,29584.989231589687,29841.683180304775,29432.46766272401
2018-04-18T00:00:00.000000000,29588.86986634707,29568.377517713565,28956.861721578407
2018-04-17T00:00:00.000000000,29443.346062945253,29585.82256000662,28992.628835038544
2018-04-16T00:00:00.000000000,30072.00889364111,30044.239504707482,29153.09750623808
2018-04-13T00:00:00.000000000,30102.083813010817,30097.54380060293,29682.83745694497
2018-04-12T00:00:00.000000000,30159.3231756822,30190.584026165896,29585.202903986217
2018-04-11T00:00:00.000000000,29843.05144295558,30044.239504707482,29663.503882101653
2018-04-10T00:00:00.000000000,29263.86670541634,29865.9124057118,29131.83057391043
2018-04-09T00:00:00.000000000,29104.760680363688,29637.18851786951,28915.294535665274
2018-04-06T00:00:00.000000000,28910.728942494596,29052.779601052134,28576.956975907222
2018-04-04T00:00:00.000000000,29230.881309978595,29380.358728555075,28365.2543313729
2018-04-03T00:00:00.000000000,28973.78925730205,29360.975348229455,28758.692579434406
2018-03-29T00:00:00.000000000,29293.94162478605,29274.719305780458,28760.625936918736
2018-03-28T00:00:00.000000000,29507.37653644205,29694.369489830082,29297.13263882079
2018-03-27T00:00:00.000000000,29969.93904497507,29953.69493918164,29321.11304638365
2018-03-26T00:00:00.000000000,29048.6822226898,29593.658281539214,28575.6529308452
2018-03-23T00:00:00.000000000,29134.01969675412,29355.56952406599,28497.384391185595
2018-03-22T00:00:00.000000000,30624.51626080934,30684.41449971937,29578.826530628696
2018-03-21T00:00:00.000000000,30740.885543624325,30975.734483456927,29910.036082602885
2018-03-20T00:00:00.000000000,30352.987934241053,30571.177163847962,29730.591138017444
2018-03-19T00:00:00.000000000,30449.96233658687,30658.28280682597,29788.815295569104
2018-03-16T00:00:00.000000000,30454.811056704162,30561.498759072627,29845.13046434858
2018-03-15T00:00:00.000000000,30197.82889048774,30603.115899606564,29638.00518256645
2018-03-14T00:00:00.000000000,30333.59305377189,30483.10368039242,29696.229340118105
2018-03-13T00:00:00.000000000,30595.423940105597,30694.092904494704,30052.255746130708
2018-03-12T00:00:00.000000000,30500.389025806697,30622.47270915723,29921.490015236
2018-03-09T00:00:00.000000000,29906.905683450288,30045.63978454732,29414.65349622074
2018-03-08T00:00:00.000000000,29548.10039477076,29752.38411985469,29020.447314764428
2018-03-07T00:00:00.000000000,29237.782307264144,29647.857348281083,28692.101245948517
2018-03-06T00:00:00.000000000,29471.490616917567,29611.079410134815,28745.552931569713
2018-03-05T00:00:00.000000000,29470.520872894107,29688.506648337487,28434.38776170347
2018-03-02T00:00:00.000000000,29629.55889274125,29655.60007210135,29043.355180030656
2018-03-01T00:00:00.000000000,29586.89015570909,30083.38556317112,28975.586078618067
2018-02-28T00:00:00.000000000,30166.79708173708,30125.002703705057,29266.70686637636
2018-02-27T00:00:00.000000000,30789.372744797234,30753.131173624242,30015.984959459183
2018-02-26T00:00:00.000000000,30459.659776821452,30537.30274713429,29851.811925051228
2018-02-23T00:00:00.000000000,30325.49968932472,30356.349890296202,29690.53698280663
2018-02-22T00:00:00.000000000,30358.52976971417,30239.263462170675,29474.869533248107
2018-02-21T00:00:00.000000000,30012.685398577585,30376.67067534278,29404.252757728944
2018-02-20T00:00:00.000000000,30297.326973698426,30267.32549866357,29208.625203925858
2018-02-15T00:00:00.000000000,29775.645998135657,30032.18498598173,29246.79643393622
2018-02-14T00:00:00.000000000,29037.32655413621,29595.771935695684,28486.234675979835
2018-02-13T00:00:00.000000000,28831.374288178467,29115.81434602411,28267.704384170538
2018-02-12T00:00:00.000000000,28758.513816731152,28748.104902324114,27999.55149334777
2018-02-09T00:00:00.000000000,28689.539237094363,28679.401295738062,27740.941410027597
2018-02-08T00:00:00.000000000,29581.351407609487,29669.31382443568,28783.97027006063
2018-02-07T00:00:00.000000000,30319.670851608935,30362.155828880936,28692.359318035768
2018-02-06T00:00:00.000000000,29999.084777240754,30202.492517800674,29093.157233144528
2018-02-05T00:00:00.000000000,30782.09197706122,31281.429438130926,30188.671534441797
2018-02-02T00:00:00.000000000,31641.845540139526,31683.97451333934,30792.73124935571
2018-02-01T00:00:00.000000000,31889.571143060395,31911.373774574866,31078.061193683137
2018-01-31T00:00:00.000000000,31496.1245972449,31863.958609466183,30816.588268112188
2018-01-30T00:00:00.000000000,31907.05765620775,31915.244400298023,31160.129338205406
2018-01-29T00:00:00.000000000,32383.079402996867,32431.972934339596,31351.939769007455
2018-01-26T00:00:00.000000000,31872.765803409224,32098.420642433153,31263.252830331567
2018-01-25T00:00:00.000000000,31918.35791445893,31917.64165679526,31091.6861989456
2018-01-24T00:00:00.000000000,31853.3649050902,31900.24047101193,31199.3919175379
2018-01-23T00:00:00.000000000,31577.872148960054,31834.502658052697,30994.465107826887
2018-01-22T00:00:00.000000000,31369.31249203054,31303.76649166123,30511.21909608975
2018-01-19T00:00:00.000000000,31123.891128294883,31175.191063373317,30490.249841142577
2018-01-18T00:00:00.000000000,31228.655979217616,31130.721366371483,30345.37135241665
2018-01-17T00:00:00.000000000,30756.24410514937,30927.70753223267,30189.05508826499
2018-01-16T00:00:00.000000000,30465.230630364003,30894.838625753055,29905.970146478146
2018-01-15T00:00:00.000000000,30699.011455108248,30665.723012939252,29812.56164716801
2018-01-12T00:00:00.000000000,30298.382904820395,30364.10245936159,29733.450367140038
2018-01-11T00:00:00.000000000,30121.834730117273,30106.95160278576,29529.476705381167
2018-01-10T00:00:00.000000000,30076.242619067565,30258.72861211811,29501.835414768982
2018-01-09T00:00:00.000000000,30022.890148690247,30024.77933658672,29391.27025232025
2018-01-08T00:00:00.000000000,30013.189699530736,29920.37222188676,29292.142865297246
2018-01-05T00:00:00.000000000,29964.687453733175,29883.63638523307,29254.970095163622
2018-01-04T00:00:00.000000000,29819.180716340492,29770.528677641447,29157.74900404491
2018-01-03T00:00:00.000000000,29673.67397894781,29727.025713183128,29082.45031582551
2018-01-02T00:00:00.000000000,29120.748376855616,29549.146925175788,28597.298008184083
2017-12-29T00:00:00.000000000,29018.893660680737,29028.078084219505,28471.482478501042
2017-12-28T00:00:00.000000000,28808.39391391932,28799.92920394922,28281.806036024336
2017-12-27T00:00:00.000000000,28781.23265627269,28739.991786251096,28157.896802245585
2017-12-22T00:00:00.000000000,28706.195644256855,28679.872266825914,28089.07333828682
2017-12-21T00:00:00.000000000,28430.04363683971,28516.219688472484,27815.056885258666
2017-12-20T00:00:00.000000000,28334.751746956328,28410.66861722678,27811.237840617156
2017-12-19T00:00:00.000000000,28369.75693099512,28451.339672202186,27837.01639194733
2017-12-18T00:00:00.000000000,28191.813912131256,28235.395737451803,27527.673775985233
2017-12-15T00:00:00.000000000,28227.79146239335,28130.813024657895,27436.016704589056
2017-12-14T00:00:00.000000000,28510.750033373595,28507.504462406323,27731.0379031455
2017-12-13T00:00:00.000000000,28019.705090607193,28390.333089739073,27435.06194342868
2017-12-12T00:00:00.000000000,28152.919263199266,28128.8763077543,27438.88098807019
2017-12-11T00:00:00.000000000,27811.618718821035,28063.996291484007,27293.757291692906
2017-12-08T00:00:00.000000000,27642.426995966867,27806.412943306415,27048.383673476055
2017-12-07T00:00:00.000000000,27615.200741714474,27577.88034868269,26875.571903447846
2017-12-06T00:00:00.000000000,28097.494388471176,28058.186140773236,26892.75760433463
2017-12-05T00:00:00.000000000,28101.383853364376,28246.04768042155,27554.407088475786
2017-12-01T00:00:00.000000000,28519.501329383293,28454.244747557575,27733.902186626634
2017-11-30T00:00:00.000000000,28658.549699315165,28545.270442026347,27820.785452220924
2017-11-29T00:00:00.000000000,29012.491004596293,28892.911126220915,28221.785139579202
2017-11-28T00:00:00.000000000,28865.66370487802,28763.151093680324,28044.199563749105
2017-11-27T00:00:00.000000000,29149.09814113119,29053.07640137697,28337.65097932529
2017-11-24T00:00:00.000000000,29125.71104002508,29056.95596424145,28429.429748395676
2017-11-23T00:00:00.000000000,29282.59950994525,29259.663123910545,28305.145998612865
2017-11-22T00:00:00.000000000,29255.314558654787,29298.458752555347,28615.85537306989
2017-11-21T00:00:00.000000000,28600.47572768363,28952.20776690048,27996.348681844804
2017-11-20T00:00:00.000000000,28405.583218466025,28357.664757918872,27783.154249525058
2017-11-17T00:00:00.000000000,28487.43807233742,28427.496889479517,27859.63655708371
2017-11-16T00:00:00.000000000,28186.329145596217,28218.9703855137,27618.717288273958
2017-11-15T00:00:00.000000000,28331.524064963334,28201.512352623537,27597.684653695327
2017-11-14T00:00:00.000000000,28477.69344687654,28393.550714415313,27853.90038401681
2017-11-10T00:00:00.000000000,28294.49448821199,28300.441205667787,27713.36414387779
2017-11-09T00:00:00.000000000,28214.58855943277,28291.712189222704,27677.035047787427
2017-11-08T00:00:00.000000000,28122.014617554407,28251.946669861783,27590.03642293946
2017-11-03T00:00:00.000000000,27850.13956719585,27750.513169627702,27236.305750480693
2017-11-02T00:00:00.000000000,27802.390902437535,27751.48306034382,27193.28445247895
2017-11-01T00:00:00.000000000,27625.038719049513,27754.392732492182,27036.495721983712
2017-10-31T00:00:00.000000000,27496.409662965892,27490.582457707522,26921.772260645736
2017-10-30T00:00:00.000000000,27817.007840628856,27766.031421085623,27104.373769942016
2017-10-27T00:00:00.000000000,27596.77930521296,27630.24672082881,27042.231895050612
2017-10-26T00:00:00.000000000,27396.081311504677,27434.3491213887,26836.728077004056
2017-10-25T00:00:00.000000000,27528.58014003827,27506.11347626101,26922.75242173214
2017-10-24T00:00:00.000000000,27503.249481642142,27483.808338935833,26831.948946741384
2017-10-23T00:00:00.000000000,27806.24312630352,27687.463940600494,26966.720420148715
2017-10-20T00:00:00.000000000,27629.902773622784,27669.03795759274,27068.037981717345
2017-10-19T00:00:00.000000000,28010.836905656863,27905.66637095549,26817.611555953372
2017-10-18T00:00:00.000000000,27905.617247703714,27856.20715340836,27356.697449582687
2017-10-17T00:00:00.000000000,27996.22306427448,27894.028908003223,27371.990666423237
2017-10-16T00:00:00.000000000,27919.25683299394,27940.578759812288,27340.448406689604
2017-10-13T00:00:00.000000000,27671.79578558561,27650.611974584986,27103.403545661113
2017-10-12T00:00:00.000000000,27713.688797548435,27679.70563196565,27109.13850197632
2017-10-11T00:00:00.000000000,27848.136138266345,27743.711678203115,27036.495721983716
2017-10-10T00:00:00.000000000,27617.237444424718,27611.820431410764,26996.351027777277
2017-10-09T00:00:00.000000000,27690.306651336625,27611.820431410764,27006.865114355154
2017-10-06T00:00:00.000000000,27863.724235740887,27758.25850689345,27132.078327237137
2017-10-04T00:00:00.000000000,27458.43370140284,27652.551551743694,26938.045638572687
2017-10-03T00:00:00.000000000,27034.632301313773,27294.699565961502,26464.911742568234
2017-09-29T00:00:00.000000000,26756.969315048522,26709.917052610115,26128.46097207618
2017-09-28T00:00:00.000000000,26855.36918035656,26806.89591054567,26191.54549154344
2017-09-27T00:00:00.000000000,26765.737619877953,26848.59681945796,26233.601837854945
2017-09-26T00:00:00.000000000,26638.18220214736,26714.830624725928,26070.232129751406
2017-09-25T00:00:00.000000000,27158.094091619096,27037.595249863207,26236.461027496898
2017-09-22T00:00:00.000000000,27268.11289969083,27149.060510796502,26570.829499973464
2017-09-21T00:00:00.000000000,27349.89679241672,27308.988928657316,26782.914645372886
2017-09-20T00:00:00.000000000,27309.97846382432,27258.587245452698,26743.74576716849
2017-09-19T00:00:00.000000000,27392.735974320756,27357.45208558484,26786.735999344048
2017-09-18T00:00:00.000000000,27196.065184670402,27300.265560410364,26657.765302817374
2017-09-15T00:00:00.000000000,26991.605452855674,27055.041986357115,26230.728996540158
2017-09-14T00:00:00.000000000,27078.257434434297,27013.36367139945,26430.394741533306
2017-09-13T00:00:00.000000000,27217.48477562242,27122.89040605564,26473.384973708868
2017-09-12T00:00:00.000000000,27261.297575297005,27172.322826121712,26612.864393656233
2017-09-11T00:00:00.000000000,27047.101665776812,27136.460089995348,26534.52663724744
2017-09-08T00:00:00.000000000,26809.538929763512,26823.388096243572,26289.00464460036
2017-09-07T00:00:00.000000000,27008.15695495496,26933.884094038316,26204.934857234824
2017-09-06T00:00:00.000000000,26882.560262554485,26800.125780918363,26128.50777781161
2017-09-05T00:00:00.000000000,27043.207194694627,26968.77756702613,26394.09187880728
2017-09-04T00:00:00.000000000,27076.310198893203,27013.36367139945,26377.851124429846
2017-09-01T00:00:00.000000000,27241.82521988608,27187.831036338517,26607.132362699493
2017-08-31T00:00:00.000000000,27193.144331358762,27106.412932700285,26577.516869422998
2017-08-30T00:00:00.000000000,27017.893132660425,27147.121984519403,26501.08978999978
2017-08-29T00:00:00.000000000,27073.389345581563,26983.316514104386,26423.707372083776
2017-08-28T00:00:00.000000000,27002.134999319464,27074.28989710105,26443.920454240244
2017-08-25T00:00:00.000000000,26739.39475355394,26877.533274999645,26073.251260510104
2017-08-24T00:00:00.000000000,26678.314917822474,26620.013578425744,26103.665143072576
2017-08-22T00:00:00.000000000,26462.111689757116,26518.741787638253,25927.83488450828
2017-08-21T00:00:00.000000000,26220.700910437503,26233.25178694209,25681.672522518264
2017-08-18T00:00:00.000000000,26235.243728468806,26251.5771586084,25589.480441000767
2017-08-17T00:00:00.000000000,26725.821456724727,26600.72371351384,25883.16449449465
2017-08-16T00:00:00.000000000,26238.152292075065,26421.327969833146,25695.929029969422
2017-08-15T00:00:00.000000000,26467.928816969637,26403.002598166837,25780.5176408463
2017-08-14T00:00:00.000000000,26260.451279723064,26267.009050537923,25667.416015067105
2017-08-11T00:00:00.000000000,26162.529638312295,26209.139455802215,25503.941396293812
2017-08-10T00:00:00.000000000,26899.365751898265,26780.119457194534,25865.10625172318
2017-08-09T00:00:00.000000000,26894.51814588783,26798.444828860844,26184.452018629145
2017-08-08T00:00:00.000000000,26758.785177595677,26820.628173509533,26194.906790759997
2017-08-07T00:00:00.000000000,26735.516668745593,26735.75276789716,26193.95635692992
2017-08-04T00:00:00.000000000,26710.30911749134,26596.86574053146,26102.7147092425
2017-08-03T00:00:00.000000000,26623.052209303525,26579.504862110745,26006.720892404694
2017-08-02T00:00:00.000000000,26666.68066339743,26673.060706933476,26120.77295201397
2017-08-01T00:00:00.000000000,26382.610951186,26526.457733603016,25863.205384063025
2017-07-31T00:00:00.000000000,26144.108735472648,26270.867023520303,25615.142154412853
2017-07-28T00:00:00.000000000,26159.621074706036,26026.850232384735,25538.157014176595
2017-07-27T00:00:00.000000000,26140.2306506643,26200.45901659186,25607.538683772236
2017-07-26T00:00:00.000000000,26013.367855654764,25964.610860133784,25401.67255730319
2017-07-25T00:00:00.000000000,25935.075476644324,25861.695010456646,25410.202333178713
2017-07-24T00:00:00.000000000,25827.785920222606,25877.084296389676,25303.106258297164
2017-07-21T00:00:00.000000000,25864.515678276886,25747.237196329734,25278.46468354566
2017-07-20T00:00:00.000000000,25848.083944410497,25753.970008925437,25265.19614329485
2017-07-19T00:00:00.000000000,25662.50200897834,25688.565543710058,25136.301752286967
2017-07-18T00:00:00.000000000,25601.60793641466,25526.978041413247,25034.892194655764
2017-07-17T00:00:00.000000000,25718.563218640134,25626.046569607126,25012.146125654373
2017-07-14T00:00:00.000000000,25519.449267082713,25425.02402210692,24946.751177275375
2017-07-13T00:00:00.000000000,25458.55519451904,25390.398128757606,24909.788815148117
2017-07-12T00:00:00.000000000,25057.427573663066,25174.948125695188,24569.54553300231
2017-07-11T00:00:00.000000000,24700.762291504387,24966.230935228472,24209.39944048029
2017-07-10T00:00:00.000000000,24531.612089938615,24628.62847507263,23984.782009091556
2017-07-07T00:00:00.000000000,24466.851727053432,24417.025793493467,23941.18537683889
2017-07-06T00:00:00.000000000,24691.096565700627,24616.124680252044,24069.132014971714
2017-07-05T00:00:00.000000000,24443.653985124412,24512.24700020409,23798.07469270514
2017-07-04T00:00:00.000000000,24822.55043663174,24764.246557357455,23822.716267456646
2017-07-03T00:00:00.000000000,24670.798541512733,24743.08628919954,24173.384831228086
2017-06-30T00:00:00.000000000,24719.127170531527,24694.99477065882,24116.51965872461
2017-06-29T00:00:00.000000000,24846.714751141135,24839.269326280973,24341.137090113345
2017-06-28T00:00:00.000000000,24825.450154372866,24785.40682551537,24233.09326235674
2017-06-27T00:00:00.000000000,24862.342036499576,24784.90457903822,24265.469536947552
2017-06-26T00:00:00.000000000,24686.340775709687,24742.774550006823,24198.52120644614
2017-06-23T00:00:00.000000000,24690.187797803454,24647.981984686183,24132.51581017715
2017-06-22T00:00:00.000000000,24563.23606870911,24718.83703351171,24058.024005816424
2017-06-21T00:00:00.000000000,24628.635444303167,24640.32197940775,23959.01591141293
2017-06-20T00:00:00.000000000,24831.56585974943,24774.37207178037,24223.980430721327
2017-06-19T00:00:00.000000000,24550.73324690436,24700.644520975427,24067.453348140567
2017-06-16T00:00:00.000000000,24525.72760329487,24481.37686988021,23983.532201455702
2017-06-15T00:00:00.000000000,24668.067420764288,24558.93442332437,23953.358306018446
2017-06-14T00:00:00.000000000,24777.707550436677,24688.19701239797,24099.51311204265
2017-06-13T00:00:00.000000000,24704.614130655085,24670.004499861687,24145.716889430947
2017-06-12T00:00:00.000000000,24823.871815561895,24723.624536810734,24094.79844088058
2017-06-09T00:00:00.000000000,24925.817901046747,24849.05712324512,24323.931459357234
2017-06-08T00:00:00.000000000,24765.204728631932,24815.544600151963,24280.55648466618
2017-06-07T00:00:00.000000000,24842.145170507294,24777.244573759785,24264.526602715137
2017-06-06T00:00:00.000000000,24649.79406581889,24740.859548687215,24163.632639846815
2017-06-05T00:00:00.000000000,24711.34641931918,24693.942016356796,24173.06198217096
2017-06-02T00:00:00.000000000,24720.963974553597,24684.367009758753,24158.917968684746
2017-06-01T00:00:00.000000000,24505.530737302586,24519.676896272387,23964.673516807416
2017-05-31T00:00:00.000000000,24540.1539361465,24534.039406169453,24007.105557266055
2017-05-29T00:00:00.000000000,24431.47556199755,24468.92936130275,23928.842015975675
2017-05-26T00:00:00.000000000,24687.302531233127,24629.7894721499,24124.972336317835
2017-05-25T00:00:00.000000000,24467.060516364905,24575.211934541043,23984.475135688113
2017-05-24T00:00:00.000000000,24407.431673911502,24335.836769589932,23859.064882777024
2017-05-23T00:00:00.000000000,24404.546407341175,24363.604288724262,23855.293145847365
2017-05-22T00:00:00.000000000,24315.10314366107,24341.581773548758,23756.285051443872
2017-05-19T00:00:00.000000000,24180.457370379187,24171.146656103567,23675.19270745625
2017-05-18T00:00:00.000000000,24120.82852792578,24166.359152804544,23613.901982349325
2017-05-17T00:00:00.000000000,24299.715055285997,24240.086703609486,23761.94265683836
2017-05-16T00:00:00.000000000,24370.884964020705,24271.684225383033,23767.600262232845
2017-05-15T00:00:00.000000000,24234.31567969194,24246.789208228118,23698.766063266605
2017-05-12T00:00:00.000000000,24051.582130237955,24030.39405911231,23537.524309523775
2017-05-11T00:00:00.000000000,24063.12319651926,24034.22406175153,23502.63574292445
2017-05-10T00:00:00.000000000,23854.422247932343,24002.626539977984,23372.510818851286
2017-05-09T00:00:00.000000000,23527.425369962057,23743.14386117098,23014.19581053388
2017-05-08T00:00:00.000000000,23538.004680719918,23460.681166528662,22970.820835842827
2017-05-05T00:00:00.000000000,23536.081169673034,23475.043676425732,22837.867109072424
2017-05-04T00:00:00.000000000,23612.059856024953,23543.98372393165,23041.540903273893
2017-05-02T00:00:00.000000000,23641.874277251656,23645.478793870923,23065.11425908425
2017-04-28T00:00:00.000000000,23649.568321439194,23563.13373712774,23083.03000950012
2017-04-27T00:00:00.000000000,23563.972079852854,23579.411248344415,22965.163230448343
2017-04-26T00:00:00.000000000,23588.015967938903,23598.561261540504,23114.14683916979
2017-04-25T00:00:00.000000000,23224.44861656778,23332.131011403755,22721.264538136675
2017-04-24T00:00:00.000000000,23195.690063775564,23081.39140220181,22472.45730249179
2017-04-21T00:00:00.000000000,23102.704076414066,23087.111697468776,22511.890902103434
2017-04-20T00:00:00.000000000,22800.73927209579,22952.684758695108,22302.51726607019
2017-04-19T00:00:00.000000000,22876.470127781962,22761.054867251798,22257.450295085455
2017-04-18T00:00:00.000000000,23307.84841966521,23180.543186829196,22403.917950785843
2017-04-13T00:00:00.000000000,23125.710918647837,23242.51305222131,22624.55832956527
2017-04-12T00:00:00.000000000,23043.269733976816,23176.72965665122,22510.952006874584
2017-04-11T00:00:00.000000000,23250.331314080777,23172.916126473243,22533.48549236695
2017-04-10T00:00:00.000000000,23349.06901200072,23234.885991865358,22742.859128400196
2017-04-07T00:00:00.000000000,23316.475985502875,23192.93715990762,22489.357416611067
2017-04-06T00:00:00.000000000,23304.01394595958,23244.4198173103,22707.181109703946
2017-04-05T00:00:00.000000000,23299.220853827544,23280.648354001074,22667.747510092304
2017-04-03T00:00:00.000000000,23202.400392760417,23139.54773741595,22695.914366957764
2017-03-31T00:00:00.000000000,23314.558748650063,23205.33113298604,22621.741643878722
2017-03-30T00:00:00.000000000,23467.93769687522,23339.75807175971,22763.514823434864
2017-03-29T00:00:00.000000000,23462.185986316774,23362.639252827565,22859.282136777423
2017-03-28T00:00:00.000000000,23383.47963386919,23282.46933216859,22845.152278400325
2017-03-27T00:00:00.000000000,23254.898802856897,23333.99610855946,22698.51617918084
2017-03-24T00:00:00.000000000,23442.01269873299,23329.22511074549,22823.5328535154
2017-03-23T00:00:00.000000000,23418.983296163624,23344.49230375019,22835.752528450357
2017-03-22T00:00:00.000000000,23321.10833524382,23277.698334354624,22772.77420378558
2017-03-21T00:00:00.000000000,23560.997945341376,23547.73681062527,23037.847152374652
2017-03-20T00:00:00.000000000,23364.28846506138,23396.97327970385,22835.752528450357
2017-03-17T00:00:00.000000000,23362.3693481806,23292.965527359323,22800.97345363548
2017-03-16T00:00:00.000000000,22975.667296703345,23219.4921610242,22506.761280201506
2017-03-15T00:00:00.000000000,22772.24090734062,22741.438180064513,22201.26940682757
2017-03-14T00:00:00.000000000,22853.803374773786,22810.140548585667,22325.34610616714
2017-03-13T00:00:00.000000000,22646.5387516495,22757.659572632005,22142.050982142777
2017-03-10T00:00:00.000000000,22547.704232289307,22509.567686305618,22017.034307808215
2017-03-09T00:00:00.000000000,22718.505634678768,22591.628848705885,22023.61413277319
2017-03-08T00:00:00.000000000,22696.435790549793,22706.13279624114,22121.37153225285
2017-03-07T00:00:00.000000000,22663.810803576525,22625.98003296646,22168.370282002685
2017-03-06T00:00:00.000000000,22649.41742697067,22603.07924345941,22140.171032152786
2017-03-03T00:00:00.000000000,22682.04241394394,22557.277664445308,22076.25273249301
2017-03-02T00:00:00.000000000,23067.784906980807,22983.804869014137,22250.1481065674
2017-03-01T00:00:00.000000000,22838.450439727545,22761.47637088318,22312.186456237185
2017-02-28T00:00:00.000000000,22959.354803216713,22911.285702241807,22307.4865812622
2017-02-27T00:00:00.000000000,22980.465088905297,22986.66746770252,22406.18395573686
2017-02-24T00:00:00.000000000,23154.145166615926,23032.46904671662,22528.38070508643
2017-02-23T00:00:00.000000000,23081.23542695087,23101.159397810185,22592.306652558782
2017-02-22T00:00:00.000000000,23018.87963714406,23016.249709761738,22526.500166803162
2017-02-21T00:00:00.000000000,23128.24209926677,23056.319450189094,22458.813495740236
2017-02-20T00:00:00.000000000,22997.77460059406,23057.273491627842,22517.099240266645
2017-02-17T00:00:00.000000000,23060.13039040087,22971.409762140647,22491.716738618048
2017-02-16T00:00:00.000000000,23063.967669773596,22982.858259405606,22499.23747984726
2017-02-15T00:00:00.000000000,22743.55484215092,22895.086447040918,22273.61524297084
2017-02-14T00:00:00.000000000,22687.914291246383,22586.931062325766,22148.582920035158
2017-02-13T00:00:00.000000000,22592.9416267714,22584.06893800953,22123.20041838656
2017-02-10T00:00:00.000000000,22630.355100655484,22578.34468937705,22107.21884327448
2017-02-09T00:00:00.000000000,22446.165690764603,22472.446089676174,21983.12661299245
2017-02-08T00:00:00.000000000,22302.267714287354,22394.214691698955,21707.67946547249
2017-02-07T00:00:00.000000000,22251.423762598726,22269.23526322315,21779.126507150024
2017-02-06T00:00:00.000000000,22200.579810910098,22227.2574399183,21688.877612399454
2017-02-03T00:00:00.000000000,22254.30172212827,22138.531586114867,21541.28306577613
2017-02-02T00:00:00.000000000,22323.372750837352,22328.38583242544,21667.255481365464
2017-02-01T00:00:00.000000000,22256.220361814634,22206.268528265875,21648.45362829243
2017-01-27T00:00:00.000000000,22304.186353973717,22285.453967681842,21843.992900251993
2017-01-26T00:00:00.000000000,22230.30535746253,22279.729065568346,21722.682431482033
2017-01-25T00:00:00.000000000,22137.235323379322,22011.735235363103,21576.924172742652
2017-01-24T00:00:00.000000000,22039.367864858836,21933.53063010748,21545.891769269107
2017-01-23T00:00:00.000000000,22020.17816710972,22034.624388120847,21490.40959336186
2017-01-20T00:00:00.000000000,22058.55756260795,21950.697494675787,21500.75372785304
2017-01-19T00:00:00.000000000,22147.789657141337,22020.318667647258,21587.268307233833
2017-01-18T00:00:00.000000000,21973.163407624386,22113.78270807471,21516.74011752123
2017-01-17T00:00:00.000000000,21924.229678364143,21816.223722224047,21375.68373809602
2017-01-16T00:00:00.000000000,21945.33834588817,21851.5111660589,21319.261186325937
2017-01-13T00:00:00.000000000,22000.02898447315,21933.53063010748,21522.382372698237
2017-01-12T00:00:00.000000000,22040.32734974629,21946.88263588283,21427.40441055193
2017-01-11T00:00:00.000000000,21876.255433991355,21914.456336142695,21420.821779512087
2017-01-10T00:00:00.000000000,21623.91090859049,21690.33338205646,21174.443303449392
2017-01-09T00:00:00.000000000,21674.763607625646,21589.239624043093,21131.186013758994
2017-01-06T00:00:00.000000000,21626.789363252858,21577.79504766422,21124.603382719153
2017-01-05T00:00:00.000000000,21355.255140102876,21452.858422194873,20882.926785970627
2017-01-04T00:00:00.000000000,21276.577379331506,21203.938885954412,20742.810782408254
2017-01-03T00:00:00.000000000,21031.908733030286,21167.69772742132,20559.437489155483
2016-12-30T00:00:00.000000000,20964.744790908382,21035.131384366057,20512.41869601375
2016-12-29T00:00:00.000000000,20676.899324671653,20790.026706918557,20227.484809574828
2016-12-28T00:00:00.000000000,20628.925080298864,20781.443274634403,20201.154285415458
2016-12-23T00:00:00.000000000,20694.20718247964,20603.966554584353,20210.554760914223
2016-12-22T00:00:00.000000000,20872.80418210572,20818.650840718532,20317.832464631883
2016-12-21T00:00:00.000000000,20872.80418210572,20921.69929806294,20449.57701305708
2016-12-20T00:00:00.000000000,20916.973332550875,20872.083374156373,20384.645771333235
2016-12-19T00:00:00.000000000,21074.445955877094,20998.031488688426,20496.628637494654
2016-12-16T00:00:00.000000000,21108.052918172325,21121.11714607202,20658.4862255599
2016-12-15T00:00:00.000000000,21421.07776697932,21294.772879745004,20684.83513524494
2016-12-14T00:00:00.000000000,21695.69465887748,21609.643166075133,21137.47176233437
2016-12-13T00:00:00.000000000,21553.585218314798,21436.94158478497,20969.026946847865
2016-12-12T00:00:00.000000000,21962.629959393875,21832.91482365468,21036.781286037967
2016-12-09T00:00:00.000000000,21940.545384171295,21826.23575697495,21341.675812393427
2016-12-08T00:00:00.000000000,22124.9035773337,22084.811052718786,21475.30242579613
2016-12-07T00:00:00.000000000,21892.535438035255,21804.29025217012,21389.66846931975
2016-12-06T00:00:00.000000000,21771.55037377243,21750.857718732284,21315.326902708388
2016-12-05T00:00:00.000000000,21681.291675036668,21611.55147084077,21055.601935812996
2016-12-02T00:00:00.000000000,21844.525491899214,21722.233147247727,21203.34403654697
2016-12-01T00:00:00.000000000,21988.55533030734,21962.679547718006,21504.474432947423
2016-11-30T00:00:00.000000000,21911.739416489672,21877.759985647153,21432.955963802317
2016-11-29T00:00:00.000000000,21845.485690821934,21822.419147443678,21361.43749465721
2016-11-28T00:00:00.000000000,21796.51554576317,21924.513452405263,21352.968202258446
2016-11-25T00:00:00.000000000,21738.863468163017,21758.364702994422,21234.37094476584
2016-11-24T00:00:00.000000000,21719.648491835476,21628.509621389752,21146.835639009492
2016-11-23T00:00:00.000000000,21775.371923185347,21787.964023066077,21296.492774657443
2016-11-22T00:00:00.000000000,21568.810927664283,21705.84978028665,21124.24588268527
2016-11-21T00:00:00.000000000,21420.85560994222,21470.010036489934,20901.17203898361
2016-11-18T00:00:00.000000000,21376.66116438888,21353.522389756334,20815.519212920946
2016-11-17T00:00:00.000000000,21311.33024487524,21356.38684008585,20811.754253533578
2016-11-16T00:00:00.000000000,21564.0071835824,21469.055219713428,20913.408156992562
2016-11-15T00:00:00.000000000,21376.66116438888,21399.35359502857,20919.055596073616
2016-11-14T00:00:00.000000000,21481.382785373975,21366.8898246274,20802.34185506515
2016-11-11T00:00:00.000000000,21760.96069093969,21680.06972732102,21113.892244370007
2016-11-10T00:00:00.000000000,21955.99270066423,21901.587219470162,21436.737511836967
2016-11-09T00:00:00.000000000,22241.335099128202,22105.91800964222,20616.917605237188
2016-11-08T00:00:00.000000000,22023.24511781062,21958.87622606046,21460.26850800803
2016-11-07T00:00:00.000000000,21756.156946857805,21841.433762550354,21293.669055116916
2016-11-04T00:00:00.000000000,21711.96250130446,21738.31355068782,21253.19574170269
2016-11-03T00:00:00.000000000,21847.428084413623,21826.156694126275,21321.90625052219
2016-11-02T00:00:00.000000000,21982.893667522785,21899.677585917154,21427.325113368544
2016-11-01T00:00:00.000000000,22020.36287136149,22233.863457693882,21561.922411467014
2016-10-31T00:00:00.000000000,21893.54402759972,22012.345965544737,21372.733202251682
2016-10-28T00:00:00.000000000,22177.92567724732,22093.505391547656,21472.50462601698
2016-10-27T00:00:00.000000000,22399.858653830415,22293.062097837188,21629.69168043967
2016-10-26T00:00:00.000000000,22499.674336564007,22390.3816382919,21900.516448346985
2016-10-25T00:00:00.000000000,22624.46454364423,22569.7718683366,22097.064367348383
2016-10-24T00:00:00.000000000,22419.040664296786,22559.275631472283,21834.687001791495
2016-10-20T00:00:00.000000000,22452.63802774146,22426.64136564136,21958.82252958185
2016-10-19T00:00:00.000000000,22381.60360217272,22357.938724347645,21805.53396117406
2016-10-18T00:00:00.000000000,22187.698818863453,22323.58740370079,21725.598204642392
2016-10-17T00:00:00.000000000,22225.13588098752,22129.884123386564,21557.26290559335
2016-10-14T00:00:00.000000000,22158.901078768016,22250.113745650564,21681.398433383707
2016-10-13T00:00:00.000000000,22479.515918497204,22345.534080780726,21580.77342222031
2016-10-12T00:00:00.000000000,22460.317425100246,22349.35089418593,21868.54214573432
2016-10-11T00:00:00.000000000,23058.350494415463,22974.354089288474,21987.97557019928
2016-10-07T00:00:00.000000000,22942.19960936387,22824.544163134124,22335.93121627831
2016-10-06T00:00:00.000000000,22883.64420450315,22901.834634589555,22366.965098225897
2016-10-05T00:00:00.000000000,22606.22597491712,22751.070505083902,22107.408994664245
2016-10-04T00:00:00.000000000,22652.302359069818,22597.443765524346,22100.826050008694
2016-10-03T00:00:00.000000000,22650.382509730123,22645.153933089427,22095.183526018223
2016-09-30T00:00:00.000000000,22562.06944010412,22434.274992451774,21817.759429820082
2016-09-29T00:00:00.000000000,22827.00864898213,22753.933115137806,22193.927695851464
2016-09-28T00:00:00.000000000,22559.189666094575,22553.55041136447,21971.988418892946
2016-09-27T00:00:00.000000000,22259.601959715725,22579.310268480956,21788.701622694072
2016-09-26T00:00:00.000000000,22633.123880271734,22496.305113686827,21889.270644936685
2016-09-23T00:00:00.000000000,22943.27190171027,22810.198170322095,22207.895864938982
2016-09-22T00:00:00.000000000,22916.386005114982,22978.116644388378,22269.929093611998
2016-09-21T00:00:00.000000000,22588.954193008045,22640.371531777786,22015.216897090984
2016-09-20T00:00:00.000000000,22535.182399817462,22463.866317560387,21983.260385350342
2016-09-19T00:00:00.000000000,22553.426401078552,22537.330649964384,21998.298743816526
2016-09-15T00:00:00.000000000,22292.249119867152,22397.080560829476,21791.52131490648
2016-09-14T00:00:00.000000000,22228.87522074968,22306.442748123245,21749.225931720335
2016-09-13T00:00:00.000000000,22608.158404861824,22548.77963683254,21779.302648652705
2016-09-12T00:00:00.000000000,22641.765775605938,22549.73371907155,21884.571157916
2016-09-09T00:00:00.000000000,22904.863478002713,23254.80049370214,22404.334422403528
2016-09-08T00:00:00.000000000,22747.388940801724,22790.162443302823,22219.17463378862
2016-09-07T00:00:00.000000000,22784.837153916593,22675.672574621265,22215.415044172074
2016-09-06T00:00:00.000000000,22629.28303790098,22646.096025211864,22108.266740100506
2016-09-05T00:00:00.000000000,22507.33629262948,22557.366376983657,22011.45730747444
2016-09-02T00:00:00.000000000,22180.864691115232,22211.03452422195,21688.132600451456
2016-09-01T00:00:00.000000000,21967.69793953828,22080.325257477172,21396.76440516912
2016-08-31T00:00:00.000000000,22032.03204924844,21918.131276844968,21472.896094904183
2016-08-30T00:00:00.000000000,21949.453938277187,21975.376211185743,21451.27845460904
2016-08-29T00:00:00.000000000,21974.4194136871,21873.289411611357,21377.02655968225
2016-08-26T00:00:00.000000000,21888.068642220256,21897.01037803539,21384.45511303567
2016-08-25T00:00:00.000000000,21854.49798479354,21810.35931070189,21321.601044486717
2016-08-24T00:00:00.000000000,22099.0842031882,21948.42969271681,21281.261866164255
2016-08-23T00:00:00.000000000,21983.984806296594,21925.576663969514,21440.742338601896
2016-08-22T00:00:00.000000000,22050.166959509268,21917.958987720413,21362.878343235283
2016-08-19T00:00:00.000000000,22156.633901634003,22041.746226768275,21442.618579454105
2016-08-18T00:00:00.000000000,21969.597381685144,22096.022170043107,21486.71023948098
2016-08-17T00:00:00.000000000,22033.86121161629,21929.38550209406,21342.239693861
2016-08-16T00:00:00.000000000,22060.717737557665,21954.142949903635,21418.227448375404
2016-08-15T00:00:00.000000000,21835.314751978272,21882.72723506833,21297.20991340802
2016-08-12T00:00:00.000000000,21801.744094551552,21726.564871961797,21277.509384459838
2016-08-11T00:00:00.000000000,21491.93488458498,21602.777632913938,20940.724151488583
2016-08-10T00:00:00.000000000,21563.872007642236,21519.935403704985,20962.30092128897
2016-08-09T00:00:00.000000000,21473.71081341048,21395.195955125986,20984.81581151546
2016-08-08T00:00:00.000000000,21395.05955886788,21404.71805043736,20823.45909822561
2016-08-05T00:00:00.000000000,21006.599094358713,21111.437514847046,20526.07492315071
2016-08-04T00:00:00.000000000,20974.946760213523,20831.487912692653,20387.233100087353
2016-08-03T00:00:00.000000000,20890.540535826345,20754.358940670525,20329.069633668918
2016-08-01T00:00:00.000000000,21025.78232717398,21181.90102015121,20564.537860620967
2016-07-29T00:00:00.000000000,21110.188551561158,21079.062390788375,20435.077241818646
2016-07-28T00:00:00.000000000,21213.778008763602,21126.67286734524,20653.659301100826
2016-07-27T00:00:00.000000000,21280.91932361704,21220.941610927846,20647.0924581181
2016-07-26T00:00:00.000000000,20988.4525792298,21238.055960040547,20498.971601481207
2016-07-25T00:00:00.000000000,21202.287782316802,21040.147459539294,20532.717850687965
2016-07-22T00:00:00.000000000,21029.68537623761,20931.6783775338,20490.535039179522
2016-07-21T00:00:00.000000000,21028.726473981613,21063.934538926464,20534.592642310563
2016-07-20T00:00:00.000000000,20758.31603779088,20864.12307207424,20272.12181514691
2016-07-19T00:00:00.000000000,20848.452849854457,20701.419449066,20280.5583774486
2016-07-18T00:00:00.000000000,20774.617376142804,20794.664800263705,20285.245356505093
2016-07-15T00:00:00.000000000,20712.288729503092,20716.643179873787,20182.13181726223
2016-07-14T00:00:00.000000000,20439.960488800367,20549.182140988112,19928.097552400268
2016-07-13T00:00:00.000000000,20539.686323423903,20423.586361823858,19959.969009984423
2016-07-12T00:00:00.000000000,20162.837736817666,20258.979772464645,19659.06495455752
2016-07-11T00:00:00.000000000,20106.26250371393,20014.448596364542,19530.641728409595
2016-07-08T00:00:00.000000000,19753.38647350758,19635.7582925208,19167.869549436975
2016-07-07T00:00:00.000000000,19823.386338195254,19741.372924999832,19263.483922189447
2016-07-06T00:00:00.000000000,19711.194774243777,19578.66930199159,19008.512261516185
2016-07-05T00:00:00.000000000,20053.522879634176,19947.844774080466,19420.96641848764
2016-07-04T00:00:00.000000000,20126.399451089834,20166.685904442427,19538.140894899985
2016-06-30T00:00:00.000000000,19876.125962275008,19941.184391852057,19325.352045735166
2016-06-29T00:00:00.000000000,19396.674834277248,19480.666534916454,18916.64747200891
2016-06-28T00:00:00.000000000,18954.620894263317,19162.871154303866,18522.00383545213
2016-06-27T00:00:00.000000000,19089.859099333647,19291.301824204384,18635.373222110895
2016-06-24T00:00:00.000000000,19713.30322406695,19977.21900613807,18330.858349709764
2016-06-23T00:00:00.000000000,19988.577783756882,19875.425471509912,19383.074354960434
2016-06-22T00:00:00.000000000,19652.87710120818,19776.485961217117,19132.90367517243
2016-06-21T00:00:00.000000000,19528.188276261524,19520.57511247903,19048.576479738273
2016-06-20T00:00:00.000000000,19422.682347460504,19422.58694363136,18844.317273019977
2016-06-17T00:00:00.000000000,19303.748391357534,19173.33548500913,18665.35622493193
2016-06-16T00:00:00.000000000,19318.135563466763,19182.84889946036,18537.92846294253
2016-06-15T00:00:00.000000000,19134.938905275903,19381.67926149107,18645.679879330622
2016-06-14T00:00:00.000000000,19483.10847031927,19371.214505594715,18892.102683766
2016-06-13T00:00:00.000000000,19680.69230061936,19547.212672942474,18954.87959592254
2016-06-10T00:00:00.000000000,20215.895103082716,20081.866565101605,19470.212456909063
2016-06-08T00:00:00.000000000,20234.118854421075,20127.530954467507,19668.849850598413
2016-06-07T00:00:00.000000000,20119.980622354517,20112.30949134554,19614.50565798529
2016-06-06T00:00:00.000000000,19883.071854955862,19798.36681445495,19289.3774711447
2016-06-03T00:00:00.000000000,19871.56211726848,19821.1990091379,19354.965289815715
2016-06-02T00:00:00.000000000,19667.264273317414,19642.346817454774,19142.273363554003
2016-06-01T00:00:00.000000000,19612.593019302338,19640.44413456453,19132.90367517243
2016-05-31T00:00:00.000000000,19471.598732631886,19710.84340150363,19014.845601564608
2016-05-30T00:00:00.000000000,19457.211560522654,19499.645600686323,18906.157216338357
2016-05-27T00:00:00.000000000,19603.001571229517,19638.541451674282,18997.04319363962
2016-05-26T00:00:00.000000000,19248.894018493356,19129.07550290955,18700.433796516827
2016-05-25T00:00:00.000000000,18978.846746380677,19134.700874326372,18564.64226479938
2016-05-24T00:00:00.000000000,18685.193943488917,18641.54331345148,18188.67523480618
2016-05-23T00:00:00.000000000,18688.97082841357,18692.171656202892,18204.37901738575
2016-05-20T00:00:00.000000000,18511.457236954884,18702.48483713374,18086.13877208076
2016-05-19T00:00:00.000000000,18580.3853868298,18499.033904225274,18070.43498950119
2016-05-18T00:00:00.000000000,18665.36529763449,18584.352037380435,18140.64013515103
2016-05-17T00:00:00.000000000,18743.735659821035,18766.23904652441,18217.31154421598
2016-05-16T00:00:00.000000000,18433.086874768338,18638.73062774307,18027.942401344713
2016-05-13T00:00:00.000000000,18601.15825391539,18511.222208961728,17965.12727102644
2016-05-12T00:00:00.000000000,18822.10602200758,18759.67611320478,18225.625311463988
2016-05-11T00:00:00.000000000,19111.037718743526,18988.44121748895,18348.4843163512
2016-05-10T00:00:00.000000000,18790.002500148035,18937.812874737538,18311.534239693392
2016-05-09T00:00:00.000000000,19036.444241481633,18945.313369959968,18445.478267577946
2016-05-06T00:00:00.000000000,19027.002029170002,18981.878284169325,18370.654362345886
2016-05-05T00:00:00.000000000,19083.655303039795,19117.8247600759,18655.16995261101
2016-05-04T00:00:00.000000000,19226.23270894544,19183.45409327218,18728.146354010183
2016-05-03T00:00:00.000000000,19790.877005181046,19676.61165414707,18938.76179095969
2016-04-29T00:00:00.000000000,19902.295110458304,19815.37081576206,19246.371179135946
2016-04-28T00:00:00.000000000,20168.56549764633,20220.397557773376,19511.487979155718
2016-04-27T00:00:00.000000000,20162.900170259352,20110.702815145312,19660.212037703397
2016-04-26T00:00:00.000000000,20035.555616545018,19999.201135031843,19388.55566613587
2016-04-25T00:00:00.000000000,20085.34389710001,20012.26336110557,19551.283834987218
2016-04-22T00:00:00.000000000,20082.525692540294,20059.847184659884,19611.042767051273
2016-04-21T00:00:00.000000000,20149.223200453587,20212.86183295217,19629.43013076329
2016-04-20T00:00:00.000000000,20195.253874928956,20062.646233104253,19418.894816260698
2016-04-19T00:00:00.000000000,20150.162601973494,20082.23957221485,19560.477516843224
2016-04-18T00:00:00.000000000,19810.099251767693,19774.344243334024,19326.038629515017
2016-04-15T00:00:00.000000000,20121.980556376326,20014.12939340182,19543.92888950241
2016-04-14T00:00:00.000000000,20134.1927761351,20102.765927473574,19580.703616926443
2016-04-13T00:00:00.000000000,19454.0660757235,19789.272501704007,19022.64712826674
2016-04-12T00:00:00.000000000,19207.003475988346,19190.27613460858,18752.3528817001
2016-04-11T00:00:00.000000000,19013.48676288781,19202.40534453419,18547.333776311112
2016-04-08T00:00:00.000000000,18769.242367712373,19022.33322794631,18357.024561891743
2016-04-07T00:00:00.000000000,19058.578035843275,19003.672904983836,18517.913994371887
2016-04-06T00:00:00.000000000,18844.394489304814,18877.715724987134,18429.654648554206
2016-04-05T00:00:00.000000000,19153.457589353733,19023.266244094433,18471.945585091846
2016-04-01T00:00:00.000000000,19544.24862163443,19439.391446157613,18803.837500093745
2016-03-31T00:00:00.000000000,19614.703735627343,19491.64035045254,19033.67954649395
2016-03-30T00:00:00.000000000,19255.852355023435,19447.788591490724,18839.692859332175
2016-03-29T00:00:00.000000000,19116.820930077414,19057.787841575013,18623.641335715984
2016-03-24T00:00:00.000000000,19159.9839602374,19125.86842112906,18622.72006135159
2016-03-23T00:00:00.000000000,19375.865815469588,19294.67820238543,18856.15888559199
2016-03-22T00:00:00.000000000,19471.604725181252,19375.818815475508,18915.897167385796
2016-03-21T00:00:00.000000000,19504.45631184702,19384.212672002068,18942.549631570724
2016-03-18T00:00:00.000000000,19230.380217378333,19303.07205891199,18827.668320428795
2016-03-17T00:00:00.000000000,19312.039875661812,19247.113015401592,18781.71579597202
2016-03-16T00:00:00.000000000,19054.85888290695,19055.919616741063,18537.248365861993
2016-03-15T00:00:00.000000000,19100.85110423902,19006.489128306876,18619.962909884183
2016-03-14T00:00:00.000000000,19142.1502417617,19117.4745646025,18670.51068678663
2016-03-11T00:00:00.000000000,18747.93120177249,18883.379232584,18231.20455297989
2016-03-10T00:00:00.000000000,18810.81852481839,18835.81404560016,18287.26663281715
2016-03-09T00:00:00.000000000,18663.455693203377,18653.01450346619,18209.147341240638
2016-03-08T00:00:00.000000000,18868.074147293013,18777.05704991424,18270.72372401271
2016-03-07T00:00:00.000000000,19029.516230336212,18930.944419567837,18438.9099635245
2016-03-04T00:00:00.000000000,18772.33523758135,18800.373318043574,18312.080996023808
2016-03-03T00:00:00.000000000,18771.39662081947,18711.77149915211,18158.599564338187
2016-03-02T00:00:00.000000000,18439.12628711428,18648.351249840325,18044.63730368539
2016-03-01T00:00:00.000000000,17990.467474936086,17930.210191456878,17455.525940149568
2016-02-29T00:00:00.000000000,18157.54125855056,18042.128278477674,17425.1972740081
2016-02-26T00:00:00.000000000,17939.782169794616,17916.220430579277,17503.316565584613
2016-02-25T00:00:00.000000000,17997.97640903112,17915.287779854105,17327.77792215974
2016-02-24T00:00:00.000000000,18088.057919407493,17979.799593203756,17440.710674680016
2016-02-23T00:00:00.000000000,18236.51967912181,18148.69371067282,17658.330950478165
2016-02-22T00:00:00.000000000,18066.582318945675,18138.48582445216,17683.93333586618
2016-02-19T00:00:00.000000000,17957.336873118154,17940.82402763397,17546.777699858943
2016-02-18T00:00:00.000000000,18102.063745795636,18050.326807091933,17608.040550608843
2016-02-17T00:00:00.000000000,17974.143864783928,17916.696296566963,17309.04126411307
2016-02-16T00:00:00.000000000,17731.376207389443,17884.21665859214,17274.295169657904
2016-02-15T00:00:00.000000000,17412.043365739777,17551.068371936133,17026.500653938165
2016-02-12T00:00:00.000000000,17067.50003659145,17152.96080933049,16657.094807625348
2016-02-11T00:00:00.000000000,17180.480369455807,17248.5437439421,16705.556465681235
2016-02-05T00:00:00.000000000,17916.253115712934,18011.351241522152,17543.120216232084
2016-02-04T00:00:00.000000000,17916.253115712934,17963.09577938813,17478.19988185533
2016-02-03T00:00:00.000000000,17740.71342498154,17652.21924448629,17128.910195490236
2016-02-02T00:00:00.000000000,18145.948668478486,18196.949172806835,17687.590819493038
2016-02-01T00:00:00.000000000,18380.312830040086,18295.316076387717,17744.281815709364
2016-01-29T00:00:00.000000000,17941.463603211592,18224.788862499536,17401.392725691276
2016-01-28T00:00:00.000000000,17775.261130072293,17826.68129989389,17343.787358568236
2016-01-27T00:00:00.000000000,17989.08341293128,17890.712586187106,17301.726296859353
2016-01-26T00:00:00.000000000,17734.329164245493,17741.92767099899,17203.9396391019
2016-01-25T00:00:00.000000000,18000.274116195502,18131.420896093226,17599.63207847995
2016-01-22T00:00:00.000000000,17757.65766880251,17795.8432009643,17137.2293664123
2016-01-21T00:00:00.000000000,17780.986173359528,17903.674260894924,16948.06462056644
2016-01-20T00:00:00.000000000,17990.942714372697,17980.829243431494,17145.45392057951
2016-01-19T00:00:00.000000000,17936.820583800414,18161.167395384433,17506.420464584888
2016-01-18T00:00:00.000000000,17888.297294321816,18072.857475613662,17492.712874306202
2016-01-15T00:00:00.000000000,18471.509908247277,18430.74504521099,17797.021378493017
2016-01-14T00:00:00.000000000,18247.5562644999,18492.097199999105,17790.62450302963
2016-01-13T00:00:00.000000000,18732.789159285883,18804.435442556773,18232.008910003296
2016-01-12T00:00:00.000000000,18684.26586980729,18695.6748045233,17983.444606283134
2016-01-11T00:00:00.000000000,18569.489627386756,18652.91421179219,18112.295954902776
2016-01-08T00:00:00.000000000,19085.516148188006,19167.9004807712,18534.489735486284
2016-01-07T00:00:00.000000000,19396.251828887493,19366.830194781145,18512.557591040386
2016-01-06T00:00:00.000000000,19790.970125992248,19753.534685566832,19080.051828577954
2016-01-05T00:00:00.000000000,19751.778238336454,19901.337603920012,19224.438446180106
2016-01-04T00:00:00.000000000,20348.98795499613,20317.788593996906,19338.66836516915
2015-12-31T00:00:00.000000000,20389.112982834202,20436.77459116173,19938.146980023652
2015-12-30T00:00:00.000000000,20674.65387861211,20608.74654018902,19990.235823082658
2015-12-29T00:00:00.000000000,20438.56941249508,20478.60560578999,19961.906803173373
2015-12-28T00:00:00.000000000,20649.610463232035,20632.045235958474,19948.200718947457
2015-12-24T00:00:00.000000000,20793.425586754907,20735.270559188953,20220.487445506926
2015-12-23T00:00:00.000000000,20432.02004907081,20573.457890341175,19937.236152777277
2015-12-22T00:00:00.000000000,20368.517267255513,20311.209771863745,19831.245346465537
2015-12-21T00:00:00.000000000,20190.149159509616,20321.4393084001,19703.325407813438
2015-12-18T00:00:00.000000000,20208.826448278818,20422.804715896695,19727.081967848826
2015-12-17T00:00:00.000000000,20337.699740786327,20467.442693509875,19857.743048043474
2015-12-16T00:00:00.000000000,20106.101360048197,20245.182763310917,19633.883155402298
2015-12-15T00:00:00.000000000,19858.62728385624,19909.467973345127,19381.698133488157
2015-12-14T00:00:00.000000000,19665.31734509498,19830.42155465512,19174.285090102254
2015-12-11T00:00:00.000000000,20255.51967020183,20220.073900903502,19606.47173997685
2015-12-10T00:00:00.000000000,20239.643974748004,20340.038465738922,19774.595087919606
2015-12-09T00:00:00.000000000,20303.1467565633,20319.579392666215,19833.072774160566
2015-12-08T00:00:00.000000000,20616.925207885928,20547.419070066822,19836.727629550627
2015-12-07T00:00:00.000000000,20837.317215362535,20819.896725080605,20304.549119478306
2015-12-04T00:00:00.000000000,20650.544327670494,20652.50430903118,20144.649196163184
2015-12-03T00:00:00.000000000,20834.515622047154,20909.172680306965,20334.7016764463
2015-12-02T00:00:00.000000000,21011.949865354592,20994.728804065562,20432.469058130406
2015-12-01T00:00:00.000000000,20735.525991570372,20913.822469641673,20191.248602386448
2015-11-30T00:00:00.000000000,20596.380190239805,20614.376036486592,19970.129851287817
2015-11-27T00:00:00.000000000,21094.12993593909,21005.888298468857,20074.293229904528
2015-11-26T00:00:00.000000000,21117.476546900598,21440.17862233042,20499.170168999
2015-11-25T00:00:00.000000000,21022.115702270145,21088.81851647434,20507.389928182183
2015-11-24T00:00:00.000000000,21218.40935711571,21155.906173134357,20485.446134064015
2015-11-23T00:00:00.000000000,21311.882526089787,21260.26475016105,20679.282982107827
2015-11-20T00:00:00.000000000,21046.418726203407,21264.923615206884,20501.90397965264
2015-11-19T00:00:00.000000000,20986.595898059997,21033.843908933493,20468.98828847539
2015-11-18T00:00:00.000000000,20859.47238825525,20827.92207390761,20246.807373028947
2015-11-17T00:00:00.000000000,20798.7148284221,20953.71143014514,20318.124703912992
2015-11-16T00:00:00.000000000,20454.733566597493,20562.366766295047,19948.737502923843
2015-11-13T00:00:00.000000000,21052.96184803159,20987.25525847515,20350.12607033532
2015-11-12T00:00:00.000000000,20845.451412909137,21293.808578491058,20390.35635955196
2015-11-11T00:00:00.000000000,20825.822047424583,20897.80504959513,20348.29742082547
2015-11-10T00:00:00.000000000,20966.0318008857,20934.14419695264,20389.442034797034
2015-11-09T00:00:00.000000000,21177.281162767114,21385.122333389416,20661.91081176428
2015-11-06T00:00:00.000000000,21411.89881689205,21353.44205107774,20762.486534805877
2015-11-05T00:00:00.000000000,21538.087595007055,21583.589984341965,20951.75175907507
2015-11-04T00:00:00.000000000,21225.887210633635,21754.104445019504,20719.513271324467
2015-11-03T00:00:00.000000000,21050.157652962367,21129.816528877684,20572.30698578176
2015-11-02T00:00:00.000000000,20956.68448398829,21043.161639025166,20325.43930195238
2015-10-30T00:00:00.000000000,21260.472283154046,21289.149713445226,20671.054059313516
2015-10-29T00:00:00.000000000,21540.89179007628,21499.730413516943,20821.00331912099
2015-10-28T00:00:00.000000000,21533.41393655835,21551.909702030287,21000.210971086024
2015-10-27T00:00:00.000000000,21623.163110459962,21568.68000482822,20926.17128681073
2015-10-26T00:00:00.000000000,21890.542791794716,21819.305271407,21075.160800209444
2015-10-23T00:00:00.000000000,21768.071679015513,21698.18525410127,21105.324321326974
2015-10-22T00:00:00.000000000,21268.83828799188,21313.396276045372,20757.986805428132
2015-10-20T00:00:00.000000000,21483.8639058485,21456.876911930623,20844.821184402845
2015-10-19T00:00:00.000000000,21524.99924143846,21493.212917122342,20908.80441101579
2015-10-16T00:00:00.000000000,21582.02777487,21551.90954089358,20959.990992306142
2015-10-15T00:00:00.000000000,21200.59102667217,21361.844282967664,20604.427061557068
2015-10-14T00:00:00.000000000,20921.992617449243,21013.391310103485,20396.024552017763
2015-10-13T00:00:00.000000000,21128.604189389735,21212.773492437533,20513.022452110003
2015-10-12T00:00:00.000000000,21019.221592480062,21204.388260470216,20518.506728676828
2015-10-09T00:00:00.000000000,21128.604189389735,21231.407341253802,20406.99310515141
2015-10-08T00:00:00.000000000,21058.487140088662,21056.249162380896,20247.035038619048
2015-10-07T00:00:00.000000000,20427.433696379012,20832.642976585703,19885.07278520868
2015-10-06T00:00:00.000000000,20695.748271704448,20636.05587157409,19818.34742031232
2015-10-05T00:00:00.000000000,20344.22813120841,20477.668156635827,19834.80025001279
2015-10-02T00:00:00.000000000,19798.250040650724,20057.474865829026,19290.942823802765
2015-09-30T00:00:00.000000000,19400.920094611316,19489.142476932902,18875.965896913094
2015-09-29T00:00:00.000000000,19258.81620802781,19198.454435399148,18508.5193669359
2015-09-25T00:00:00.000000000,19648.66700214177,19872.068070107176,19132.812849459344
2015-09-24T00:00:00.000000000,19935.449570420486,19889.69893753034,19176.580120522245
2015-09-23T00:00:00.000000000,20053.156536019033,20061.803441900924,19115.42972939022
2015-09-22T00:00:00.000000000,20353.963225881984,20585.559311958434,19832.805959685327
2015-09-21T00:00:00.000000000,20202.625698683853,20215.30205390712,19582.72824072749
2015-09-18T00:00:00.000000000,20309.122477082536,20560.44135726651,19788.084031842503
2015-09-17T00:00:00.000000000,20645.428093078383,20625.561980541865,19721.457486280742
2015-09-16T00:00:00.000000000,20243.72971841668,20535.323402574588,19663.95786476854
2015-09-15T00:00:00.000000000,20066.235087752204,20080.40933426531,19493.284385041843
2015-09-14T00:00:00.000000000,20197.020605083922,20173.43879608725,19470.467074917953
2015-09-10T00:00:00.000000000,20156.85076761775,20194.835572306292,19542.569774909443
2015-09-09T00:00:00.000000000,20084.918733085306,20481.366314717863,19501.498616686444
2015-09-08T00:00:00.000000000,19197.44557976293,19482.22989475025,18587.89351932588
2015-09-07T00:00:00.000000000,19061.054968831282,19517.581090242584,18599.758520590305
2015-09-04T00:00:00.000000000,19474.897712959504,19535.256687988753,18745.7893053832
2015-09-02T00:00:00.000000000,19429.122781893402,19712.942960068656,18814.24123575487
2015-09-01T00:00:00.000000000,19932.64702362052,19987.379872443373,19391.97552809177
2015-08-31T00:00:00.000000000,20055.02490055234,20111.109056666548,19375.54706480257
2015-08-28T00:00:00.000000000,20690.26884187783,20606.02579355926,19517.01438757069
2015-08-27T00:00:00.000000000,20189.54714695068,20205.999107724925,19514.27631035582
2015-08-26T00:00:00.000000000,19895.066676115875,20096.31792904303,19134.07096271804
2015-08-25T00:00:00.000000000,19370.75255643918,20243.58780740031,18900.540249063743
2015-08-24T00:00:00.000000000,20199.597257171434,20182.45691449729,19152.244559111372
2015-08-21T00:00:00.000000000,20771.406972058627,20844.708254280013,20083.64137426956
2015-08-20T00:00:00.000000000,21262.194789233792,21280.96053545157,20458.01745997217
2015-08-19T00:00:00.000000000,21898.263250582255,21790.384642976744,20965.06079934609
2015-08-18T00:00:00.000000000,22264.25871955728,22222.00579589807,21264.016460016377
2015-08-17T00:00:00.000000000,22361.11248233948,22247.94011409935,21502.090572769008
2015-08-14T00:00:00.000000000,22348.074475811107,22340.56267910393,21720.173729488975
2015-08-13T00:00:00.000000000,22209.312834901997,22297.030073551778,21598.41063365366
2015-08-12T00:00:00.000000000,22614.422323462142,22507.283296112168,21602.954032751994
2015-08-11T00:00:00.000000000,22941.303772852054,22993.551762386196,22247.208024895557
2015-08-10T00:00:00.000000000,22681.474928465203,22736.98725732352,21790.142075603297
2015-08-07T00:00:00.000000000,22498.01155088739,22774.962508975394,21917.35725035661
2015-08-06T00:00:00.000000000,22868.66345076541,22744.397062523884,22017.312030519926
2015-08-05T00:00:00.000000000,22689.856504090585,22717.536518672558,22074.55885915892
2015-08-04T00:00:00.000000000,22573.44573151583,22673.07768747036,21939.165566028605
2015-08-03T00:00:00.000000000,22849.10644097285,22738.839708623607,21910.087811799276
2015-07-31T00:00:00.000000000,22844.45001006986,22898.15052043148,22180.874398059903
2015-07-30T00:00:00.000000000,23049.332969801428,22999.10911628647,22188.143836617233
2015-07-29T00:00:00.000000000,22918.021618337105,22892.593166531205,22210.860832108898
2015-07-28T00:00:00.000000000,22674.02463902042,23143.60031769361,21957.339162421937
2015-07-27T00:00:00.000000000,23177.850462723956,23081.543199140542,22030.942227814925
2015-07-24T00:00:00.000000000,23543.845931698987,23415.910658807064,22733.35172841715
2015-07-23T00:00:00.000000000,23542.914645518387,23626.163881367454,22945.98280621912
2015-07-22T00:00:00.000000000,23644.424839203573,23525.205285512468,22844.210666416468
2015-07-21T00:00:00.000000000,23626.73040177221,23729.90115417258,22976.87792008778
2015-07-20T00:00:00.000000000,23787.842911015672,23659.5080047691,22954.160924596115
2015-07-17T00:00:00.000000000,23448.854741277984,23604.8606914164,22836.032548039468
2015-07-16T00:00:00.000000000,23352.932264676387,23277.903036950247,22535.259527729846
