Date,Open,High,Low,Close,Volume,Open Interest
2019-11-28,19220.0,19290.0,19180.0,19250.0,457.0,2261.0
2019-11-27,19320.0,19380.0,19190.0,19240.0,665.0,2168.0
2019-11-26,19170.0,19390.0,19170.0,19320.0,953.0,2156.0
2019-11-25,19060.0,19220.0,18890.0,19200.0,621.0,2128.0
2019-11-22,19110.0,19240.0,19100.0,19170.0,687.0,2053.0
2019-11-21,19140.0,19190.0,19100.0,19110.0,597.0,1856.0
2019-11-20,19150.0,19280.0,19100.0,19210.0,526.0,1803.0
2019-11-19,19130.0,19220.0,19100.0,19130.0,495.0,1717.0
2019-11-18,19240.0,19320.0,19100.0,19120.0,565.0,1604.0
2019-11-15,19100.0,19310.0,19070.0,19240.0,361.0,1612.0
2019-11-14,19070.0,19190.0,18950.0,19140.0,822.0,1594.0
2019-11-13,18980.0,19140.0,18950.0,19120.0,601.0,1556.0
2019-11-12,18880.0,18970.0,18820.0,18950.0,96.0,1384.0
2019-11-11,19050.0,19120.0,18870.0,18940.0,969.0,1387.0
2019-11-08,19260.0,19330.0,19060.0,19110.0,360.0,1299.0
2019-11-07,19280.0,19370.0,19120.0,19330.0,533.0,1277.0
2019-11-06,19350.0,19380.0,19020.0,19310.0,443.0,1294.0
2019-11-05,19410.0,19440.0,19330.0,19380.0,270.0,1250.0
2019-11-04,19420.0,19570.0,19410.0,19440.0,434.0,1250.0
2019-11-01,19340.0,19420.0,19300.0,19320.0,222.0,1171.0
2019-10-31,19460.0,19520.0,19260.0,19310.0,292.0,1096.0
2019-10-30,19480.0,19480.0,19330.0,19410.0,103.0,1064.0
2019-10-29,19360.0,19450.0,19340.0,19410.0,97.0,1003.0
2019-10-28,19360.0,19390.0,19320.0,19340.0,14.0,945.0
2019-10-25,19280.0,19360.0,19230.0,19340.0,75.0,861.0
2019-10-24,19250.0,19360.0,19230.0,19300.0,68.0,847.0
2019-10-23,19330.0,19330.0,19210.0,19260.0,44.0,833.0
2019-10-22,19250.0,19310.0,19140.0,19300.0,225.0,813.0
2019-10-21,19300.0,19300.0,19300.0,19300.0,2.0,852.0
2019-10-18,19350.0,19430.0,19310.0,19380.0,113.0,854.0
2019-10-17,19260.0,19350.0,19250.0,19280.0,52.0,848.0
2019-10-16,19240.0,19320.0,19240.0,19270.0,108.0,829.0
2019-10-15,19090.0,19350.0,19090.0,19280.0,50.0,814.0
2019-10-14,19200.0,19290.0,19100.0,19140.0,266.0,820.0
2019-10-11,18940.0,19090.0,18940.0,19050.0,91.0,802.0
2019-10-10,18980.0,19050.0,18940.0,19000.0,54.0,758.0
2019-10-09,18880.0,19010.0,18810.0,18960.0,84.0,737.0
2019-10-08,18900.0,18900.0,18900.0,18900.0,2.0,748.0
2019-10-07,18970.0,19000.0,18910.0,18960.0,10.0,748.0
2019-10-04,19050.0,19100.0,18880.0,18990.0,145.0,749.0
2019-10-03,18900.0,19040.0,18890.0,18980.0,94.0,730.0
2019-10-01,18970.0,19000.0,18900.0,18940.0,227.0,705.0
2019-09-30,19490.0,19500.0,18970.0,19060.0,185.0,685.0
2019-09-27,19070.0,19600.0,19060.0,19340.0,64.0,624.0
2019-09-26,19070.0,19070.0,19020.0,19050.0,5.0,599.0
2019-09-25,18980.0,19110.0,18980.0,19030.0,9.0,599.0
2019-09-24,19000.0,19000.0,18950.0,18980.0,13.0,598.0
2019-09-23,19110.0,19110.0,18930.0,19000.0,29.0,598.0
2019-09-20,19240.0,19250.0,19160.0,19180.0,37.0,588.0
2019-09-19,19170.0,19200.0,19170.0,19190.0,15.0,565.0
2019-09-18,19180.0,19240.0,19140.0,19230.0,76.0,579.0
2019-09-17,19350.0,19370.0,19050.0,19130.0,257.0,530.0
2019-09-16,19380.0,19500.0,19380.0,19430.0,91.0,402.0
2019-09-13,19400.0,19500.0,19350.0,19450.0,77.0,347.0
2019-09-12,19270.0,19350.0,19200.0,19330.0,49.0,323.0
2019-09-11,19200.0,19210.0,19180.0,19200.0,33.0,303.0
2019-09-10,19260.0,19290.0,19200.0,19240.0,55.0,296.0
2019-09-09,19100.0,19150.0,19100.0,19140.0,28.0,262.0
2019-09-06,19270.0,19270.0,19180.0,19190.0,34.0,243.0
2019-09-05,19230.0,19230.0,19220.0,19220.0,5.0,222.0
2019-09-04,19080.0,19210.0,19060.0,19180.0,30.0,219.0
2019-09-03,19190.0,19230.0,19110.0,19180.0,24.0,210.0
2019-09-02,0.0,0.0,0.0,19190.0,0.0,204.0
2019-08-29,19050.0,19250.0,19050.0,19170.0,64.0,205.0
2019-08-28,19020.0,19080.0,19020.0,19080.0,70.0,212.0
2019-08-27,19140.0,19180.0,19020.0,19090.0,104.0,195.0
2019-08-26,19020.0,19170.0,19020.0,19100.0,21.0,147.0
2019-08-23,19200.0,19200.0,19200.0,19200.0,1.0,137.0
2019-08-22,19440.0,19440.0,19360.0,19430.0,11.0,136.0
2019-08-21,19440.0,19440.0,19380.0,19410.0,2.0,127.0
2019-08-20,19280.0,19470.0,19280.0,19370.0,5.0,127.0
2019-08-19,19330.0,19330.0,19280.0,19310.0,3.0,130.0
2019-08-16,19600.0,19600.0,19330.0,19430.0,4.0,130.0
2019-08-14,0.0,0.0,0.0,19450.0,0.0,129.0
2019-08-13,0.0,0.0,0.0,19450.0,0.0,129.0
2019-08-12,0.0,0.0,0.0,19450.0,0.0,129.0
2019-08-09,0.0,0.0,0.0,19450.0,0.0,129.0
2019-08-08,19450.0,19450.0,19450.0,19450.0,1.0,129.0
2019-08-07,19570.0,19590.0,19160.0,19240.0,32.0,128.0
2019-08-06,19370.0,19370.0,19370.0,19370.0,1.0,129.0
2019-08-05,19100.0,19180.0,19050.0,19140.0,13.0,130.0
2019-08-02,19400.0,19520.0,19400.0,19480.0,6.0,125.0
2019-08-01,19530.0,19530.0,19500.0,19520.0,2.0,121.0
2019-07-31,19600.0,19720.0,19600.0,19670.0,8.0,120.0
2019-07-30,19700.0,19710.0,19700.0,19710.0,25.0,120.0
2019-07-29,19900.0,19900.0,19900.0,19900.0,1.0,117.0
2019-07-26,19820.0,19820.0,19820.0,19820.0,1.0,116.0
2019-07-25,0.0,0.0,0.0,20100.0,0.0,116.0
2019-07-24,19990.0,19990.0,19990.0,19990.0,1.0,116.0
2019-07-23,0.0,0.0,0.0,19830.0,0.0,115.0
2019-07-22,19900.0,19900.0,19820.0,19830.0,22.0,115.0
2019-07-19,19810.0,19830.0,19800.0,19820.0,25.0,101.0
2019-07-17,20050.0,20050.0,19920.0,19990.0,2.0,69.0
2019-07-15,0.0,0.0,0.0,19900.0,0.0,66.0
2019-07-12,0.0,0.0,0.0,19900.0,0.0,66.0
2019-07-11,0.0,0.0,0.0,19900.0,0.0,66.0
2019-07-08,20130.0,20200.0,20130.0,20170.0,5.0,52.0
2019-07-05,20200.0,20200.0,20100.0,20160.0,11.0,51.0
2019-07-04,20200.0,20200.0,20200.0,20200.0,1.0,41.0
2019-07-02,20250.0,20250.0,20200.0,20230.0,9.0,29.0
2019-06-28,20300.0,20300.0,20150.0,20210.0,9.0,20.0
2019-06-27,0.0,0.0,0.0,20500.0,0.0,13.0
2019-06-26,20430.0,20550.0,20430.0,20500.0,7.0,13.0
2019-06-25,0.0,0.0,0.0,20900.0,0.0,8.0
2019-06-24,0.0,0.0,0.0,20900.0,0.0,8.0
2019-06-20,0.0,0.0,0.0,20850.0,0.0,8.0
2019-06-19,0.0,0.0,0.0,20850.0,0.0,8.0
2019-06-18,0.0,0.0,0.0,20850.0,0.0,8.0
2019-06-14,0.0,0.0,0.0,20850.0,0.0,8.0
2019-06-13,0.0,0.0,0.0,20850.0,0.0,8.0
2019-06-12,0.0,0.0,0.0,20850.0,0.0,8.0
2019-06-11,0.0,0.0,0.0,20850.0,0.0,8.0
2019-06-10,0.0,0.0,0.0,20930.0,0.0,8.0
2019-06-07,0.0,0.0,0.0,20930.0,0.0,8.0
2019-06-06,0.0,0.0,0.0,20880.0,0.0,8.0
2019-06-05,0.0,0.0,0.0,20880.0,0.0,8.0
2019-06-04,0.0,0.0,0.0,20880.0,0.0,8.0
2019-06-03,0.0,0.0,0.0,20880.0,0.0,8.0
2019-05-30,0.0,0.0,0.0,20880.0,0.0,8.0
2019-05-29,0.0,0.0,0.0,20880.0,0.0,8.0
2019-05-28,20730.0,20910.0,20730.0,20880.0,6.0,8.0
2019-05-27,0.0,0.0,0.0,20900.0,0.0,7.0
2019-05-24,0.0,0.0,0.0,20900.0,0.0,7.0
2019-05-23,0.0,0.0,0.0,20510.0,0.0,7.0
2019-05-22,0.0,0.0,0.0,20510.0,0.0,7.0
2019-05-21,0.0,0.0,0.0,20510.0,0.0,7.0
2019-05-20,0.0,0.0,0.0,20510.0,0.0,7.0
2019-05-17,20530.0,20530.0,20500.0,20510.0,7.0,7.0
2019-05-16,0.0,0.0,0.0,20900.0,0.0,0.0
2019-05-15,0.0,0.0,0.0,20900.0,0.0,0.0
2019-05-14,0.0,0.0,0.0,21200.0,0.0,0.0
2019-05-13,0.0,0.0,0.0,22100.0,0.0,0.0
2019-05-10,0.0,0.0,0.0,23200.0,0.0,0.0
2019-05-09,0.0,0.0,0.0,23200.0,0.0,0.0
2019-05-08,0.0,0.0,0.0,23200.0,0.0,0.0
2019-05-07,0.0,0.0,0.0,23200.0,0.0,0.0
2019-05-06,0.0,0.0,0.0,23200.0,0.0,0.0
2019-05-03,0.0,0.0,0.0,23200.0,0.0,0.0
2019-05-02,0.0,0.0,0.0,23200.0,0.0,0.0
2019-05-01,0.0,0.0,0.0,23200.0,0.0,0.0
2019-04-30,22140.0,22400.0,22080.0,22370.0,1258.0,1248.0
2019-04-26,22160.0,22220.0,22120.0,22190.0,1480.0,1718.0
2019-04-25,22020.0,22150.0,22000.0,22100.0,2350.0,2425.0
2019-04-24,21970.0,22110.0,21900.0,22020.0,3339.0,3354.0
2019-04-23,22170.0,22190.0,21910.0,22010.0,5214.0,5239.0
2019-04-22,22180.0,22260.0,22110.0,22150.0,5006.0,6954.0
2019-04-18,22270.0,22320.0,22140.0,22150.0,2956.0,9041.0
2019-04-17,22290.0,22330.0,22160.0,22300.0,1097.0,9898.0
2019-04-16,22130.0,22260.0,22060.0,22220.0,2773.0,10171.0
2019-04-15,22320.0,22430.0,22030.0,22080.0,4413.0,11267.0
2019-04-12,21960.0,22310.0,21920.0,22260.0,4376.0,12523.0
2019-04-11,21980.0,22080.0,21890.0,21980.0,3954.0,13338.0
2019-04-10,22160.0,22210.0,21920.0,21950.0,4346.0,13502.0
2019-04-09,22280.0,22350.0,22100.0,22120.0,4366.0,14127.0
2019-04-08,22420.0,22540.0,22120.0,22240.0,5567.0,14990.0
2019-04-05,22200.0,22370.0,22120.0,22340.0,5654.0,15393.0
2019-04-04,21910.0,22150.0,21910.0,22130.0,4002.0,15823.0
2019-04-03,21820.0,21980.0,21810.0,21900.0,4142.0,15755.0
2019-04-02,21750.0,21840.0,21660.0,21740.0,4283.0,15754.0
2019-04-01,21520.0,21840.0,21520.0,21790.0,3817.0,15685.0
2019-03-29,21300.0,21540.0,21170.0,21490.0,3627.0,15573.0
2019-03-28,21200.0,21250.0,20940.0,21020.0,1047.0,1514.0
2019-03-27,21350.0,21390.0,21250.0,21280.0,1284.0,1793.0
2019-03-26,21340.0,21480.0,21300.0,21340.0,2400.0,2322.0
2019-03-22,21420.0,21500.0,21340.0,21360.0,2923.0,5482.0
2019-03-21,21270.0,21330.0,21240.0,21290.0,378.0,6788.0
2019-03-20,21150.0,21260.0,21140.0,21200.0,1817.0,6782.0
2019-03-19,21300.0,21340.0,21130.0,21170.0,3721.0,7314.0
2019-03-18,21210.0,21470.0,21210.0,21290.0,5685.0,8011.0
2019-03-15,21030.0,21180.0,20990.0,21170.0,1694.0,9044.0
2019-03-14,21230.0,21250.0,20950.0,21020.0,4709.0,9390.0
2019-03-13,21030.0,21250.0,21030.0,21220.0,4269.0,9876.0
2019-03-12,20890.0,21050.0,20790.0,21010.0,4167.0,10522.0
2019-03-11,20710.0,20990.0,20710.0,20940.0,5540.0,11049.0
2019-03-08,20810.0,20850.0,20680.0,20710.0,2629.0,12648.0
2019-03-06,20890.0,20990.0,20850.0,20970.0,2747.0,12961.0
2019-03-05,20780.0,20850.0,20720.0,20810.0,2175.0,12962.0
2019-03-01,20450.0,20650.0,20450.0,20620.0,2454.0,13082.0
2019-02-28,20490.0,20560.0,20390.0,20450.0,2397.0,12967.0
2019-02-27,20200.0,20220.0,20100.0,20170.0,982.0,1622.0
2019-02-26,20230.0,20300.0,20140.0,20170.0,914.0,1764.0
2019-02-25,20230.0,20350.0,20170.0,20310.0,2193.0,2097.0
2019-02-22,20290.0,20600.0,20160.0,20180.0,5500.0,3136.0
2019-02-20,20120.0,20170.0,20050.0,20080.0,2396.0,6355.0
2019-02-19,20210.0,20300.0,20060.0,20110.0,2748.0,7330.0
2019-02-18,20260.0,20260.0,19980.0,20050.0,1978.0,7807.0
2019-02-15,20200.0,20280.0,20090.0,20130.0,1650.0,8484.0
2019-02-14,20200.0,20300.0,20130.0,20160.0,2393.0,8829.0
2019-02-13,20200.0,20220.0,20070.0,20150.0,2663.0,9517.0
2019-02-11,20540.0,20740.0,20480.0,20510.0,2136.0,9760.0
2019-02-08,20640.0,20640.0,20500.0,20580.0,1486.0,10100.0
2019-02-07,20640.0,20750.0,20640.0,20680.0,1063.0,10123.0
2019-02-06,20570.0,20750.0,20570.0,20720.0,2496.0,10104.0
2019-02-05,20590.0,20650.0,20540.0,20550.0,1383.0,10631.0
2019-02-04,20860.0,20860.0,20540.0,20580.0,2616.0,10667.0
2019-02-01,20960.0,20960.0,20830.0,20900.0,1006.0,10395.0
2019-01-31,20970.0,21070.0,20850.0,20980.0,2472.0,10266.0
2019-01-30,20690.0,20740.0,20580.0,20680.0,820.0,1511.0
2019-01-29,20510.0,20660.0,20510.0,20640.0,1013.0,1609.0
2019-01-28,20600.0,20680.0,20480.0,20540.0,1067.0,1859.0
2019-01-25,20620.0,20700.0,20530.0,20600.0,1876.0,2164.0
2019-01-24,20710.0,20770.0,20600.0,20620.0,2988.0,2735.0
2019-01-23,20760.0,20820.0,20660.0,20680.0,2522.0,3704.0
2019-01-22,21000.0,21000.0,20760.0,20780.0,2179.0,4905.0
2019-01-21,20940.0,20990.0,20880.0,20950.0,2172.0,5790.0
2019-01-18,20940.0,21010.0,20880.0,20920.0,2290.0,6343.0
2019-01-17,20990.0,21030.0,20860.0,20890.0,2020.0,7021.0
2019-01-16,20710.0,20960.0,20700.0,20940.0,1454.0,7194.0
2019-01-15,20720.0,20860.0,20700.0,20740.0,1466.0,7431.0
2019-01-14,20680.0,20800.0,20510.0,20740.0,2251.0,7354.0
2019-01-11,20770.0,20840.0,20650.0,20680.0,1391.0,7776.0
2019-01-10,20940.0,21090.0,20720.0,20750.0,1697.0,7982.0
2019-01-09,20950.0,20950.0,20730.0,20920.0,2511.0,8090.0
2019-01-08,20940.0,21000.0,20810.0,20890.0,1583.0,8204.0
2019-01-07,21200.0,21280.0,20880.0,20940.0,2087.0,8281.0
2019-01-04,21000.0,21120.0,21000.0,21070.0,1119.0,8274.0
2019-01-03,20890.0,21130.0,20870.0,21030.0,1855.0,8277.0
2019-01-02,21080.0,21150.0,20950.0,20970.0,2020.0,8147.0
2019-01-01,21040.0,21150.0,21030.0,21100.0,827.0,8066.0
2018-12-31,21020.0,21180.0,21020.0,21090.0,2197.0,8083.0
2018-12-28,20640.0,20710.0,20560.0,20690.0,757.0,937.0
2018-12-27,20730.0,20910.0,20590.0,20610.0,814.0,1049.0
2018-12-26,20570.0,20700.0,20420.0,20640.0,1731.0,1060.0
2018-12-24,20880.0,20880.0,20300.0,20630.0,3239.0,1670.0
2018-12-21,21020.0,21230.0,20740.0,20770.0,3560.0,2935.0
2018-12-20,21450.0,21510.0,21220.0,21270.0,1954.0,4006.0
2018-12-19,21410.0,21630.0,21410.0,21540.0,1101.0,4253.0
2018-12-18,21650.0,21710.0,21520.0,21560.0,2167.0,4260.0
2018-12-17,21880.0,21990.0,21700.0,21740.0,2853.0,4361.0
2018-12-14,21800.0,21980.0,21750.0,21890.0,1884.0,4926.0
2018-12-13,22030.0,22110.0,21800.0,21820.0,2328.0,4974.0
2018-12-12,22180.0,22200.0,22050.0,22070.0,1563.0,5143.0
2018-12-11,22210.0,22300.0,22070.0,22220.0,1802.0,5244.0
2018-12-10,21950.0,22240.0,21950.0,22180.0,2873.0,5537.0
2018-12-07,21730.0,21990.0,21650.0,21910.0,1231.0,5651.0
2018-12-06,21940.0,22030.0,21760.0,21790.0,2080.0,5587.0
2018-12-05,21910.0,22000.0,21840.0,21970.0,1307.0,5798.0
2018-12-04,21950.0,21990.0,21800.0,21900.0,1964.0,5899.0
2018-12-03,21560.0,22080.0,21560.0,22050.0,3842.0,5928.0
2018-11-30,21630.0,21690.0,21500.0,21520.0,1355.0,6570.0
2018-11-29,21800.0,21800.0,21570.0,21650.0,1837.0,6643.0
2018-11-28,21820.0,21830.0,21640.0,21780.0,1466.0,6846.0
2018-11-27,21720.0,21870.0,21640.0,21800.0,2390.0,6780.0
2018-11-26,21670.0,21810.0,21500.0,21710.0,2364.0,6384.0
2018-11-23,21930.0,21960.0,21710.0,21750.0,673.0,6093.0
2018-11-22,22000.0,22010.0,21860.0,21920.0,799.0,6149.0
2018-11-21,21760.0,22080.0,21720.0,22000.0,1343.0,6052.0
2018-11-20,22020.0,22190.0,21800.0,21820.0,1998.0,6075.0
2018-11-19,22410.0,22470.0,22010.0,22050.0,2152.0,5886.0
2018-11-16,22490.0,22560.0,22350.0,22430.0,1539.0,5554.0
2018-11-15,22510.0,22550.0,22470.0,22490.0,976.0,5410.0
2018-11-14,22500.0,22540.0,22420.0,22500.0,1327.0,5287.0
2018-11-13,22550.0,22630.0,22470.0,22500.0,1019.0,5061.0
2018-11-12,22580.0,22790.0,22500.0,22580.0,1686.0,4952.0
2018-11-09,22550.0,22700.0,22460.0,22490.0,896.0,4750.0
2018-11-08,22500.0,22590.0,22490.0,22570.0,239.0,4762.0
2018-11-07,22350.0,22520.0,22350.0,22450.0,428.0,4676.0
2018-11-06,22450.0,22640.0,22350.0,22370.0,779.0,4592.0
2018-11-05,22520.0,22590.0,22400.0,22520.0,1002.0,4637.0
2018-11-01,22340.0,22790.0,22260.0,22700.0,1134.0,4793.0
2018-10-31,22500.0,22600.0,22360.0,22390.0,528.0,4789.0
2018-10-30,22560.0,22620.0,22500.0,22500.0,333.0,4834.0
2018-10-29,22840.0,22860.0,22500.0,22550.0,973.0,4948.0
2018-10-26,22800.0,22900.0,22720.0,22790.0,689.0,5049.0
2018-10-25,22720.0,22840.0,22640.0,22710.0,1077.0,5088.0
2018-10-24,22780.0,23040.0,22740.0,22910.0,749.0,5073.0
2018-10-23,23010.0,23090.0,22800.0,22830.0,1174.0,5033.0
2018-10-22,22660.0,23030.0,22660.0,22980.0,1001.0,4741.0
2018-10-19,22590.0,22750.0,22580.0,22600.0,434.0,4597.0
2018-10-18,22390.0,22630.0,22380.0,22610.0,176.0,4583.0
2018-10-17,22760.0,22780.0,22460.0,22470.0,719.0,4547.0
2018-10-16,22900.0,22910.0,22730.0,22760.0,448.0,4672.0
2018-10-12,22460.0,22940.0,22460.0,22870.0,784.0,4663.0
2018-10-11,22400.0,22480.0,22380.0,22400.0,246.0,4644.0
2018-10-10,22430.0,22510.0,22350.0,22440.0,246.0,4621.0
2018-10-09,22460.0,22590.0,22420.0,22440.0,463.0,4605.0
2018-10-08,22400.0,22460.0,22350.0,22370.0,313.0,4576.0
2018-10-05,22080.0,22320.0,22080.0,22280.0,306.0,4563.0
2018-10-04,22260.0,22270.0,21990.0,22080.0,418.0,4536.0
2018-10-03,22050.0,22220.0,22040.0,22210.0,567.0,4584.0
2018-09-28,22100.0,22140.0,21900.0,21960.0,313.0,4458.0
2018-09-27,22310.0,22320.0,22120.0,22140.0,355.0,4445.0
2018-09-26,22370.0,22450.0,22270.0,22350.0,445.0,4412.0
2018-09-25,22320.0,22410.0,22230.0,22350.0,432.0,4290.0
2018-09-24,22490.0,22490.0,22320.0,22360.0,245.0,4241.0
2018-09-21,22320.0,22380.0,22200.0,22340.0,561.0,4259.0
2018-09-20,22370.0,22400.0,22300.0,22330.0,350.0,4300.0
2018-09-19,22400.0,22540.0,22330.0,22400.0,1026.0,4419.0
2018-09-18,22710.0,22730.0,22450.0,22480.0,917.0,4793.0
2018-09-17,22670.0,22760.0,22590.0,22730.0,830.0,4550.0
2018-09-14,22700.0,22700.0,22620.0,22670.0,557.0,4483.0
2018-09-13,22840.0,22840.0,22710.0,22730.0,291.0,4297.0
2018-09-12,22950.0,22980.0,22870.0,22900.0,131.0,4171.0
2018-09-11,23000.0,23100.0,22880.0,22930.0,942.0,4186.0
2018-09-10,22900.0,23040.0,22810.0,23030.0,1038.0,3752.0
2018-09-07,22580.0,22880.0,22460.0,22850.0,705.0,3387.0
2018-09-06,22650.0,22670.0,22600.0,22620.0,171.0,3168.0
2018-09-05,22560.0,22750.0,22500.0,22660.0,788.0,3108.0
2018-09-04,22510.0,22560.0,22410.0,22490.0,394.0,2725.0
2018-08-30,22610.0,22700.0,22490.0,22550.0,808.0,2280.0
2018-08-29,22750.0,22820.0,22550.0,22600.0,581.0,1986.0
2018-08-28,22670.0,22850.0,22620.0,22770.0,569.0,1811.0
2018-08-24,22650.0,22790.0,22580.0,22770.0,259.0,1405.0
2018-08-23,22640.0,22670.0,22580.0,22650.0,172.0,1293.0
2018-08-22,22720.0,22760.0,22700.0,22730.0,54.0,1213.0
2018-08-21,22820.0,22920.0,22800.0,22850.0,203.0,1210.0
2018-08-20,22830.0,22850.0,22750.0,22830.0,191.0,1260.0
2018-08-17,22940.0,22940.0,22670.0,22770.0,218.0,1303.0
2018-08-16,23000.0,23010.0,22770.0,23000.0,409.0,1302.0
2018-08-14,23180.0,23190.0,23000.0,23120.0,396.0,1276.0
2018-08-13,23420.0,23440.0,23110.0,23130.0,236.0,1464.0
2018-08-09,23320.0,23430.0,23300.0,23380.0,184.0,1480.0
2018-08-08,23420.0,23440.0,23350.0,23390.0,87.0,1488.0
2018-08-07,23400.0,23550.0,23330.0,23380.0,143.0,1440.0
2018-08-06,23300.0,23340.0,23200.0,23320.0,49.0,1454.0
2018-08-03,23450.0,23450.0,23170.0,23190.0,111.0,1476.0
2018-08-02,23420.0,23500.0,23380.0,23430.0,124.0,1453.0
2018-08-01,23460.0,23640.0,23400.0,23550.0,103.0,1436.0
2018-07-31,23310.0,23580.0,23300.0,23500.0,363.0,1408.0
2018-07-30,23000.0,23390.0,23000.0,23350.0,204.0,1256.0
2018-07-27,23000.0,23130.0,22970.0,23090.0,89.0,1171.0
2018-07-26,23000.0,23140.0,22900.0,22960.0,84.0,1129.0
2018-07-25,22910.0,23080.0,22900.0,22980.0,37.0,1071.0
2018-07-24,22800.0,22980.0,22740.0,22900.0,37.0,1065.0
2018-07-23,22900.0,22930.0,22820.0,22830.0,172.0,1066.0
2018-07-20,23170.0,23200.0,22960.0,22970.0,59.0,1071.0
2018-07-19,23200.0,23230.0,23100.0,23140.0,90.0,1092.0
2018-07-18,23080.0,23270.0,23080.0,23210.0,103.0,1126.0
2018-07-17,23000.0,23100.0,22920.0,23070.0,174.0,1115.0
2018-07-16,23070.0,23150.0,23000.0,23020.0,106.0,1102.0
2018-07-13,23100.0,23250.0,23000.0,23120.0,168.0,1091.0
2018-07-12,22830.0,23020.0,22830.0,22960.0,159.0,1081.0
2018-07-11,22700.0,22970.0,22700.0,22850.0,89.0,1016.0
2018-07-10,22940.0,22950.0,22790.0,22900.0,144.0,1035.0
2018-07-09,22750.0,22960.0,22750.0,22900.0,205.0,1073.0
2018-07-06,22540.0,22700.0,22540.0,22700.0,162.0,1084.0
2018-07-05,22450.0,22880.0,22400.0,22540.0,251.0,1054.0
2018-07-04,22270.0,22530.0,22270.0,22490.0,91.0,1037.0
2018-07-03,22320.0,22390.0,22200.0,22340.0,68.0,1007.0
2018-07-02,22590.0,22590.0,22420.0,22430.0,200.0,998.0
2018-06-29,22380.0,22390.0,22150.0,22370.0,195.0,1090.0
2018-06-28,22640.0,22640.0,22370.0,22430.0,61.0,1176.0
2018-06-27,22620.0,22650.0,22480.0,22590.0,136.0,1168.0
2018-06-26,22600.0,22650.0,22460.0,22580.0,132.0,1115.0
2018-06-25,22670.0,22700.0,22590.0,22650.0,122.0,1040.0
2018-06-22,22430.0,22690.0,22410.0,22660.0,78.0,1018.0
2018-06-21,22700.0,22700.0,22420.0,22490.0,94.0,995.0
2018-06-20,22480.0,22670.0,22400.0,22590.0,150.0,995.0
2018-06-19,22740.0,22740.0,22310.0,22380.0,255.0,1036.0
2018-06-18,23100.0,23100.0,22740.0,22790.0,293.0,1043.0
2018-06-15,23590.0,23590.0,23420.0,23440.0,84.0,1115.0
2018-06-14,23600.0,23730.0,23450.0,23690.0,191.0,1126.0
2018-06-13,23830.0,23920.0,23550.0,23600.0,175.0,1142.0
2018-06-12,23800.0,23860.0,23680.0,23810.0,108.0,1046.0
2018-06-11,23700.0,23850.0,23670.0,23750.0,35.0,962.0
2018-06-08,23290.0,23880.0,23290.0,23830.0,341.0,946.0
2018-06-07,22800.0,23240.0,22780.0,23190.0,113.0,819.0
2018-06-06,22690.0,22900.0,22610.0,22770.0,41.0,765.0
2018-06-05,22840.0,22880.0,22600.0,22810.0,101.0,764.0
2018-06-04,23420.0,23440.0,23080.0,23100.0,91.0,727.0
2018-06-01,22830.0,23270.0,22830.0,23080.0,85.0,705.0
2018-05-31,22800.0,22970.0,22620.0,22950.0,145.0,653.0
2018-05-30,23100.0,23220.0,22500.0,22610.0,154.0,597.0
2018-05-29,22670.0,23150.0,22670.0,23060.0,205.0,587.0
2018-05-28,22130.0,22300.0,22100.0,22260.0,72.0,469.0
2018-05-25,22250.0,22320.0,22000.0,22270.0,150.0,441.0
2018-05-24,22000.0,22250.0,21990.0,22200.0,51.0,350.0
2018-05-23,21650.0,22010.0,21650.0,21940.0,24.0,331.0
2018-05-22,21780.0,22340.0,21600.0,21810.0,89.0,328.0
2018-05-21,21720.0,21910.0,21610.0,21890.0,165.0,277.0
2018-05-18,21040.0,21500.0,21040.0,21400.0,106.0,164.0
2018-05-17,21000.0,21000.0,20900.0,20920.0,39.0,73.0
2018-05-16,21050.0,21100.0,21000.0,21040.0,31.0,53.0
2018-05-15,20940.0,20990.0,20940.0,20980.0,12.0,23.0
2018-05-14,0.0,0.0,0.0,20720.0,0.0,23.0
2018-05-11,0.0,0.0,0.0,20720.0,0.0,23.0
2018-05-10,20900.0,20900.0,20700.0,20720.0,11.0,23.0
2018-05-09,20800.0,20950.0,20800.0,20840.0,13.0,23.0
2018-05-08,0.0,0.0,0.0,20440.0,0.0,12.0
2018-05-04,0.0,0.0,0.0,20440.0,0.0,12.0
2018-05-03,0.0,0.0,0.0,20440.0,0.0,12.0
2018-05-02,20440.0,20440.0,20400.0,20440.0,12.0,12.0
2018-05-01,0.0,0.0,0.0,19850.0,0.0,0.0
2018-04-30,20580.0,20580.0,20350.0,20090.0,576.0,648.0
2018-04-27,20540.0,20590.0,20510.0,20570.0,413.0,752.0
2018-04-26,20600.0,20670.0,20500.0,20590.0,1040.0,866.0
2018-04-25,20460.0,20630.0,20360.0,20600.0,2209.0,1346.0
2018-04-24,20770.0,20780.0,20500.0,20520.0,1873.0,2321.0
2018-04-23,20850.0,20950.0,20820.0,20850.0,1776.0,3265.0
2018-04-20,20650.0,20890.0,20610.0,20810.0,1792.0,4026.0
2018-04-19,20630.0,20640.0,20550.0,20630.0,1091.0,4461.0
2018-04-18,20770.0,20830.0,20500.0,20650.0,2188.0,4894.0
2018-04-17,20910.0,20940.0,20720.0,20730.0,1686.0,5698.0
2018-04-16,20840.0,20980.0,20820.0,20910.0,1979.0,6306.0
2018-04-13,20840.0,20940.0,20780.0,20870.0,1235.0,7145.0
2018-04-12,20770.0,20890.0,20750.0,20780.0,2051.0,7304.0
2018-04-11,20730.0,20800.0,20670.0,20770.0,1485.0,7361.0
2018-04-10,20670.0,20790.0,20590.0,20730.0,1444.0,7574.0
2018-04-09,20660.0,20680.0,20530.0,20660.0,899.0,7494.0
2018-04-06,20580.0,20680.0,20500.0,20620.0,1756.0,7517.0
2018-04-05,20330.0,20520.0,20310.0,20490.0,1668.0,7631.0
2018-04-04,20640.0,20680.0,20150.0,20330.0,4198.0,7678.0
2018-04-03,20710.0,20710.0,20530.0,20610.0,1152.0,7820.0
2018-04-02,20500.0,20700.0,20500.0,20620.0,1979.0,7784.0
2018-03-29,20470.0,20500.0,20420.0,20430.0,324.0,7635.0
2018-03-28,20370.0,20610.0,20370.0,20450.0,1835.0,7522.0
2018-03-27,20140.0,20290.0,20090.0,20210.0,1804.0,926.0
2018-03-26,19980.0,20120.0,19930.0,20100.0,2210.0,1427.0
2018-03-23,20130.0,20190.0,19990.0,20000.0,1834.0,2306.0
2018-03-22,20260.0,20300.0,20130.0,20160.0,1591.0,3085.0
2018-03-21,20250.0,20380.0,20190.0,20340.0,2081.0,3797.0
2018-03-20,19950.0,20270.0,19850.0,20140.0,3345.0,4427.0
2018-03-19,20290.0,20360.0,19970.0,20020.0,3710.0,5339.0
2018-03-16,20420.0,20520.0,20310.0,20340.0,2264.0,6200.0
2018-03-15,20550.0,20610.0,20400.0,20430.0,2329.0,6629.0
2018-03-14,20680.0,20740.0,20480.0,20510.0,3283.0,7091.0
2018-03-13,20610.0,20740.0,20520.0,20660.0,2262.0,7701.0
2018-03-12,20920.0,20990.0,20600.0,20640.0,2370.0,7631.0
2018-03-09,20910.0,21030.0,20880.0,20940.0,2228.0,7480.0
2018-03-08,20750.0,20990.0,20750.0,20960.0,2655.0,7476.0
2018-03-07,20700.0,20820.0,20620.0,20710.0,3347.0,7451.0
2018-03-06,21240.0,21280.0,20740.0,20850.0,4958.0,7420.0
2018-03-05,20690.0,20950.0,20660.0,20860.0,2556.0,7535.0
2018-03-02,20620.0,20750.0,20600.0,20620.0,592.0,7374.0
2018-03-01,20630.0,20840.0,20530.0,20580.0,3523.0,7255.0
2018-02-28,20450.0,20690.0,20440.0,20640.0,4178.0,7544.0
2018-02-27,20240.0,20290.0,20110.0,20170.0,837.0,1283.0
2018-02-26,20100.0,20350.0,20090.0,20230.0,1843.0,1286.0
2018-02-23,20050.0,20060.0,19860.0,20000.0,2078.0,1678.0
2018-02-22,20070.0,20140.0,20010.0,20030.0,2435.0,2127.0
2018-02-21,19990.0,20210.0,19930.0,20010.0,3726.0,2926.0
2018-02-20,19500.0,20000.0,19460.0,19900.0,3917.0,4011.0
2018-02-19,19550.0,19590.0,19400.0,19440.0,2941.0,5572.0
2018-02-16,19540.0,19640.0,19410.0,19510.0,2192.0,6861.0
2018-02-15,19790.0,19830.0,19500.0,19560.0,2555.0,7373.0
2018-02-14,19860.0,19900.0,19670.0,19730.0,2494.0,7768.0
2018-02-13,19950.0,19970.0,19880.0,19910.0,505.0,8143.0
2018-02-12,20160.0,20160.0,19910.0,19960.0,2079.0,8251.0
2018-02-09,20160.0,20300.0,20000.0,20020.0,3344.0,8405.0
2018-02-08,19940.0,20260.0,19880.0,20180.0,3210.0,8489.0
2018-02-07,19820.0,20000.0,19810.0,19980.0,1940.0,8787.0
2018-02-06,19920.0,19950.0,19750.0,19780.0,2714.0,8888.0
2018-02-05,20150.0,20160.0,19930.0,20040.0,2062.0,9218.0
2018-02-02,20340.0,20450.0,20120.0,20160.0,3869.0,9271.0
2018-02-01,20110.0,20370.0,20020.0,20300.0,3520.0,9366.0
2018-01-31,20100.0,20170.0,19920.0,20050.0,4577.0,9636.0
2018-01-30,19850.0,20080.0,19780.0,19820.0,1071.0,1144.0
2018-01-29,20240.0,20240.0,19860.0,19900.0,1761.0,1243.0
2018-01-25,20320.0,20480.0,20320.0,20380.0,2815.0,1592.0
2018-01-24,20600.0,20620.0,20260.0,20310.0,3495.0,2550.0
2018-01-23,20870.0,20880.0,20570.0,20610.0,1694.0,3994.0
2018-01-22,20980.0,21020.0,20790.0,20810.0,2176.0,4203.0
2018-01-19,20750.0,20990.0,20730.0,20950.0,2745.0,4606.0
2018-01-18,20830.0,21040.0,20770.0,20810.0,3721.0,5018.0
2018-01-17,20640.0,20770.0,20600.0,20680.0,1698.0,5542.0
2018-01-16,0.0,0.0,0.0,20100.0,0.0,0.0
2018-01-15,0.0,0.0,0.0,20800.0,0.0,0.0
2018-01-12,20850.0,21170.0,20550.0,20720.0,7236.0,7077.0
2018-01-11,0.0,0.0,0.0,20180.0,0.0,1.0
2018-01-10,0.0,0.0,0.0,20180.0,0.0,1.0
2018-01-09,20180.0,20250.0,20030.0,20120.0,2341.0,8158.0
2018-01-08,0.0,0.0,0.0,20800.0,0.0,0.0
2018-01-05,0.0,0.0,0.0,20800.0,0.0,0.0
2018-01-04,0.0,0.0,0.0,20800.0,0.0,0.0
2018-01-03,0.0,0.0,0.0,20800.0,0.0,0.0
2018-01-02,20520.0,20610.0,20450.0,20520.0,12.0,40.0
2017-12-29,0.0,0.0,0.0,20100.0,0.0,0.0
2017-12-28,0.0,0.0,0.0,20780.0,0.0,27.0
2017-12-27,20800.0,20800.0,20640.0,20780.0,12.0,27.0
2017-12-26,20030.0,20190.0,19990.0,20060.0,1542.0,1821.0
2017-12-22,0.0,0.0,0.0,20100.0,0.0,0.0
2017-12-21,0.0,0.0,0.0,20100.0,0.0,0.0
2017-12-20,0.0,0.0,0.0,20100.0,0.0,0.0
2017-12-19,0.0,0.0,0.0,19200.0,0.0,0.0
2017-12-18,0.0,0.0,0.0,19080.0,0.0,0.0
2017-12-15,0.0,0.0,0.0,19900.0,0.0,0.0
2017-12-14,0.0,0.0,0.0,19300.0,0.0,0.0
2017-12-13,0.0,0.0,0.0,18480.0,0.0,0.0
2017-12-12,19370.0,19570.0,19290.0,19540.0,1400.0,5080.0
2017-12-11,0.0,0.0,0.0,19300.0,0.0,0.0
2017-12-08,0.0,0.0,0.0,19300.0,0.0,0.0
2017-12-07,19290.0,19320.0,19240.0,19280.0,22.0,191.0
2017-12-06,0.0,0.0,0.0,18600.0,0.0,0.0
2017-12-05,0.0,0.0,0.0,19300.0,0.0,0.0
2017-12-04,19080.0,19440.0,19080.0,19210.0,3695.0,3905.0
2017-10-13,18160.0,18170.0,18070.0,18090.0,345.0,3424.0
2017-10-12,18410.0,18470.0,18100.0,18200.0,777.0,3436.0
2017-10-11,18560.0,18570.0,18320.0,18370.0,577.0,3247.0
2017-10-10,18350.0,18580.0,18300.0,18530.0,377.0,3210.0
2017-10-09,18270.0,18350.0,18230.0,18320.0,405.0,3170.0
2017-10-06,18220.0,18250.0,18100.0,18230.0,333.0,3240.0
2017-10-05,18250.0,18400.0,18190.0,18220.0,562.0,3169.0
2017-10-04,18160.0,18220.0,18150.0,18180.0,196.0,3128.0
2017-10-03,18200.0,18200.0,18110.0,18180.0,693.0,3153.0
2017-09-29,18180.0,18300.0,18180.0,18290.0,279.0,3082.0
2017-09-28,18230.0,18350.0,18180.0,18200.0,520.0,3031.0
2017-09-27,18200.0,18300.0,18140.0,18280.0,312.0,3090.0
2017-09-26,18170.0,18290.0,18070.0,18200.0,692.0,3087.0
2017-09-25,18000.0,18180.0,17900.0,18130.0,349.0,2825.0
2017-09-22,17950.0,18020.0,17930.0,18000.0,390.0,2816.0
2017-09-21,17890.0,18010.0,17890.0,17990.0,566.0,2918.0
2017-09-20,17960.0,18020.0,17910.0,17970.0,429.0,2783.0
2017-09-19,18040.0,18060.0,17950.0,17960.0,256.0,2698.0
2017-09-18,18080.0,18100.0,17900.0,18070.0,679.0,2664.0
2017-09-15,17940.0,18070.0,17930.0,18010.0,742.0,2848.0
2017-09-14,18040.0,18100.0,17940.0,17950.0,598.0,2853.0
2017-09-13,17990.0,18070.0,17900.0,17940.0,1261.0,3040.0
2017-09-12,18340.0,18360.0,18160.0,18250.0,501.0,3235.0
2017-09-11,18630.0,18670.0,18380.0,18430.0,659.0,3319.0
2017-09-08,18740.0,18940.0,18700.0,18840.0,340.0,3420.0
2017-09-07,18840.0,18840.0,18580.0,18640.0,590.0,3316.0
2017-09-06,19040.0,19050.0,18780.0,18980.0,850.0,3362.0
2017-09-05,18450.0,19040.0,18440.0,18930.0,877.0,2991.0
2017-09-04,18360.0,18430.0,18300.0,18420.0,164.0,2670.0
2017-09-01,17950.0,17960.0,17930.0,17940.0,70.0,874.0
2017-08-31,18170.0,18220.0,18050.0,18190.0,534.0,2504.0
2017-08-30,18190.0,18210.0,18050.0,18200.0,401.0,2295.0
2017-08-29,18090.0,18230.0,18040.0,18180.0,415.0,2049.0
2017-08-28,18100.0,18150.0,17900.0,18090.0,219.0,1979.0
2017-08-25,18160.0,18170.0,18050.0,18090.0,272.0,2041.0
2017-08-24,18000.0,18090.0,17970.0,18070.0,118.0,1823.0
2017-08-23,17930.0,18080.0,17880.0,17990.0,152.0,1759.0
2017-08-22,17760.0,17830.0,17730.0,17790.0,71.0,1738.0
2017-08-21,17740.0,17740.0,17550.0,17660.0,187.0,1771.0
2017-08-18,17770.0,17840.0,17680.0,17700.0,228.0,1802.0
2017-08-17,17800.0,17810.0,17700.0,17760.0,219.0,1791.0
2017-08-16,17870.0,17870.0,17730.0,17750.0,582.0,1720.0
2017-08-14,18030.0,18030.0,17830.0,17860.0,155.0,1311.0
2017-08-11,18120.0,18120.0,17950.0,18050.0,615.0,1309.0
2017-08-10,18520.0,18550.0,18200.0,18290.0,302.0,1083.0
2017-08-09,18380.0,18510.0,18310.0,18420.0,156.0,977.0
2017-08-08,18270.0,18370.0,18260.0,18320.0,69.0,964.0
2017-08-07,18170.0,18370.0,18150.0,18310.0,38.0,963.0
2017-08-04,18050.0,18170.0,18030.0,18160.0,82.0,971.0
2017-08-03,18060.0,18140.0,18000.0,18060.0,95.0,911.0
2017-08-02,17950.0,18100.0,17950.0,18070.0,113.0,898.0
2017-08-01,17950.0,17960.0,17930.0,17940.0,70.0,874.0
2017-07-31,17900.0,17950.0,17870.0,17900.0,10.0,839.0
2017-07-28,18000.0,18010.0,17900.0,18000.0,32.0,836.0
2017-07-27,17980.0,18220.0,17980.0,18100.0,117.0,812.0
2017-07-26,17950.0,18310.0,17900.0,17960.0,143.0,774.0
2017-07-25,17940.0,18020.0,17910.0,17990.0,162.0,773.0
2017-07-24,17710.0,17950.0,17700.0,17850.0,144.0,751.0
2017-07-21,18000.0,18000.0,17550.0,17600.0,280.0,714.0
2017-07-20,17900.0,18040.0,17800.0,18000.0,106.0,621.0
2017-07-19,17990.0,18010.0,17820.0,17950.0,97.0,536.0
2017-07-18,18120.0,18120.0,17950.0,17980.0,138.0,454.0
2017-07-17,17720.0,18000.0,17720.0,17990.0,96.0,410.0
2017-07-14,17810.0,17850.0,17800.0,17820.0,51.0,342.0
2017-07-13,17950.0,17950.0,17900.0,17900.0,46.0,312.0
2017-07-12,18050.0,18050.0,17950.0,17970.0,13.0,281.0
2017-07-11,18050.0,18050.0,17850.0,17930.0,25.0,280.0
2017-07-10,18230.0,18370.0,18220.0,18240.0,83.0,271.0
2017-07-07,18230.0,18260.0,18110.0,18230.0,56.0,258.0
2017-07-06,18050.0,18190.0,18000.0,18110.0,30.0,248.0
2017-07-05,17950.0,17950.0,17950.0,17950.0,4.0,248.0
2017-07-04,18000.0,18000.0,17910.0,17960.0,9.0,248.0
2017-07-03,17980.0,18100.0,17980.0,18070.0,21.0,250.0
2017-06-30,17970.0,17970.0,17800.0,17870.0,8.0,255.0
2017-06-29,17850.0,17850.0,17770.0,17800.0,3.0,261.0
2017-06-28,17910.0,17910.0,17850.0,17890.0,25.0,262.0
2017-06-27,17850.0,18070.0,17850.0,17950.0,10.0,251.0
2017-06-26,17660.0,17660.0,17660.0,17660.0,2.0,247.0
2017-06-23,17850.0,17900.0,17840.0,17860.0,4.0,245.0
2017-06-22,17950.0,18000.0,17860.0,17890.0,44.0,245.0
2017-06-21,18100.0,18150.0,18100.0,18120.0,10.0,213.0
2017-06-20,18300.0,18300.0,18120.0,18200.0,7.0,208.0
2017-06-19,18400.0,18400.0,18350.0,18370.0,4.0,208.0
2017-06-16,18350.0,18500.0,18350.0,18460.0,29.0,210.0
2017-06-15,18490.0,18490.0,18400.0,18450.0,2.0,199.0
2017-06-14,18600.0,18600.0,18500.0,18590.0,38.0,199.0
2017-06-13,18730.0,18730.0,18550.0,18600.0,62.0,203.0
2017-06-12,18850.0,18850.0,18740.0,18750.0,58.0,152.0
2017-06-09,18840.0,18900.0,18840.0,18890.0,18.0,97.0
2017-06-08,18810.0,18880.0,18810.0,18830.0,3.0,81.0
2017-06-07,18740.0,18800.0,18740.0,18760.0,3.0,78.0
2017-06-06,18750.0,18850.0,18730.0,18840.0,32.0,75.0
2017-06-05,18900.0,18900.0,18800.0,18800.0,25.0,62.0
2017-06-02,18850.0,19000.0,18850.0,18990.0,22.0,37.0
2017-06-01,19700.0,19700.0,19700.0,19700.0,1.0,1.0
2017-05-31,0.0,0.0,0.0,19200.0,0.0,13.0
2017-05-30,0.0,0.0,0.0,19200.0,0.0,13.0
2017-05-29,19200.0,19200.0,19200.0,19200.0,1.0,13.0
2017-05-26,19200.0,19200.0,19200.0,19200.0,1.0,12.0
2017-05-25,0.0,0.0,0.0,18980.0,0.0,11.0
2017-05-24,0.0,0.0,0.0,18980.0,0.0,11.0
2017-05-23,18980.0,18980.0,18980.0,18980.0,1.0,11.0
2017-05-22,0.0,0.0,0.0,19280.0,0.0,11.0
2017-05-19,19250.0,19300.0,19250.0,19280.0,3.0,11.0
2017-05-18,0.0,0.0,0.0,19360.0,0.0,8.0
2017-05-17,0.0,0.0,0.0,19360.0,0.0,8.0
2017-05-16,19720.0,19720.0,19000.0,19360.0,2.0,8.0
2017-05-15,19690.0,19690.0,19110.0,19510.0,10.0,6.0
2017-05-12,0.0,0.0,0.0,19700.0,0.0,1.0
2017-05-11,0.0,0.0,0.0,19700.0,0.0,1.0
2017-05-10,0.0,0.0,0.0,19700.0,0.0,1.0
2017-05-09,0.0,0.0,0.0,19700.0,0.0,1.0
2017-05-08,0.0,0.0,0.0,19700.0,0.0,1.0
2017-05-05,0.0,0.0,0.0,19700.0,0.0,1.0
2017-05-04,0.0,0.0,0.0,19700.0,0.0,1.0
2017-05-03,0.0,0.0,0.0,19700.0,0.0,1.0
2017-05-02,0.0,0.0,0.0,19700.0,0.0,1.0
2017-04-28,20560.0,21190.0,20430.0,20600.0,178.0,228.0
2017-04-27,20790.0,20810.0,20550.0,20620.0,463.0,273.0
2017-04-26,20900.0,20910.0,20760.0,20860.0,742.0,389.0
2017-04-25,20830.0,20860.0,20680.0,20830.0,1718.0,725.0
2017-04-24,21140.0,21170.0,20830.0,20880.0,1645.0,1488.0
2017-04-21,21380.0,21390.0,21030.0,21110.0,1943.0,2248.0
2017-04-20,20980.0,21300.0,20980.0,21270.0,2625.0,2757.0
2017-04-19,20720.0,20980.0,20710.0,20950.0,2803.0,3565.0
2017-04-18,20800.0,20850.0,20630.0,20740.0,2032.0,4635.0
2017-04-17,20740.0,20740.0,20540.0,20660.0,2315.0,5386.0
2017-04-13,20670.0,20870.0,20570.0,20730.0,2518.0,5821.0
2017-04-12,20810.0,20820.0,20660.0,20720.0,1682.0,6077.0
2017-04-11,20830.0,21000.0,20780.0,20820.0,2385.0,6390.0
2017-04-10,20700.0,20830.0,20650.0,20770.0,1647.0,6946.0
2017-04-07,20900.0,20900.0,20630.0,20650.0,3618.0,7262.0
2017-04-06,21020.0,21100.0,20880.0,20900.0,3254.0,7382.0
2017-04-05,21000.0,21130.0,20940.0,21040.0,1964.0,7525.0
2017-04-04,21110.0,21180.0,20930.0,20960.0,2050.0,7457.0
2017-04-03,21240.0,21480.0,21160.0,21200.0,3957.0,7619.0
2017-03-31,21120.0,21180.0,20950.0,21040.0,2039.0,7777.0
2017-03-30,20800.0,20850.0,20630.0,20820.0,505.0,941.0
2017-03-29,21040.0,21120.0,20940.0,21060.0,1270.0,1167.0
2017-03-28,20840.0,21310.0,20840.0,21030.0,1464.0,1216.0
2017-03-27,20840.0,21310.0,20840.0,21030.0,1464.0,1216.0
2017-03-24,21320.0,21380.0,21240.0,21320.0,1720.0,1523.0
2017-03-23,21420.0,21580.0,21310.0,21350.0,1880.0,2260.0
2017-03-22,21170.0,21480.0,21160.0,21450.0,2259.0,2690.0
2017-03-21,21340.0,21420.0,21140.0,21160.0,2103.0,3348.0
2017-03-20,21520.0,21610.0,21450.0,21550.0,2259.0,3974.0
2017-03-15,21110.0,21340.0,20980.0,21310.0,3016.0,5176.0
2017-03-14,21150.0,21230.0,20950.0,21060.0,2812.0,5568.0
2017-03-13,21140.0,21230.0,21100.0,21190.0,606.0,6188.0
2017-03-10,21240.0,21320.0,21060.0,21260.0,3907.0,6193.0
2017-03-09,21540.0,21620.0,21290.0,21330.0,3974.0,6771.0
2017-03-08,21370.0,21580.0,21360.0,21550.0,3623.0,7644.0
2017-03-07,21490.0,21650.0,21440.0,21460.0,4366.0,7767.0
2017-03-06,21340.0,21580.0,21310.0,21520.0,4476.0,8159.0
2017-03-03,21100.0,21270.0,21020.0,21170.0,3205.0,8861.0
2017-03-02,21000.0,21400.0,20980.0,21270.0,5247.0,8875.0
2017-03-01,20620.0,20780.0,20600.0,20740.0,822.0,4298.0
2017-02-28,21050.0,21150.0,20970.0,20690.0,795.0,703.0
2017-02-27,21300.0,21320.0,21040.0,21090.0,1085.0,1315.0
2017-02-24,21200.0,21380.0,21150.0,21300.0,304.0,1942.0
2017-02-23,20730.0,21030.0,20680.0,21000.0,2183.0,2120.0
2017-02-22,20670.0,20770.0,20660.0,20730.0,1637.0,2920.0
2017-02-21,20600.0,20680.0,20580.0,20610.0,1367.0,3454.0
2017-02-20,20430.0,20540.0,20370.0,20520.0,2165.0,3966.0
2017-02-17,20700.0,20700.0,20420.0,20460.0,3831.0,4730.0
2017-02-16,20750.0,20810.0,20710.0,20740.0,1379.0,5662.0
2017-02-15,20750.0,20860.0,20730.0,20760.0,1469.0,5818.0
2017-02-14,20720.0,20870.0,20690.0,20760.0,3579.0,5933.0
2017-02-13,20890.0,20890.0,20660.0,20780.0,3595.0,6788.0
2017-02-10,20690.0,20820.0,20660.0,20770.0,2159.0,7336.0
2017-02-09,20640.0,20680.0,20600.0,20610.0,1307.0,7462.0
2017-02-08,20570.0,20700.0,20520.0,20600.0,1777.0,7439.0
2017-02-07,20560.0,20650.0,20520.0,20630.0,1644.0,7333.0
2017-02-06,20700.0,20740.0,20550.0,20600.0,2387.0,7520.0
2017-02-03,20780.0,20880.0,20660.0,20790.0,2177.0,7668.0
2017-02-02,20640.0,20900.0,20630.0,20780.0,4480.0,7840.0
2017-01-31,20090.0,20160.0,20020.0,20290.0,570.0,164.0
2017-01-30,20520.0,20530.0,20130.0,20150.0,648.0,346.0
2017-01-27,20440.0,20540.0,20340.0,20520.0,609.0,755.0
2017-01-25,20340.0,20530.0,20110.0,20450.0,1398.0,1041.0
2017-01-24,20650.0,20740.0,20090.0,20270.0,2380.0,1724.0
2017-01-23,20310.0,20590.0,20240.0,20570.0,2629.0,2453.0
2017-01-20,20180.0,20230.0,20070.0,20200.0,2120.0,3078.0
2017-01-19,20110.0,20250.0,20070.0,20160.0,1882.0,3655.0
2017-01-18,19930.0,20130.0,19920.0,20020.0,2191.0,3932.0
2017-01-17,19820.0,20060.0,19820.0,19950.0,1992.0,4074.0
2017-01-16,19960.0,20030.0,19760.0,19780.0,2247.0,4306.0
2017-01-13,20250.0,20270.0,19940.0,19990.0,3651.0,4539.0
2017-01-12,20380.0,20500.0,20310.0,20390.0,2458.0,4914.0
2017-01-11,20180.0,20470.0,20180.0,20410.0,3416.0,4994.0
2017-01-10,20120.0,20290.0,20040.0,20200.0,3187.0,5295.0
2017-01-09,19930.0,20240.0,19930.0,20210.0,2668.0,5561.0
2017-01-06,20000.0,20050.0,19880.0,19950.0,2467.0,5869.0
2017-01-05,19910.0,20240.0,19840.0,20030.0,4940.0,5851.0
2017-01-04,19680.0,19860.0,19460.0,19820.0,3417.0,6375.0
2017-01-03,19540.0,19790.0,19540.0,19710.0,2688.0,6571.0
2017-01-02,19350.0,19570.0,19350.0,19550.0,1667.0,6795.0
2016-12-30,19250.0,19340.0,19230.0,19330.0,1116.0,6629.0
2016-12-29,19150.0,19200.0,18930.0,18980.0,565.0,215.0
2016-12-28,19120.0,19190.0,19100.0,19150.0,457.0,573.0
2016-12-27,18980.0,19120.0,18960.0,19080.0,689.0,816.0
2016-12-26,18950.0,19060.0,18940.0,18990.0,768.0,1200.0
2016-12-23,18830.0,18950.0,18830.0,18900.0,603.0,1562.0
2016-12-22,19100.0,19100.0,18870.0,18890.0,708.0,1788.0
2016-12-21,18730.0,19000.0,18700.0,18990.0,1305.0,1944.0
2016-12-20,18750.0,18780.0,18650.0,18740.0,1156.0,2378.0
2016-12-19,19000.0,19020.0,18790.0,18800.0,1307.0,2708.0
2016-12-16,19090.0,19150.0,19010.0,19040.0,746.0,2971.0
2016-12-15,18940.0,19080.0,18940.0,19050.0,929.0,3242.0
2016-12-14,18940.0,19140.0,18940.0,19070.0,965.0,3479.0
2016-12-13,18860.0,19040.0,18850.0,18960.0,1238.0,3475.0
2016-12-12,18770.0,18840.0,18770.0,18820.0,307.0,3659.0
2016-12-09,18810.0,18900.0,18760.0,18820.0,842.0,3708.0
2016-12-08,18770.0,18830.0,18670.0,18800.0,1401.0,3851.0
2016-12-07,18900.0,18900.0,18750.0,18810.0,1396.0,3967.0
2016-12-06,19040.0,19060.0,18910.0,18930.0,952.0,4144.0
2016-12-05,19050.0,19170.0,19050.0,19060.0,767.0,4173.0
2016-12-02,18360.0,18460.0,18320.0,18360.0,1017.0,4999.0
2016-12-01,18430.0,18490.0,18340.0,18410.0,751.0,4895.0
2016-11-30,19060.0,19100.0,19000.0,19060.0,1061.0,4392.0
2016-11-29,19230.0,19250.0,19080.0,19170.0,1612.0,4420.0
2016-11-28,18990.0,19340.0,18910.0,19310.0,1442.0,4669.0
2016-11-25,19080.0,19120.0,18910.0,19020.0,1594.0,4681.0
2016-11-24,19060.0,19230.0,19020.0,19130.0,1047.0,4807.0
2016-11-22,19270.0,19300.0,19020.0,19110.0,1746.0,4952.0
2016-11-21,19400.0,19470.0,19130.0,19290.0,1697.0,5068.0
2016-11-18,19260.0,19450.0,19260.0,19360.0,1513.0,5052.0
2016-11-17,19240.0,19400.0,19050.0,19210.0,1607.0,5153.0
2016-11-16,19010.0,19200.0,18890.0,19140.0,1567.0,5003.0
2016-11-15,18830.0,18970.0,18750.0,18900.0,1031.0,5040.0
2016-11-14,18620.0,18790.0,18620.0,18790.0,470.0,5090.0
2016-11-11,18950.0,19200.0,18550.0,18780.0,3064.0,5103.0
2016-11-10,18450.0,18770.0,18430.0,18730.0,1919.0,5161.0
2016-11-09,18310.0,18510.0,18310.0,18460.0,1290.0,5029.0
2016-11-08,18380.0,18530.0,18350.0,18420.0,1688.0,5031.0
2016-11-07,18390.0,18500.0,18340.0,18410.0,1114.0,5013.0
2016-11-04,18460.0,18540.0,18370.0,18410.0,1293.0,4970.0
2016-11-02,18360.0,18460.0,18320.0,18360.0,1017.0,4999.0
2016-11-01,18430.0,18490.0,18340.0,18410.0,751.0,4895.0
2016-10-31,18720.0,18740.0,18660.0,18720.0,385.0,4848.0
2016-10-28,18560.0,18780.0,18470.0,18740.0,1026.0,4774.0
2016-10-27,18550.0,18600.0,18460.0,18520.0,947.0,4634.0
2016-10-26,18320.0,18500.0,18310.0,18480.0,999.0,4616.0
2016-10-25,18310.0,18550.0,18260.0,18300.0,2023.0,4612.0
2016-10-24,18500.0,18500.0,18300.0,18330.0,1821.0,4757.0
2016-10-21,18660.0,18710.0,18540.0,18560.0,1240.0,5097.0
2016-10-20,18660.0,19000.0,18650.0,18730.0,2196.0,5103.0
2016-10-19,18720.0,18800.0,18580.0,18690.0,1312.0,4968.0
2016-10-18,18710.0,18840.0,18660.0,18820.0,893.0,4817.0
2016-10-17,18810.0,18830.0,18620.0,18740.0,1222.0,4736.0
2016-10-14,18600.0,18870.0,18560.0,18820.0,1330.0,4672.0
2016-10-13,18410.0,18700.0,18340.0,18590.0,1923.0,4713.0
2016-10-12,18330.0,18340.0,18170.0,18270.0,372.0,4761.0
2016-10-10,18320.0,18590.0,18300.0,18420.0,1430.0,4669.0
2016-10-06,18540.0,18600.0,18350.0,18420.0,797.0,4481.0
2016-10-05,18780.0,18850.0,18610.0,18670.0,737.0,4448.0
2016-10-04,18740.0,18810.0,18610.0,18720.0,659.0,4451.0
2016-10-03,18650.0,18700.0,18530.0,18670.0,987.0,4344.0
2016-09-30,18610.0,18610.0,18440.0,18550.0,425.0,4154.0
2016-09-29,18590.0,18700.0,18470.0,18510.0,580.0,4071.0
2016-09-28,18990.0,19020.0,18600.0,18630.0,979.0,4055.0
2016-09-27,19020.0,19160.0,18970.0,19040.0,432.0,3884.0
2016-09-26,19000.0,19120.0,18960.0,19020.0,1007.0,3769.0
2016-09-23,19180.0,19260.0,18910.0,18950.0,1611.0,3962.0
2016-09-22,19430.0,19460.0,19300.0,19320.0,1096.0,4106.0
2016-09-21,19200.0,19450.0,19190.0,19410.0,1366.0,4131.0
2016-09-20,19050.0,19150.0,18920.0,19120.0,1138.0,4222.0
2016-09-19,19130.0,19130.0,18980.0,19080.0,693.0,4159.0
2016-09-16,18890.0,18970.0,18820.0,18890.0,287.0,4098.0
2016-09-15,18900.0,18970.0,18800.0,18910.0,499.0,4178.0
2016-09-14,18770.0,18980.0,18770.0,18810.0,1150.0,4153.0
2016-09-13,18920.0,18920.0,18740.0,18760.0,679.0,3973.0
2016-09-12,18720.0,19050.0,18710.0,19040.0,733.0,3728.0
2016-09-09,18910.0,19030.0,18720.0,18830.0,394.0,3532.0
2016-09-08,18700.0,18990.0,18700.0,18950.0,759.0,3500.0
2016-09-07,18700.0,18740.0,18600.0,18700.0,466.0,3411.0
2016-09-06,18520.0,18730.0,18480.0,18720.0,736.0,3456.0
2016-09-05,18300.0,18620.0,18180.0,18460.0,769.0,3473.0
2016-09-02,18700.0,18700.0,18400.0,18430.0,903.0,3330.0
2016-09-01,20250.0,20340.0,20020.0,20310.0,399.0,2842.0
2016-08-31,18410.0,18410.0,18190.0,18230.0,395.0,3409.0
2016-08-30,18570.0,18680.0,18330.0,18350.0,519.0,3293.0
2016-08-29,18850.0,18850.0,18480.0,18550.0,334.0,3297.0
2016-08-26,18990.0,18990.0,18730.0,18840.0,281.0,3359.0
2016-08-25,18690.0,19030.0,18570.0,18980.0,404.0,3325.0
2016-08-24,18870.0,18960.0,18780.0,18840.0,452.0,3365.0
2016-08-23,19150.0,19220.0,18990.0,19030.0,271.0,3392.0
2016-08-22,19050.0,19150.0,18980.0,19120.0,542.0,3443.0
2016-08-19,19370.0,19370.0,18970.0,19030.0,752.0,3430.0
2016-08-18,19380.0,19560.0,19380.0,19470.0,226.0,3430.0
2016-08-17,19400.0,19520.0,19380.0,19470.0,784.0,3430.0
2016-08-16,19510.0,19600.0,19270.0,19270.0,943.0,3386.0
2016-08-12,20180.0,20200.0,19980.0,20070.0,264.0,3158.0
2016-08-11,20050.0,20160.0,20000.0,20130.0,482.0,3114.0
2016-08-10,19870.0,20110.0,19800.0,20010.0,710.0,3041.0
2016-08-09,20570.0,20570.0,20160.0,20170.0,681.0,2997.0
2016-08-08,20960.0,21060.0,20670.0,20780.0,729.0,3028.0
2016-08-05,20740.0,21100.0,20710.0,20850.0,759.0,2979.0
2016-08-04,20170.0,20770.0,20160.0,20680.0,822.0,2914.0
2016-08-03,20260.0,20320.0,20070.0,20290.0,299.0,2914.0
2016-08-02,20220.0,20420.0,20200.0,20320.0,544.0,2943.0
2016-08-01,18230.0,18310.0,18080.0,18140.0,77.0,1253.0
2016-07-29,20330.0,20330.0,19940.0,20180.0,441.0,2928.0
2016-07-28,20420.0,20490.0,20200.0,20340.0,501.0,2947.0
2016-07-27,20440.0,20750.0,20290.0,20660.0,853.0,3000.0
2016-07-26,20180.0,20320.0,19910.0,20100.0,750.0,3094.0
2016-07-25,20180.0,20320.0,19910.0,20100.0,750.0,3094.0
2016-07-22,20940.0,21020.0,20400.0,20520.0,1025.0,3180.0
2016-07-21,20300.0,20970.0,20300.0,20960.0,1302.0,2896.0
2016-07-20,20050.0,20450.0,20000.0,20360.0,734.0,2501.0
2016-07-19,20830.0,20840.0,20220.0,20590.0,1058.0,2333.0
2016-07-18,20860.0,21180.0,20740.0,20800.0,762.0,2184.0
2016-07-15,20830.0,21270.0,20610.0,20700.0,1945.0,2195.0
2016-07-14,20190.0,20680.0,20080.0,20660.0,864.0,1924.0
2016-07-13,19710.0,19900.0,19710.0,19890.0,361.0,1744.0
2016-07-12,18780.0,19240.0,18650.0,19140.0,236.0,1467.0
2016-07-11,18710.0,18870.0,18610.0,18680.0,153.0,1439.0
2016-07-08,18410.0,18550.0,18410.0,18530.0,99.0,1446.0
2016-07-07,18470.0,18670.0,18430.0,18580.0,181.0,1382.0
2016-07-06,18250.0,18380.0,18200.0,18370.0,62.0,1345.0
2016-07-05,18280.0,18300.0,18180.0,18220.0,104.0,1314.0
2016-07-04,18220.0,18290.0,18200.0,18270.0,168.0,1278.0
2016-07-01,17320.0,17330.0,17120.0,17280.0,11.0,227.0
2016-06-30,18300.0,18550.0,18280.0,18330.0,162.0,1205.0
2016-06-29,18300.0,18360.0,18240.0,18300.0,18.0,1098.0
2016-06-28,18150.0,18300.0,18150.0,18270.0,38.0,1087.0
2016-06-27,18150.0,18220.0,18100.0,18160.0,47.0,1082.0
2016-06-24,17900.0,18050.0,17890.0,18020.0,165.0,1081.0
2016-06-23,17900.0,18130.0,17900.0,18100.0,41.0,965.0
2016-06-22,17820.0,17970.0,17780.0,17910.0,112.0,969.0
2016-06-21,18040.0,18040.0,17810.0,17840.0,144.0,897.0
2016-06-20,18280.0,18290.0,18050.0,18050.0,124.0,799.0
2016-05-25,17300.0,17370.0,17210.0,17270.0,37.0,197.0
2016-05-24,17000.0,17210.0,17000.0,17150.0,42.0,189.0
2016-05-23,17050.0,17050.0,17000.0,17010.0,12.0,162.0
2016-05-20,16890.0,16890.0,16890.0,16890.0,0.0,156.0
2016-05-19,16910.0,16910.0,16800.0,16890.0,23.0,156.0
2016-05-18,16920.0,16920.0,16720.0,16840.0,48.0,136.0
2016-05-17,16900.0,16900.0,16850.0,16890.0,65.0,106.0
2016-05-16,16780.0,16780.0,16780.0,16780.0,0.0,64.0
2016-05-13,16780.0,16780.0,16780.0,16780.0,0.0,64.0
2016-05-12,16760.0,16800.0,16720.0,16780.0,18.0,64.0
2016-05-11,16730.0,16790.0,16730.0,16760.0,6.0,48.0
2016-05-10,16800.0,16910.0,16800.0,16840.0,13.0,48.0
2016-05-09,17200.0,17210.0,17040.0,17050.0,44.0,36.0
2016-05-06,17270.0,17270.0,17210.0,17220.0,5.0,6.0
2016-05-05,17740.0,17740.0,17740.0,17740.0,0.0,2.0
2016-05-04,17740.0,17740.0,17740.0,17740.0,0.0,2.0
2016-05-03,17740.0,17740.0,17740.0,17740.0,1.0,2.0
2016-05-02,17710.0,17710.0,17710.0,17710.0,4.0,2.0
2016-04-29,17220.0,17390.0,17220.0,16740.0,869.0,929.0
2016-04-28,17330.0,17370.0,17270.0,17290.0,677.0,1653.0
2016-04-27,17260.0,17300.0,17240.0,17280.0,417.0,1976.0
2016-04-26,17300.0,17360.0,17290.0,17310.0,586.0,2043.0
2016-04-25,17170.0,17310.0,17170.0,17250.0,1037.0,2226.0
2016-04-22,17110.0,17320.0,17090.0,17240.0,2158.0,2549.0
2016-04-21,17180.0,17300.0,17130.0,17220.0,2924.0,2654.0
2016-04-20,17210.0,17210.0,16920.0,17090.0,2030.0,3605.0
2016-04-19,17020.0,17150.0,16960.0,17120.0,1078.0,4314.0
2016-04-18,17000.0,17130.0,16890.0,17020.0,2652.0,4625.0
2016-04-15,16760.0,16830.0,16560.0,16810.0,1249.0,5606.0
2016-04-14,16730.0,17000.0,16730.0,16930.0,1156.0,5928.0
2016-04-13,17000.0,17190.0,16980.0,17100.0,2259.0,6123.0
2016-04-12,17070.0,17070.0,16910.0,17010.0,3045.0,6460.0
2016-04-11,16830.0,17080.0,16830.0,17060.0,2976.0,6963.0
2016-04-08,16450.0,16780.0,16450.0,16760.0,2449.0,7349.0
2016-04-07,16460.0,16490.0,16390.0,16480.0,1282.0,7342.0
2016-04-06,16400.0,16500.0,16390.0,16450.0,2027.0,7399.0
2016-04-05,16290.0,16470.0,16270.0,16420.0,1662.0,7552.0
2016-04-04,16200.0,16400.0,16200.0,16340.0,1723.0,7418.0
2016-04-01,16000.0,16250.0,15970.0,16190.0,1708.0,7391.0
2016-03-31,15960.0,15970.0,15870.0,15910.0,1765.0,7281.0
2016-03-30,15830.0,15830.0,15700.0,15710.0,551.0,806.0
2016-03-29,15820.0,15840.0,15740.0,15750.0,709.0,928.0
2016-03-28,15720.0,16050.0,15720.0,15790.0,1695.0,1269.0
2016-03-24,15900.0,16040.0,15880.0,15900.0,375.0,2132.0
2016-03-23,15780.0,15950.0,15780.0,15920.0,2062.0,2279.0
2016-03-22,15810.0,15840.0,15770.0,15820.0,2271.0,3198.0
2016-03-21,15700.0,15870.0,15660.0,15840.0,1795.0,4098.0
2016-03-18,15830.0,15830.0,15680.0,15710.0,1233.0,4891.0
2016-03-17,15740.0,15850.0,15720.0,15840.0,1517.0,5308.0
2016-03-16,15810.0,15820.0,15710.0,15730.0,1137.0,5452.0
2016-03-15,15860.0,15880.0,15700.0,15830.0,1817.0,5621.0
2016-03-14,15850.0,15890.0,15780.0,15860.0,1227.0,6319.0
2016-03-11,15810.0,15850.0,15780.0,15830.0,827.0,6818.0
2016-03-10,15890.0,15890.0,15780.0,15790.0,915.0,6998.0
2016-03-09,15890.0,15900.0,15810.0,15880.0,965.0,7217.0
2016-03-08,15910.0,15950.0,15860.0,15900.0,1557.0,7336.0
2016-03-07,15880.0,15990.0,15880.0,15940.0,870.0,7727.0
2016-03-04,15840.0,15900.0,15770.0,15800.0,1133.0,7897.0
2016-03-03,15880.0,15910.0,15750.0,15820.0,1653.0,7991.0
2016-03-02,15940.0,15940.0,15790.0,15890.0,2200.0,8101.0
2016-03-01,16060.0,16100.0,15870.0,16000.0,2340.0,8280.0
2016-02-29,16320.0,16340.0,15900.0,15980.0,3686.0,8448.0
2016-02-26,15970.0,16070.0,15930.0,15990.0,1608.0,615.0
2016-02-25,15900.0,16020.0,15880.0,15970.0,1543.0,1393.0
2016-02-24,16100.0,16100.0,15870.0,15890.0,1637.0,2130.0
2016-02-23,16220.0,16230.0,16030.0,16060.0,1490.0,2914.0
2016-02-22,16360.0,16360.0,16250.0,16270.0,1119.0,3409.0
2016-02-19,16420.0,16440.0,16260.0,16320.0,885.0,3651.0
2016-02-18,16440.0,16480.0,16370.0,16440.0,761.0,3735.0
2016-02-17,16400.0,16450.0,16310.0,16440.0,1630.0,3824.0
2016-02-16,16330.0,16390.0,16290.0,16360.0,1594.0,4183.0
2016-02-15,16170.0,16300.0,16130.0,16280.0,1526.0,4608.0
2016-02-12,16000.0,16160.0,15980.0,16110.0,1259.0,4998.0
2016-02-11,16100.0,16160.0,15980.0,16010.0,1683.0,5316.0
2016-02-10,16230.0,16230.0,16030.0,16050.0,1432.0,5627.0
2016-02-09,16130.0,16380.0,15960.0,16260.0,4311.0,5821.0
2016-02-08,16270.0,16310.0,16060.0,16100.0,2626.0,6707.0
2016-02-05,16450.0,16450.0,16280.0,16300.0,3103.0,7029.0
2016-02-04,16500.0,16540.0,16430.0,16510.0,1805.0,7100.0
2016-02-03,16490.0,16580.0,16470.0,16570.0,2638.0,7326.0
2016-02-02,16510.0,16520.0,16410.0,16420.0,1891.0,7818.0
2016-02-01,16600.0,16600.0,16350.0,16500.0,2372.0,8301.0
2016-01-29,16700.0,16700.0,16530.0,16560.0,3113.0,8772.0
2016-01-28,16460.0,16560.0,16420.0,16560.0,1109.0,890.0
2016-01-25,16620.0,16630.0,16450.0,16510.0,1065.0,2137.0
2016-01-22,16560.0,16640.0,16510.0,16630.0,1061.0,2736.0
2016-01-21,16630.0,16650.0,16430.0,16580.0,1611.0,3005.0
2016-01-20,16550.0,16680.0,16530.0,16590.0,1800.0,3323.0
2016-01-19,16450.0,16620.0,16420.0,16580.0,2147.0,3920.0
2016-01-18,16380.0,16500.0,16380.0,16460.0,1261.0,4599.0
2016-01-15,16310.0,16380.0,16270.0,16360.0,1660.0,4873.0
2016-01-14,16370.0,16370.0,16280.0,16330.0,1479.0,5154.0
2016-01-13,16210.0,16370.0,16180.0,16360.0,1896.0,5415.0
2016-01-12,16200.0,16290.0,16090.0,16250.0,1937.0,5435.0
2016-01-11,16230.0,16240.0,16050.0,16190.0,3512.0,5741.0
2016-01-08,16350.0,16390.0,16190.0,16210.0,2163.0,6047.0
2016-01-07,16400.0,16470.0,16330.0,16350.0,3767.0,6156.0
2016-01-06,16510.0,16560.0,16410.0,16450.0,2083.0,6656.0
2016-01-05,16500.0,16540.0,16450.0,16530.0,2062.0,6703.0
2016-01-04,16620.0,16700.0,16480.0,16490.0,3105.0,6879.0
2016-01-01,16540.0,16710.0,16540.0,16660.0,2068.0,7185.0
2015-12-31,16460.0,16560.0,16450.0,16520.0,1637.0,7168.0
2015-12-30,16410.0,16410.0,16250.0,16290.0,156.0,305.0
2015-12-29,16410.0,16540.0,16370.0,16420.0,713.0,361.0
2015-12-28,16370.0,16450.0,16250.0,16400.0,1634.0,652.0
2015-12-24,16100.0,16190.0,16100.0,16180.0,274.0,1186.0
2015-12-23,16130.0,16210.0,16080.0,16100.0,1191.0,1289.0
2015-12-22,16320.0,16320.0,16160.0,16180.0,1184.0,1718.0
2015-12-21,16280.0,16510.0,16280.0,16370.0,1951.0,2042.0
2015-12-18,16320.0,16340.0,16170.0,16230.0,1845.0,2743.0
2015-12-17,16350.0,16400.0,16230.0,16290.0,1221.0,3674.0
2015-12-16,16270.0,16440.0,16180.0,16340.0,1958.0,3953.0
2015-12-15,16310.0,16340.0,16240.0,16250.0,1085.0,4173.0
2015-12-14,16240.0,16390.0,16220.0,16310.0,1069.0,4606.0
2015-12-11,16150.0,16210.0,16080.0,16180.0,979.0,4816.0
2015-12-10,16230.0,16360.0,16180.0,16200.0,1021.0,5023.0
2015-12-09,16160.0,16310.0,16140.0,16300.0,1153.0,5251.0
2015-12-08,16120.0,16160.0,16070.0,16130.0,485.0,5424.0
2015-12-07,16170.0,16190.0,16110.0,16160.0,1054.0,5440.0
2015-12-04,16070.0,16220.0,16030.0,16190.0,925.0,5752.0
2015-12-03,15980.0,16090.0,15980.0,16060.0,990.0,5753.0
2015-12-02,15940.0,16050.0,15930.0,16040.0,1345.0,5721.0
2015-12-01,15940.0,15980.0,15900.0,15930.0,1142.0,6021.0
2015-11-30,16120.0,16150.0,15800.0,16000.0,2876.0,6100.0
2015-11-27,15930.0,16090.0,15870.0,16060.0,2007.0,6288.0
2015-11-26,15860.0,15950.0,15830.0,15900.0,1339.0,6271.0
2015-11-25,15760.0,15820.0,15740.0,15770.0,372.0,6356.0
2015-11-24,15760.0,15790.0,15720.0,15740.0,481.0,6373.0
2015-11-23,15830.0,15870.0,15710.0,15730.0,986.0,6480.0
2015-11-20,15930.0,15960.0,15810.0,15830.0,1588.0,6591.0
2015-11-19,15920.0,15970.0,15850.0,15960.0,1777.0,6600.0
2015-11-18,15860.0,16000.0,15850.0,15920.0,1366.0,6356.0
2015-11-17,15790.0,15910.0,15780.0,15900.0,1269.0,6308.0
2015-11-16,15730.0,15770.0,15670.0,15720.0,816.0,6370.0
2015-11-13,15790.0,15820.0,15660.0,15680.0,1232.0,6348.0
2015-11-12,15780.0,15840.0,15720.0,15830.0,590.0,6494.0
2015-11-11,15910.0,15910.0,15820.0,15840.0,291.0,6635.0
2015-11-10,15880.0,15920.0,15830.0,15880.0,1056.0,6668.0
2015-11-09,15830.0,15880.0,15800.0,15830.0,1291.0,6624.0
2015-11-06,15920.0,15960.0,15880.0,15890.0,418.0,6628.0
2015-11-05,15880.0,15980.0,15860.0,15920.0,1052.0,6604.0
2015-11-04,15860.0,15970.0,15850.0,15920.0,1302.0,6559.0
2015-11-03,15870.0,16010.0,15870.0,15970.0,1406.0,6378.0
2015-11-02,15950.0,15980.0,15790.0,15860.0,936.0,6140.0
2015-10-30,15800.0,15920.0,15750.0,15910.0,1526.0,6144.0
2015-10-29,15830.0,15860.0,15750.0,15760.0,962.0,6038.0
2015-10-28,15800.0,15880.0,15770.0,15840.0,1235.0,5899.0
2015-10-27,15730.0,15880.0,15680.0,15840.0,1361.0,5834.0
2015-10-26,15940.0,16000.0,15730.0,15760.0,1056.0,5765.0
2015-10-23,16000.0,16050.0,15910.0,15950.0,1369.0,5791.0
2015-10-22,16180.0,16260.0,16030.0,16070.0,701.0,5887.0
2015-10-21,16070.0,16160.0,15980.0,16100.0,1192.0,5832.0
2015-10-20,15980.0,16110.0,15980.0,16110.0,683.0,5690.0
2015-10-19,15920.0,16100.0,15860.0,16010.0,1455.0,5674.0
2015-10-16,15980.0,16050.0,15890.0,15940.0,785.0,5582.0
2015-10-15,16030.0,16060.0,15890.0,16000.0,1054.0,5591.0
2015-10-14,16140.0,16180.0,15980.0,16070.0,1342.0,5497.0
2015-10-13,15880.0,16020.0,15840.0,15970.0,970.0,5316.0
2015-10-12,15720.0,15920.0,15710.0,15900.0,1771.0,5266.0
2015-10-09,15670.0,15760.0,15600.0,15640.0,798.0,4849.0
2015-10-08,15620.0,15740.0,15540.0,15690.0,479.0,4761.0
2015-10-07,15750.0,15860.0,15580.0,15610.0,720.0,4802.0
2015-10-06,15660.0,15870.0,15630.0,15740.0,646.0,4685.0
2015-10-05,15470.0,15720.0,15270.0,15700.0,1019.0,4657.0
2015-10-01,15490.0,15520.0,15400.0,15460.0,854.0,4500.0
2015-09-30,15640.0,15640.0,15350.0,15550.0,1168.0,4431.0
2015-09-29,15470.0,16020.0,15470.0,15630.0,665.0,4074.0
2015-09-28,15530.0,15530.0,15530.0,15530.0,351.0,4136.0
2015-09-25,15470.0,15540.0,15470.0,15450.0,144.0,4245.0
2015-09-24,15570.0,15570.0,15570.0,15570.0,375.0,4302.0
2015-09-23,15470.0,15470.0,15470.0,15470.0,218.0,4312.0
2015-09-22,15590.0,15590.0,15590.0,15590.0,290.0,4247.0
2015-09-21,15760.0,15760.0,15760.0,15760.0,717.0,4250.0
2015-09-18,15840.0,15860.0,15740.0,15930.0,481.0,4232.0
2015-09-17,15830.0,15830.0,15830.0,15830.0,54.0,4209.0
2015-09-16,15900.0,15900.0,15900.0,15900.0,416.0,4217.0
2015-09-15,16110.0,16110.0,16110.0,16110.0,191.0,4196.0
2015-09-14,16050.0,16050.0,16050.0,16050.0,316.0,4200.0
2015-09-11,16150.0,16150.0,16150.0,16150.0,135.0,4224.0
2015-09-10,16200.0,16200.0,16200.0,16200.0,72.0,4253.0
2015-09-09,16210.0,16210.0,16210.0,16210.0,316.0,4237.0
2015-09-08,16320.0,16320.0,16320.0,16320.0,185.0,4312.0
2015-09-07,16240.0,16240.0,16240.0,16240.0,234.0,4317.0
2015-09-04,16260.0,16320.0,16190.0,16320.0,279.0,4309.0
2015-09-03,16330.0,16330.0,16330.0,16330.0,345.0,4244.0
2015-09-02,16310.0,16310.0,16310.0,16310.0,474.0,4249.0
2015-09-01,16340.0,16340.0,16340.0,16340.0,188.0,4233.0
2015-08-31,16260.0,16260.0,16260.0,16260.0,238.0,4174.0
2015-08-28,16090.0,16090.0,16090.0,16090.0,135.0,4120.0
2015-08-27,16050.0,16050.0,16050.0,16050.0,206.0,4121.0
2015-08-26,16150.0,16150.0,16150.0,16150.0,199.0,4173.0
2015-08-25,16170.0,16170.0,16170.0,16170.0,269.0,4240.0
2015-08-24,16370.0,16460.0,16070.0,16440.0,343.0,4238.0
2015-08-21,16500.0,16520.0,16430.0,16420.0,596.0,4236.0
2015-08-20,16400.0,16400.0,16400.0,16400.0,520.0,3903.0
2015-08-19,16250.0,16250.0,16250.0,16250.0,618.0,3721.0
2015-08-18,16370.0,16370.0,16370.0,16370.0,413.0,3523.0
2015-08-17,16240.0,16240.0,16240.0,16240.0,395.0,3488.0
2015-08-14,16050.0,16260.0,16020.0,16020.0,1018.0,3275.0
2015-08-13,15410.0,15410.0,15410.0,15410.0,1149.0,2715.0
2015-08-12,15420.0,15420.0,15420.0,15420.0,94.0,2201.0
2015-08-11,15390.0,15390.0,15390.0,15390.0,157.0,2168.0
2015-08-10,15430.0,15430.0,15430.0,15430.0,199.0,2130.0
2015-08-07,15500.0,15530.0,15410.0,15560.0,230.0,2115.0
2015-08-06,15790.0,15790.0,15790.0,15790.0,191.0,2107.0
2015-08-05,15670.0,15670.0,15670.0,15670.0,157.0,2165.0
2015-08-04,15600.0,15600.0,15600.0,15600.0,169.0,2174.0
2015-08-03,15740.0,15740.0,15740.0,15740.0,285.0,2151.0
2015-07-31,15730.0,15750.0,15600.0,15790.0,168.0,2084.0
2015-07-30,15850.0,15850.0,15850.0,15850.0,156.0,2027.0
2015-07-29,15870.0,15870.0,15870.0,15870.0,70.0,1960.0
2015-07-28,15940.0,15940.0,15940.0,15940.0,67.0,1951.0
2015-07-27,16090.0,16090.0,16090.0,16090.0,255.0,1926.0
2015-07-24,16030.0,16030.0,16030.0,16030.0,178.0,1833.0
2015-07-23,16000.0,16000.0,16000.0,16000.0,75.0,1762.0
2015-07-22,16210.0,16210.0,16210.0,16210.0,232.0,1737.0
2015-07-21,16240.0,16240.0,16240.0,16240.0,146.0,1629.0
2015-07-20,16320.0,16320.0,16320.0,16320.0,108.0,1604.0
2015-07-17,16390.0,16440.0,16300.0,16450.0,160.0,1525.0
2015-07-16,16450.0,16450.0,16450.0,16450.0,43.0,1460.0
2015-07-15,16480.0,16480.0,16480.0,16480.0,13.0,1451.0
2015-07-14,16430.0,16430.0,16430.0,16430.0,68.0,1443.0
2015-07-13,16430.0,16430.0,16430.0,16430.0,27.0,1420.0
2015-07-10,16300.0,16480.0,16300.0,16330.0,87.0,1414.0
2015-07-09,16240.0,16240.0,16240.0,16240.0,148.0,1394.0
2015-07-08,16340.0,16340.0,16340.0,16340.0,183.0,1395.0
2015-07-07,16590.0,16590.0,16590.0,16590.0,78.0,1332.0
2015-07-06,16530.0,16530.0,16530.0,16530.0,57.0,1294.0
2015-07-03,16600.0,16610.0,16530.0,16610.0,36.0,1249.0
2015-07-02,16560.0,16560.0,16560.0,16560.0,12.0,1236.0
2015-07-01,16540.0,16540.0,16540.0,16540.0,297.0,1228.0
2015-06-30,16580.0,16580.0,16580.0,16580.0,260.0,979.0
2015-06-29,16500.0,16500.0,16500.0,16500.0,128.0,846.0
2015-06-26,16270.0,16510.0,16260.0,16280.0,108.0,757.0
2015-06-25,16200.0,16200.0,16200.0,16200.0,83.0,681.0
2015-06-24,16290.0,16290.0,16290.0,16290.0,124.0,609.0
2015-06-23,16300.0,16300.0,16300.0,16300.0,136.0,495.0
2015-06-22,16350.0,16350.0,16280.0,16400.0,93.0,361.0
2015-06-19,16590.0,16590.0,16380.0,16650.0,107.0,286.0
2015-06-18,16980.0,16980.0,16980.0,16980.0,52.0,225.0
2015-06-17,16980.0,16980.0,16980.0,16980.0,45.0,200.0
2015-06-16,16980.0,16980.0,16980.0,16980.0,45.0,200.0
2015-06-15,16980.0,16980.0,16980.0,16980.0,45.0,200.0
2015-06-12,16980.0,16980.0,16980.0,16980.0,45.0,200.0
2015-06-11,16980.0,16980.0,16980.0,16980.0,45.0,200.0
2015-06-10,16980.0,16980.0,16980.0,16980.0,45.0,200.0
2015-06-09,16980.0,16980.0,16980.0,16980.0,45.0,200.0
2015-06-08,16980.0,16980.0,16980.0,16980.0,45.0,200.0
2015-06-05,16980.0,16980.0,16980.0,16980.0,45.0,200.0
2015-06-04,16980.0,16980.0,16980.0,16980.0,45.0,200.0
2015-06-03,17200.0,17200.0,17200.0,17200.0,12.0,197.0
2015-06-02,16710.0,16710.0,16710.0,16710.0,11.0,193.0
2015-06-01,16710.0,16710.0,16710.0,16710.0,11.0,193.0
2015-05-29,16770.0,16770.0,16770.0,16770.0,16.0,182.0
2015-05-28,16770.0,16770.0,16770.0,16770.0,16.0,182.0
2015-05-27,16770.0,16770.0,16770.0,16770.0,16.0,182.0
2015-05-26,16770.0,16770.0,16770.0,16770.0,16.0,182.0
2015-05-25,16770.0,16770.0,16770.0,16770.0,16.0,182.0
2015-05-22,16850.0,16870.0,16600.0,17000.0,3.0,173.0
2015-05-21,16810.0,16810.0,16810.0,16810.0,55.0,171.0
2015-05-20,17010.0,17010.0,17010.0,17010.0,1.0,122.0
2015-05-19,17000.0,17000.0,17000.0,17000.0,11.0,122.0
2015-05-18,17000.0,17000.0,17000.0,17000.0,11.0,122.0
2015-05-15,17000.0,17000.0,17000.0,17000.0,11.0,122.0
2015-05-14,17000.0,17000.0,17000.0,17000.0,11.0,122.0
2015-05-13,17000.0,17000.0,17000.0,17000.0,11.0,122.0
2015-05-12,17050.0,17050.0,17050.0,17050.0,8.0,112.0
2015-05-11,17050.0,17050.0,17050.0,17050.0,8.0,112.0
2015-05-08,17050.0,17050.0,17050.0,17050.0,8.0,112.0
2015-05-07,17050.0,17050.0,17050.0,17050.0,8.0,112.0
2015-05-06,17000.0,17000.0,17000.0,17000.0,95.0,112.0
2015-05-05,16500.0,16500.0,16500.0,16500.0,39.0,34.0
2015-04-30,16320.0,16450.0,16290.0,16210.0,519.0,960.0
2015-04-29,16140.0,16140.0,16140.0,16140.0,757.0,1096.0
2015-04-28,16270.0,16270.0,16270.0,16270.0,1190.0,1572.0
2015-04-27,16140.0,16300.0,16140.0,16090.0,1234.0,2537.0
2015-04-24,15820.0,15820.0,15820.0,15820.0,2179.0,3188.0
2015-04-23,15630.0,15630.0,15630.0,15630.0,2021.0,4090.0
2015-04-22,15430.0,15430.0,15430.0,15430.0,1878.0,4623.0
2015-04-21,15390.0,15390.0,15390.0,15390.0,959.0,5047.0
2015-04-20,15340.0,15340.0,15340.0,15340.0,1291.0,5427.0
2015-04-17,15370.0,15530.0,15320.0,15370.0,2281.0,5558.0
2015-04-16,15710.0,15710.0,15710.0,15710.0,3582.0,6191.0
2015-04-15,15750.0,15750.0,15750.0,15750.0,1673.0,6886.0
2015-04-14,15800.0,15800.0,15800.0,15800.0,415.0,7290.0
2015-04-13,15850.0,15850.0,15850.0,15850.0,1881.0,7331.0
2015-04-10,15990.0,16010.0,15770.0,15990.0,2437.0,7566.0
2015-04-09,16100.0,16100.0,16100.0,16100.0,1542.0,7905.0
2015-04-08,16120.0,16120.0,16120.0,16120.0,2764.0,7941.0
2015-04-07,16040.0,16040.0,16040.0,16040.0,2810.0,8331.0
2015-04-06,15670.0,15950.0,15670.0,15520.0,2543.0,8148.0
2015-04-02,15410.0,15410.0,15410.0,15410.0,674.0,8139.0
2015-04-01,15550.0,15550.0,15550.0,15550.0,811.0,8096.0
2015-03-31,15560.0,15560.0,15560.0,15560.0,3864.0,8069.0
2015-03-30,15280.0,15280.0,15280.0,15280.0,861.0,2469.0
2015-03-27,15260.0,15260.0,15260.0,15260.0,1444.0,2798.0
2015-03-26,15160.0,15160.0,15160.0,15160.0,1212.0,3070.0
2015-03-25,15060.0,15060.0,15060.0,15060.0,1680.0,3539.0
2015-03-24,15230.0,15230.0,15230.0,15230.0,2440.0,3734.0
2015-03-23,14880.0,14880.0,14880.0,14880.0,2475.0,4201.0
2015-03-20,14880.0,14940.0,14820.0,14900.0,757.0,4788.0
2015-03-19,14750.0,14750.0,14750.0,14750.0,1536.0,4935.0
2015-03-18,14830.0,14830.0,14830.0,14830.0,1420.0,5259.0
2015-03-17,15000.0,15000.0,15000.0,15000.0,987.0,5296.0
2015-03-16,14940.0,14940.0,14940.0,14940.0,1506.0,5302.0
2015-03-13,14930.0,14930.0,14930.0,14930.0,967.0,4992.0
2015-03-12,14740.0,14740.0,14740.0,14740.0,1969.0,4920.0
2015-03-11,14830.0,14830.0,14830.0,14830.0,1140.0,5044.0
2015-03-10,14930.0,14930.0,14930.0,14930.0,887.0,5210.0
2015-03-09,14890.0,14890.0,14890.0,14890.0,808.0,5311.0
2015-03-05,14980.0,14980.0,14980.0,14980.0,1091.0,5375.0
2015-03-04,15110.0,15110.0,15110.0,15110.0,1910.0,5481.0
2015-03-03,15160.0,15160.0,15160.0,15160.0,1051.0,5835.0
2015-03-02,15200.0,15200.0,15200.0,15200.0,1243.0,6133.0
2015-02-27,15290.0,15290.0,15290.0,15290.0,1903.0,6387.0
2015-02-26,14990.0,14990.0,14990.0,14990.0,995.0,735.0
2015-02-25,14930.0,14930.0,14930.0,14930.0,837.0,1013.0
2015-02-24,14840.0,14840.0,14840.0,14840.0,1119.0,1306.0
2015-02-23,15000.0,15000.0,15000.0,15000.0,2086.0,1947.0
2015-02-20,15110.0,15110.0,15110.0,15110.0,1770.0,2731.0
2015-02-19,15080.0,15080.0,15080.0,15080.0,1378.0,3402.0
2015-02-18,14900.0,14900.0,14900.0,14900.0,2376.0,3558.0
2015-02-17,14880.0,14880.0,14880.0,14880.0,695.0,3596.0
2015-02-16,14850.0,14850.0,14850.0,14850.0,941.0,3642.0
2015-02-13,14740.0,14740.0,14740.0,14740.0,857.0,3789.0
2015-02-12,14690.0,14690.0,14690.0,14690.0,1222.0,3832.0
2015-02-11,14750.0,14750.0,14750.0,14750.0,1054.0,3888.0
2015-02-10,14790.0,14790.0,14790.0,14790.0,1871.0,3986.0
2015-02-09,14740.0,14740.0,14740.0,14740.0,1654.0,4113.0
2015-02-06,14800.0,14800.0,14800.0,14800.0,1168.0,4315.0
2015-02-05,14870.0,14870.0,14870.0,14870.0,1642.0,4416.0
2015-02-04,14960.0,14960.0,14960.0,14960.0,1842.0,4538.0
2015-02-03,14770.0,14770.0,14770.0,14770.0,2114.0,4621.0
2015-02-02,14630.0,14630.0,14630.0,14630.0,948.0,4568.0
2015-01-30,14870.0,14870.0,14870.0,14870.0,2952.0,4507.0
2015-01-29,14360.0,14360.0,14360.0,14360.0,698.0,827.0
2015-01-28,14280.0,14280.0,14280.0,14280.0,712.0,1162.0
2015-01-27,13990.0,13990.0,13990.0,13990.0,1692.0,1405.0
2015-01-23,14160.0,14160.0,14160.0,14160.0,2474.0,2073.0
2015-01-22,14360.0,14360.0,14360.0,14360.0,1351.0,3071.0
2015-01-21,14620.0,14620.0,14620.0,14620.0,1861.0,3698.0
2015-01-20,14620.0,14620.0,14620.0,14620.0,1300.0,4349.0
2015-01-19,14900.0,14900.0,14900.0,14900.0,1914.0,4752.0
2015-01-16,15090.0,15100.0,14870.0,15130.0,1376.0,5158.0
2015-01-15,15120.0,15120.0,15120.0,15120.0,1241.0,5425.0
2015-01-14,15250.0,15250.0,15250.0,15250.0,914.0,5482.0
2015-01-13,15180.0,15180.0,15180.0,15180.0,865.0,5487.0
2015-01-12,15230.0,15230.0,15230.0,15230.0,1504.0,5660.0
2015-01-09,15350.0,15360.0,15130.0,15420.0,1580.0,6129.0
2015-01-08,15610.0,15610.0,15610.0,15610.0,2216.0,6199.0
2015-01-07,15700.0,15710.0,15600.0,15680.0,567.0,5892.0
2015-01-06,15710.0,15730.0,15650.0,15690.0,813.0,5818.0
2015-01-05,15650.0,15710.0,15650.0,15630.0,938.0,5759.0
2015-01-02,15690.0,15760.0,15570.0,15680.0,1443.0,5844.0
2015-01-01,15700.0,15770.0,15650.0,15730.0,785.0,5772.0
2014-12-31,15840.0,15880.0,15760.0,15850.0,1244.0,5814.0
2014-12-30,15650.0,15790.0,15620.0,15700.0,366.0,879.0
2014-12-29,15870.0,15880.0,15700.0,15800.0,513.0,1111.0
2014-12-26,15770.0,15840.0,15750.0,15760.0,794.0,1433.0
2014-12-24,15870.0,15910.0,15730.0,15860.0,1237.0,1992.0
2014-12-23,15850.0,15890.0,15840.0,15820.0,1155.0,2537.0
2014-12-22,15830.0,15850.0,15800.0,15800.0,1039.0,2729.0
2014-12-19,15820.0,15860.0,15780.0,15810.0,471.0,3369.0
2014-12-18,15860.0,15920.0,15830.0,15800.0,893.0,3560.0
2014-12-17,15850.0,15880.0,15810.0,15830.0,1041.0,3547.0
2014-12-16,15940.0,16010.0,15830.0,15920.0,1363.0,3683.0
2014-12-15,16050.0,16180.0,16020.0,16000.0,1823.0,3949.0
2014-12-12,16070.0,16150.0,15980.0,16010.0,1625.0,4201.0
2014-12-11,15880.0,15930.0,15860.0,15910.0,1019.0,4439.0
2014-12-10,15850.0,15920.0,15850.0,15840.0,776.0,4620.0
2014-12-09,15870.0,15880.0,15830.0,15880.0,552.0,4667.0
2014-12-08,15910.0,15970.0,15850.0,15850.0,1691.0,4802.0
2014-12-05,15830.0,15860.0,15800.0,15830.0,1077.0,5066.0
2014-12-04,15780.0,15860.0,15780.0,15770.0,506.0,5219.0
2014-12-03,15750.0,15760.0,15700.0,15750.0,1067.0,5203.0
2014-12-02,15720.0,15770.0,15700.0,15730.0,510.0,5283.0
2014-12-01,15760.0,15790.0,15720.0,15760.0,656.0,5266.0
2014-11-28,15790.0,15860.0,15760.0,15800.0,1912.0,5261.0
2014-11-27,15830.0,15930.0,15790.0,15840.0,1419.0,5488.0
2014-11-26,15840.0,15850.0,15730.0,15850.0,1897.0,5541.0
2014-11-25,15800.0,15930.0,15750.0,15840.0,1663.0,5839.0
2014-11-24,16000.0,16040.0,15840.0,15980.0,1433.0,6120.0
2014-11-21,15910.0,16040.0,15910.0,15900.0,1941.0,6094.0
2014-11-20,15780.0,15870.0,15780.0,15780.0,1809.0,6048.0
2014-11-19,15840.0,15890.0,15820.0,15820.0,881.0,6065.0
2014-11-18,15720.0,15840.0,15720.0,15690.0,1649.0,5961.0
2014-11-17,15790.0,15790.0,15680.0,15730.0,698.0,6078.0
2014-11-14,15630.0,16020.0,15630.0,15650.0,1267.0,5990.0
2014-11-13,15780.0,15830.0,15780.0,15840.0,1137.0,6108.0
2014-11-12,15920.0,15980.0,15880.0,15890.0,1048.0,6068.0
2014-11-11,15800.0,15870.0,15760.0,15800.0,1204.0,6023.0
2014-11-10,15800.0,15870.0,15750.0,15820.0,1830.0,5879.0
2014-11-07,15810.0,15860.0,15770.0,15810.0,531.0,5824.0
2014-11-06,15700.0,15700.0,15700.0,15700.0,465.0,5788.0
2014-11-05,15600.0,15730.0,15570.0,15680.0,869.0,5785.0
2014-11-04,15760.0,15760.0,15760.0,15760.0,270.0,5776.0
2014-11-03,15700.0,15700.0,15590.0,15760.0,1101.0,5864.0
2014-10-31,15870.0,15880.0,15740.0,15920.0,954.0,5843.0
2014-10-30,16150.0,16180.0,15900.0,16120.0,1520.0,5825.0
2014-10-29,15950.0,16110.0,15920.0,15920.0,1867.0,5979.0
2014-10-28,15850.0,15880.0,15800.0,15900.0,894.0,5635.0
2014-10-27,15900.0,15900.0,15780.0,15850.0,919.0,5391.0
2014-10-24,15750.0,15750.0,15750.0,15750.0,103.0,5101.0
2014-10-23,15760.0,15880.0,15700.0,15720.0,288.0,5105.0
2014-10-22,15780.0,15890.0,15730.0,15760.0,698.0,5095.0
2014-10-21,15640.0,15830.0,15540.0,15620.0,765.0,4903.0
2014-10-20,15840.0,15870.0,15610.0,15900.0,632.0,4761.0
2014-10-17,16100.0,16100.0,15900.0,16110.0,531.0,4625.0
2014-10-16,16120.0,16140.0,16020.0,16120.0,496.0,4576.0
2014-10-14,16140.0,16190.0,16110.0,16110.0,261.0,4458.0
2014-10-13,16230.0,16250.0,16040.0,16140.0,399.0,4415.0
2014-10-10,16240.0,16240.0,16130.0,16200.0,416.0,4354.0
2014-10-09,16310.0,16460.0,16110.0,16420.0,1756.0,4374.0
2014-10-08,16250.0,16380.0,16120.0,16280.0,733.0,3944.0
2014-10-07,16260.0,16270.0,16170.0,16230.0,518.0,3956.0
2014-10-06,16030.0,16030.0,16030.0,16030.0,550.0,3779.0
2014-10-03,16060.0,16060.0,16010.0,16090.0,172.0,3660.0
2014-10-01,15960.0,16130.0,15960.0,16110.0,357.0,3658.0
2014-09-30,15910.0,16140.0,15890.0,15930.0,581.0,3592.0
2014-09-29,15980.0,15980.0,15980.0,15980.0,861.0,3566.0
2014-09-26,16030.0,16150.0,15930.0,15930.0,890.0,3496.0
2014-09-25,15850.0,16010.0,15820.0,15900.0,587.0,3343.0
2014-09-24,15990.0,15990.0,15790.0,16080.0,862.0,3202.0
2014-09-23,16050.0,16190.0,15960.0,16000.0,817.0,3001.0
2014-09-22,16170.0,16230.0,15900.0,16300.0,1202.0,2792.0
2014-09-19,16540.0,16560.0,16260.0,16570.0,1015.0,2596.0
2014-09-18,16690.0,16690.0,16560.0,16710.0,276.0,2768.0
2014-09-17,16640.0,16780.0,16640.0,16670.0,204.0,2644.0
2014-09-16,16750.0,16780.0,16620.0,16730.0,414.0,2694.0
2014-09-15,16980.0,16980.0,16730.0,17010.0,474.0,2722.0
2014-09-12,17000.0,17040.0,16920.0,17000.0,431.0,2664.0
2014-09-11,17070.0,17070.0,16810.0,17120.0,859.0,2679.0
2014-09-10,16980.0,17120.0,16850.0,16980.0,1039.0,2619.0
2014-09-09,16750.0,16770.0,16720.0,16740.0,681.0,2771.0
2014-09-08,16720.0,16770.0,16640.0,16710.0,287.0,2856.0
2014-09-05,16780.0,16790.0,16600.0,16800.0,455.0,2883.0
2014-09-04,16970.0,17040.0,16760.0,16930.0,373.0,2833.0
2014-09-03,16790.0,16920.0,16770.0,16760.0,424.0,2854.0
2014-09-02,16760.0,16850.0,16750.0,16770.0,587.0,2858.0
2014-09-01,17130.0,17130.0,16720.0,17130.0,724.0,2991.0
2014-08-29,17140.0,17160.0,17100.0,17200.0,134.0,3031.0
2014-08-28,17290.0,17310.0,17220.0,17340.0,306.0,3076.0
2014-08-27,17210.0,17390.0,17190.0,17230.0,313.0,3055.0
2014-08-26,17160.0,17210.0,17100.0,17110.0,403.0,3119.0
2014-08-25,17240.0,17300.0,17110.0,17240.0,431.0,3107.0
2014-08-22,17150.0,17290.0,17090.0,17170.0,526.0,3034.0
2014-08-21,17280.0,17420.0,17220.0,17210.0,588.0,2988.0
2014-08-20,17040.0,17240.0,17040.0,17030.0,426.0,2961.0
2014-08-19,17030.0,17060.0,16980.0,16980.0,228.0,2996.0
2014-08-18,17080.0,17110.0,17000.0,17110.0,387.0,2930.0
2014-08-14,17130.0,17250.0,17040.0,17130.0,669.0,2937.0
2014-08-13,16980.0,17160.0,16890.0,16960.0,404.0,2845.0
2014-08-12,17150.0,17160.0,16980.0,17130.0,427.0,2789.0
2014-08-11,17160.0,17270.0,17160.0,17160.0,513.0,2826.0
2014-08-08,17110.0,17180.0,17070.0,17060.0,293.0,2814.0
2014-08-07,17100.0,17170.0,17010.0,17120.0,262.0,2770.0
2014-08-06,17070.0,17150.0,17010.0,17000.0,464.0,2799.0
2014-08-05,17010.0,17170.0,16830.0,17080.0,700.0,2782.0
2014-08-04,16740.0,16740.0,16740.0,16740.0,585.0,2907.0
2014-08-01,16520.0,16770.0,16480.0,16480.0,658.0,2953.0
2014-07-31,16530.0,16780.0,16500.0,16550.0,625.0,2877.0
2014-07-30,16850.0,16870.0,16590.0,16820.0,682.0,2712.0
2014-07-29,16970.0,16970.0,16850.0,17030.0,89.0,2558.0
2014-07-28,17030.0,17040.0,16900.0,16950.0,482.0,2539.0
2014-07-25,17170.0,17200.0,16860.0,17120.0,535.0,2451.0
2014-07-24,17390.0,17460.0,17220.0,17410.0,505.0,2265.0
2014-07-23,17600.0,17660.0,17390.0,17580.0,492.0,2144.0
2014-07-22,17550.0,17550.0,17440.0,17430.0,159.0,2196.0
2014-07-21,17440.0,17510.0,17420.0,17420.0,237.0,2160.0
2014-07-18,17420.0,17550.0,17420.0,17470.0,269.0,2162.0
2014-07-17,17590.0,17670.0,17490.0,17560.0,281.0,2082.0
2014-07-16,17510.0,17680.0,17510.0,17560.0,240.0,2009.0
2014-07-15,17570.0,17780.0,17520.0,17570.0,344.0,1964.0
2014-07-14,17540.0,17590.0,17440.0,17550.0,268.0,1921.0
2014-07-11,17710.0,17780.0,17530.0,17710.0,392.0,1862.0
2014-07-10,18050.0,18050.0,17570.0,18060.0,520.0,1759.0
2014-07-09,18220.0,18250.0,18070.0,18220.0,162.0,1612.0
2014-07-08,18240.0,18370.0,18180.0,18210.0,242.0,1543.0
2014-07-07,18450.0,18520.0,18250.0,18370.0,184.0,1501.0
2014-07-04,18350.0,18460.0,18320.0,18430.0,52.0,1436.0
2014-07-03,18300.0,18520.0,18280.0,18410.0,313.0,1429.0
2014-07-02,18590.0,18590.0,18280.0,18580.0,169.0,1380.0
2014-07-01,18870.0,18910.0,18530.0,18870.0,339.0,1331.0
2014-06-30,18960.0,18990.0,18850.0,18890.0,181.0,1301.0
2014-06-27,18740.0,18950.0,18700.0,18700.0,257.0,1234.0
2014-06-26,19030.0,19030.0,18910.0,18960.0,176.0,1183.0
2014-06-25,19210.0,19230.0,18940.0,19090.0,166.0,1102.0
2014-06-24,19210.0,19270.0,19040.0,19220.0,230.0,982.0
2014-06-23,18920.0,19320.0,18920.0,18910.0,115.0,825.0
2014-06-20,18950.0,18950.0,18890.0,18930.0,20.0,741.0
2014-06-19,18900.0,19000.0,18820.0,18950.0,24.0,745.0
2014-06-18,18830.0,18960.0,18830.0,18830.0,45.0,737.0
2014-06-17,18860.0,19040.0,18830.0,18930.0,30.0,714.0
2014-06-16,18870.0,18970.0,18860.0,18760.0,36.0,702.0
2014-06-13,18690.0,18800.0,18580.0,18640.0,50.0,705.0
2014-06-12,18560.0,18620.0,18470.0,18610.0,34.0,698.0
2014-06-11,18610.0,18610.0,18610.0,18550.0,1.0,693.0
2014-06-10,18500.0,18510.0,18400.0,18590.0,46.0,693.0
2014-06-09,18280.0,18690.0,18240.0,18490.0,16.0,704.0
2014-06-06,18490.0,18500.0,18460.0,18340.0,14.0,719.0
2014-06-05,18330.0,18400.0,18320.0,18600.0,17.0,728.0
2014-06-04,18540.0,18650.0,18490.0,18550.0,22.0,716.0
2014-06-03,18480.0,18650.0,18460.0,18330.0,19.0,729.0
2014-06-02,17980.0,18380.0,17980.0,18380.0,53.0,722.0
2014-05-30,18590.0,18590.0,18290.0,18490.0,26.0,720.0
2014-05-29,18280.0,18580.0,18180.0,18230.0,109.0,705.0
2014-05-28,18120.0,18450.0,18120.0,18090.0,324.0,636.0
2014-05-27,18220.0,18230.0,18100.0,18290.0,60.0,392.0
2014-05-26,18570.0,18580.0,18200.0,18350.0,40.0,361.0
2014-05-23,18750.0,18750.0,18330.0,18890.0,59.0,371.0
2014-05-22,18950.0,18980.0,18850.0,18860.0,38.0,322.0
2014-05-21,18810.0,18900.0,18810.0,18710.0,2.0,298.0
2014-05-20,19050.0,19090.0,18600.0,19060.0,30.0,297.0
2014-05-19,19000.0,19100.0,19000.0,19080.0,11.0,271.0
2014-05-16,19340.0,19690.0,18850.0,19340.0,31.0,269.0
2014-05-15,19600.0,19600.0,19320.0,19760.0,26.0,250.0
2014-05-14,19870.0,19870.0,19870.0,19870.0,2.0,239.0
2014-05-13,19660.0,19660.0,19660.0,19870.0,2.0,239.0
2014-05-12,20110.0,20110.0,19830.0,20230.0,58.0,239.0
2014-05-09,20220.0,20220.0,20220.0,20220.0,15.0,191.0
2014-05-08,20230.0,20240.0,20200.0,20220.0,15.0,191.0
2014-05-07,20200.0,20240.0,20200.0,20350.0,13.0,181.0
2014-04-30,20810.0,20810.0,20810.0,20810.0,504.0,328.0
2014-04-29,20810.0,20810.0,20510.0,20810.0,504.0,328.0
2014-04-28,20880.0,20980.0,20800.0,20890.0,404.0,551.0
2014-04-25,20740.0,20900.0,20740.0,20680.0,958.0,753.0
2014-04-23,20650.0,20860.0,20480.0,20690.0,2098.0,1162.0
2014-04-22,20470.0,20720.0,20420.0,20420.0,1994.0,2106.0
2014-04-21,20200.0,20510.0,20200.0,20130.0,2810.0,2834.0
2014-04-17,20170.0,20200.0,20100.0,20130.0,1272.0,4028.0
2014-04-16,20040.0,20170.0,20020.0,20000.0,1203.0,4395.0
2014-04-15,20140.0,20210.0,19950.0,20100.0,2190.0,4602.0
2014-04-14,19950.0,20100.0,19940.0,19820.0,1498.0,5059.0
2014-04-11,19790.0,19940.0,19750.0,19770.0,2053.0,5067.0
2014-04-10,20290.0,20300.0,19780.0,20290.0,4242.0,5204.0
2014-04-09,20340.0,20430.0,20300.0,20330.0,2041.0,5801.0
2014-04-08,20340.0,20340.0,20260.0,20300.0,819.0,5867.0
2014-04-07,20430.0,20500.0,20290.0,20460.0,1591.0,5748.0
2014-04-04,20310.0,20500.0,20300.0,20300.0,1855.0,5694.0
2014-04-03,20240.0,20390.0,20240.0,20240.0,2412.0,5855.0
2014-04-02,20410.0,20460.0,20280.0,20440.0,3116.0,6031.0
2014-04-01,20530.0,20610.0,20450.0,20650.0,2792.0,6025.0
2014-03-31,20840.0,20840.0,20620.0,20690.0,1927.0,6010.0
2014-03-29,20350.0,20360.0,20310.0,20330.0,252.0,536.0
2014-03-28,20440.0,20500.0,20410.0,20490.0,148.0,796.0
2014-03-27,20440.0,20550.0,20320.0,20540.0,929.0,799.0
2014-03-26,20350.0,20570.0,20350.0,20200.0,1899.0,1037.0
2014-03-25,20400.0,20480.0,20160.0,20630.0,2911.0,1659.0
2014-03-24,20720.0,20740.0,20600.0,20690.0,845.0,2655.0
2014-03-22,20760.0,20810.0,20670.0,20730.0,922.0,2992.0
2014-03-21,20620.0,20810.0,20560.0,20630.0,1293.0,3083.0
2014-03-20,20590.0,20660.0,20540.0,20620.0,1565.0,3217.0
2014-03-19,20600.0,20650.0,20560.0,20570.0,708.0,3624.0
2014-03-18,20570.0,20600.0,20480.0,20630.0,1227.0,3794.0
2014-03-15,20540.0,20700.0,20500.0,20510.0,1052.0,4020.0
2014-03-14,20520.0,20550.0,20380.0,20560.0,2614.0,4185.0
2014-03-13,20550.0,20600.0,20500.0,20510.0,1463.0,4663.0
2014-03-12,20710.0,20710.0,20480.0,20680.0,2326.0,4735.0
2014-03-11,20700.0,20730.0,20640.0,20750.0,2307.0,4955.0
2014-03-08,20870.0,20900.0,20790.0,20940.0,1185.0,5238.0
2014-03-07,20580.0,20990.0,20580.0,20490.0,3821.0,5404.0
2014-03-06,20610.0,20610.0,20430.0,20620.0,2512.0,5964.0
2014-03-05,20520.0,20700.0,20520.0,20480.0,3142.0,5953.0
2014-03-04,20520.0,20600.0,20420.0,20490.0,3088.0,6004.0
2014-03-03,20380.0,20520.0,20220.0,20400.0,3387.0,6268.0
2014-03-01,20180.0,20460.0,20140.0,20180.0,3768.0,6216.0
2014-02-28,20500.0,20620.0,20130.0,20620.0,5682.0,6793.0
2014-02-27,20850.0,20850.0,20850.0,20850.0,4711.0,7673.0
2014-02-26,20430.0,20470.0,20270.0,20530.0,701.0,336.0
2014-02-25,20660.0,20670.0,20490.0,20570.0,880.0,753.0
2014-02-24,20710.0,20740.0,20550.0,20750.0,1007.0,1150.0
2014-02-22,20690.0,20780.0,20690.0,20730.0,1105.0,1771.0
2014-02-21,20710.0,20790.0,20650.0,20720.0,1430.0,2403.0
2014-02-20,20670.0,20800.0,20630.0,20720.0,1021.0,2996.0
2014-02-19,20590.0,21000.0,20540.0,20640.0,1824.0,3205.0
2014-02-18,20610.0,20660.0,20540.0,20540.0,1818.0,3734.0
2014-02-17,20630.0,20630.0,20630.0,20630.0,2186.0,3990.0
2014-02-15,20780.0,20780.0,20610.0,20640.0,742.0,4376.0
2014-02-14,20680.0,20710.0,20610.0,20710.0,1212.0,4418.0
2014-02-13,20800.0,20830.0,20690.0,20780.0,2204.0,4667.0
2014-02-12,20720.0,20820.0,20680.0,20620.0,2302.0,4917.0
2014-02-11,20830.0,20850.0,20600.0,20870.0,3161.0,5253.0
2014-02-10,20960.0,20970.0,20800.0,20970.0,2505.0,5722.0
2014-02-08,21110.0,21120.0,20970.0,20960.0,1682.0,6227.0
2014-02-07,21130.0,21130.0,20930.0,20990.0,3323.0,6363.0
2014-02-06,20930.0,21030.0,20860.0,20900.0,2807.0,6708.0
2014-02-05,20740.0,20810.0,20700.0,20730.0,3198.0,6899.0
2014-02-04,20650.0,20760.0,20570.0,20640.0,2060.0,6862.0
2014-02-03,20580.0,20680.0,20550.0,20580.0,1807.0,6973.0
2014-02-01,20610.0,20630.0,20520.0,20700.0,1575.0,7223.0
2014-01-31,20730.0,20770.0,20650.0,20700.0,3270.0,7476.0
2014-01-30,20610.0,20610.0,20410.0,20410.0,442.0,655.0
2014-01-29,20350.0,20350.0,20350.0,20350.0,496.0,943.0
2014-01-28,20470.0,20470.0,20320.0,20590.0,894.0,1248.0
2014-01-27,20430.0,20650.0,20370.0,20480.0,1088.0,1512.0
2014-01-25,20510.0,20520.0,20400.0,20540.0,1057.0,1914.0
2014-01-24,20440.0,20590.0,20260.0,20500.0,2715.0,2245.0
2014-01-23,20650.0,20650.0,20490.0,20600.0,1936.0,2857.0
2014-01-22,20400.0,20650.0,20400.0,20300.0,2261.0,3225.0
2014-01-21,20110.0,20110.0,20110.0,20110.0,2304.0,3559.0
2014-01-20,20130.0,20210.0,20010.0,20150.0,2642.0,4067.0
2014-01-18,20260.0,20260.0,20260.0,20260.0,1888.0,4161.0
2014-01-17,20330.0,20330.0,20330.0,20330.0,3204.0,4190.0
2014-01-16,20540.0,20540.0,20540.0,20540.0,3724.0,4277.0
2014-01-15,20200.0,20200.0,20200.0,20200.0,3199.0,4683.0
2014-01-14,20090.0,20090.0,20090.0,20090.0,2545.0,5077.0
2014-01-13,20200.0,20340.0,20160.0,20090.0,2545.0,5077.0
2014-01-10,20140.0,20220.0,20020.0,20140.0,2833.0,5490.0
2014-01-09,20150.0,20180.0,20010.0,20200.0,3652.0,5576.0
2014-01-08,20350.0,20390.0,20170.0,20320.0,3494.0,5833.0
2014-01-07,20070.0,20350.0,20010.0,20050.0,4865.0,5955.0
2014-01-06,19690.0,19690.0,19690.0,19690.0,3335.0,6553.0
2013-12-31,19870.0,19870.0,19870.0,19870.0,4090.0,7046.0
2013-12-30,19300.0,19580.0,19290.0,19280.0,344.0,692.0
2013-12-27,19160.0,19280.0,19090.0,19010.0,818.0,1035.0
2013-12-26,18980.0,19170.0,18980.0,18920.0,1347.0,1274.0
2013-12-24,18900.0,19030.0,18860.0,18850.0,1000.0,1697.0
2013-12-23,18960.0,18970.0,18800.0,19010.0,1023.0,1973.0
2013-12-21,19120.0,19120.0,19120.0,19120.0,1339.0,2115.0
2013-12-20,19260.0,19360.0,19070.0,19280.0,1759.0,2456.0
2013-12-19,19260.0,19400.0,19110.0,19180.0,1881.0,2757.0
2013-12-18,18970.0,19200.0,18880.0,18970.0,1228.0,2912.0
2013-12-17,18990.0,19180.0,18920.0,19010.0,1229.0,2899.0
2013-12-16,19110.0,19260.0,18950.0,19090.0,1875.0,3188.0
2013-12-13,18930.0,19350.0,18890.0,18800.0,3186.0,3831.0
2013-12-12,18590.0,18880.0,18590.0,18520.0,2917.0,4160.0
2013-12-11,18680.0,18700.0,18500.0,18700.0,1565.0,4677.0
2013-12-10,18870.0,18870.0,18670.0,18830.0,999.0,4787.0
2013-12-09,18780.0,18930.0,18660.0,18780.0,1351.0,5089.0
2013-12-07,18650.0,18820.0,18650.0,18600.0,1022.0,5149.0
2013-12-06,18760.0,18790.0,18550.0,18740.0,1630.0,5151.0
2013-12-05,18750.0,18840.0,18660.0,18780.0,2061.0,5199.0
2013-12-04,18500.0,18500.0,18500.0,18500.0,2365.0,5192.0
