Date,Open,High,Low,Settle,Volume,Interest
2020-02-17,168.0,168.5,168.0,168.25,867.0,10872.0
2020-02-14,167.75,169.25,167.75,168.25,471.0,11321.0
2020-02-13,167.75,173.25,167.25,168.25,690.0,12064.0
2020-02-12,167.0,168.0,166.5,167.5,1022.0,12541.0
2020-02-11,167.0,167.25,166.75,166.75,663.0,12891.0
2020-02-10,167.5,167.5,167.0,167.25,766.0,12485.0
2020-02-07,167.5,167.75,167.25,167.5,535.0,12997.0
2020-02-06,167.5,168.0,167.25,167.75,764.0,13598.0
2020-02-05,169.0,169.5,167.25,167.75,1504.0,13129.0
2020-02-04,168.25,169.25,168.25,168.75,849.0,13314.0
2020-02-03,168.0,168.5,167.5,168.0,1549.0,0.0
2020-01-31,169.0,169.25,168.25,168.5,1150.0,13028.0
2020-01-30,169.0,169.5,169.0,169.25,826.0,13077.0
2020-01-29,169.5,170.0,169.25,169.5,976.0,
2020-01-28,169.5,170.0,168.75,169.75,2567.0,13001.0
2020-01-27,170.25,170.75,170.0,170.25,1000.0,12683.0
2020-01-24,172.0,172.5,171.0,172.0,744.0,12803.0
2020-01-23,173.25,173.25,172.0,172.5,784.0,13583.0
2020-01-22,173.25,173.5,172.25,172.5,1192.0,13537.0
2020-01-21,172.5,173.0,172.0,172.5,991.0,13862.0
2020-01-20,173.5,173.75,172.5,172.5,1531.0,13938.0
2020-01-17,170.75,173.25,170.75,173.0,803.0,14001.0
2020-01-16,172.0,172.0,171.13,171.25,1102.0,14039.0
2020-01-15,174.0,174.0,171.75,172.75,750.0,13819.0
2020-01-14,173.25,173.75,173.0,173.5,989.0,13905.0
2020-01-13,173.25,173.25,172.25,173.0,860.0,13716.0
2020-01-10,173.25,173.25,172.25,173.0,906.0,13852.0
2020-01-09,172.0,173.0,171.5,172.75,1047.0,14142.0
2020-01-08,171.25,171.75,170.25,171.25,1016.0,0.0
2020-01-07,172.25,172.5,170.5,171.0,875.0,14629.0
2020-01-06,173.0,173.0,172.25,172.5,1108.0,14954.0
2020-01-03,168.25,168.5,165.0,168.0,108.0,529.0
2020-01-02,169.25,170.0,168.5,169.0,321.0,651.0
2019-12-31,169.0,169.0,168.5,168.5,126.0,931.0
2019-12-30,167.0,168.5,167.0,168.5,207.0,1169.0
2019-12-27,162.75,167.5,162.75,165.5,595.0,1447.0
2019-12-24,162.0,162.5,162.0,162.5,151.0,1772.0
2019-12-23,159.0,163.5,159.0,161.5,468.0,2286.0
2019-12-20,163.5,164.0,161.0,161.25,512.0,2955.0
2019-12-19,164.0,164.75,163.5,164.25,897.0,3271.0
2019-12-18,165.5,175.0,163.75,164.0,740.0,4242.0
2019-12-17,166.25,182.25,165.0,166.0,1403.0,4591.0
2019-12-16,166.75,169.25,166.0,166.5,919.0,
2019-12-13,165.0,172.25,165.0,165.75,621.0,4641.0
2019-12-12,163.0,164.75,163.0,164.5,469.0,5350.0
2019-12-11,164.5,165.0,163.5,163.5,1274.0,5751.0
2019-12-10,164.75,165.5,164.25,165.0,776.0,5400.0
2019-12-09,165.25,165.25,164.75,165.0,309.0,5369.0
2019-12-06,164.75,165.5,164.5,164.75,193.0,5495.0
2019-12-05,164.75,165.5,164.5,,136.0,5495.0
2019-12-04,165.75,165.75,164.25,164.5,147.0,5660.0
2019-12-03,166.25,166.5,165.75,166.0,346.0,5773.0
2019-12-02,165.25,166.75,165.25,166.0,256.0,5872.0
2019-11-29,166.0,166.75,165.25,166.0,310.0,5967.0
2019-11-28,166.25,166.75,165.5,166.0,530.0,6217.0
2019-11-27,165.5,166.5,165.25,165.75,906.0,6138.0
2019-11-26,165.25,165.75,165.0,165.75,516.0,5938.0
2019-11-25,165.0,165.5,164.75,165.25,354.0,6035.0
2019-11-22,164.25,165.0,163.75,164.75,375.0,6019.0
2019-11-21,163.25,164.25,163.25,164.25,322.0,6142.0
2019-11-20,163.0,164.0,163.0,164.0,1438.0,6609.0
2019-11-18,164.0,164.0,162.75,163.0,191.0,6249.0
2019-11-15,164.25,165.0,163.25,164.25,712.0,6211.0
2019-11-14,162.25,164.25,162.25,164.0,381.0,6367.0
2019-11-13,164.0,164.0,163.0,163.25,89.0,6367.0
2019-11-12,164.0,164.0,163.0,163.75,250.0,6389.0
2019-11-11,163.0,164.0,162.75,163.25,89.0,6379.0
2019-11-08,163.25,164.0,163.25,163.5,284.0,6402.0
2019-11-07,165.0,165.0,163.25,163.75,472.0,
2019-11-06,164.5,165.25,163.75,164.0,248.0,6603.0
2019-11-05,163.75,164.5,163.25,164.0,436.0,6894.0
2019-11-04,161.0,161.0,153.0,155.0,458.0,649.0
2019-11-01,163.0,163.75,161.0,161.0,240.0,923.0
2019-10-31,163.5,163.5,162.5,163.25,311.0,1084.0
2019-10-30,163.5,163.5,162.5,163.25,400.0,1358.0
2019-10-29,164.0,165.0,163.0,163.5,736.0,2439.0
2019-10-28,164.25,164.25,163.0,163.75,1326.0,2907.0
2019-10-25,162.75,164.5,162.5,164.25,1134.0,3695.0
2019-10-24,164.0,164.25,163.25,163.25,1177.0,4350.0
2019-10-23,164.75,165.0,163.75,164.25,1124.0,4404.0
2019-10-22,165.5,165.5,164.25,164.75,1330.0,4834.0
2019-10-21,165.75,166.0,164.75,165.25,1079.0,6283.0
2019-10-18,165.0,165.75,164.5,165.75,1935.0,6651.0
2019-10-17,164.5,165.5,164.25,165.0,1252.0,7800.0
2019-10-16,164.0,164.25,163.75,164.25,1914.0,9055.0
2019-10-15,164.5,165.0,163.5,164.0,1494.0,7485.0
2019-10-14,166.75,167.0,164.5,164.75,1119.0,7750.0
2019-10-11,163.25,165.5,163.25,165.25,1274.0,7976.0
2019-10-10,164.75,165.5,163.25,163.5,938.0,8080.0
2019-10-09,165.0,165.25,164.25,164.75,1099.0,8267.0
2019-10-08,163.75,165.0,163.0,165.0,1681.0,8601.0
2019-10-07,164.5,164.5,163.75,164.25,942.0,8379.0
2019-10-04,164.5,165.0,164.5,164.5,606.0,8529.0
2019-10-03,164.25,165.0,164.25,165.0,608.0,8797.0
2019-10-02,164.75,165.25,164.5,164.75,1023.0,9309.0
2019-10-01,164.5,165.0,164.0,164.75,1311.0,9529.0
2019-09-30,163.0,164.75,163.0,164.5,664.0,9539.0
2019-09-27,162.75,164.0,162.75,163.75,544.0,9662.0
2019-09-26,162.5,163.5,162.5,163.25,1043.0,9718.0
2019-09-25,162.75,163.5,162.5,162.5,467.0,9795.0
2019-09-24,163.25,163.75,162.75,162.75,910.0,10311.0
2019-09-23,162.75,164.0,162.75,163.5,537.0,10343.0
2019-09-20,164.0,164.0,163.0,163.25,531.0,10631.0
2019-09-19,163.0,164.25,162.5,163.5,699.0,10592.0
2019-09-18,164.5,164.5,163.5,164.0,545.0,10860.0
2019-09-17,163.25,164.25,163.25,164.0,602.0,11440.0
2019-09-16,162.5,163.75,162.5,163.75,863.0,11023.0
2019-09-13,162.0,163.5,161.75,162.75,1210.0,11870.0
2019-09-12,162.25,163.25,162.0,162.25,744.0,11607.0
2019-09-11,163.5,163.5,162.5,162.5,400.0,11771.0
2019-09-10,162.75,164.0,162.75,163.75,738.0,12170.0
2019-09-09,160.75,163.0,160.5,162.75,578.0,12260.0
2019-09-06,161.0,162.0,161.0,161.0,164.0,12297.0
2019-09-05,161.0,162.0,161.0,161.5,164.0,12677.0
2019-09-04,162.25,162.25,160.75,161.25,630.0,12434.0
2019-09-03,161.75,162.25,161.0,161.25,323.0,12607.0
2019-09-02,162.75,162.75,161.5,161.75,666.0,12671.0
2019-08-30,164.0,164.0,162.75,163.0,954.0,12774.0
2019-08-29,164.25,164.75,163.75,164.0,310.0,12734.0
2019-08-28,164.75,165.25,164.0,164.25,331.0,12763.0
2019-08-27,165.25,165.5,164.0,164.75,213.0,12809.0
2019-08-26,165.5,165.75,164.75,165.0,493.0,12865.0
2019-08-23,165.0,165.75,164.5,164.5,274.0,12950.0
2019-08-22,165.75,166.0,164.75,165.0,429.0,12763.0
2019-08-21,165.5,165.75,165.0,165.5,460.0,12508.0
2019-08-20,165.25,166.25,165.25,165.5,257.0,12436.0
2019-08-19,167.0,167.75,165.25,165.25,638.0,
2019-08-16,169.0,169.25,167.75,168.0,215.0,12125.0
2019-08-15,169.0,169.25,168.5,169.0,336.0,12216.0
2019-08-14,168.0,169.0,168.0,168.5,412.0,12282.0
2019-08-13,169.25,169.25,166.5,167.75,894.0,12014.0
2019-08-12,172.5,173.25,169.25,170.0,791.0,11718.0
2019-08-09,172.0,173.0,172.0,172.75,694.0,11631.0
2019-08-08,170.75,172.0,168.75,171.75,823.0,11340.0
2019-08-07,170.25,170.75,170.0,170.5,1071.0,10828.0
2019-08-06,171.0,171.75,170.0,170.5,1384.0,10341.0
2019-08-05,171.75,172.25,171.0,171.0,728.0,10176.0
2019-08-02,164.0,164.0,158.0,158.0,106.0,351.0
2019-08-01,169.75,169.75,162.0,167.0,205.0,421.0
2019-07-31,174.0,175.0,169.75,170.0,428.0,697.0
2019-07-30,177.0,177.0,173.75,174.0,160.0,756.0
2019-07-29,179.0,181.25,176.5,177.75,442.0,1020.0
2019-07-26,179.5,179.75,179.0,179.25,233.0,1219.0
2019-07-25,180.0,180.0,179.5,179.5,356.0,1402.0
2019-07-24,180.0,181.0,180.0,180.0,637.0,1573.0
2019-07-23,180.0,180.0,179.0,179.25,867.0,1757.0
2019-07-22,180.0,181.0,179.0,180.5,206.0,2111.0
2019-07-19,178.0,181.0,178.0,180.75,662.0,2774.0
2019-07-18,178.25,178.5,178.0,178.0,834.0,3035.0
2019-07-17,177.75,178.5,177.75,178.25,351.0,3663.0
2019-07-16,177.5,178.0,177.5,177.5,907.0,4188.0
2019-07-15,178.25,178.25,177.5,177.75,1483.0,3540.0
2019-07-12,178.25,178.25,177.75,178.0,382.0,3475.0
2019-07-10,177.75,177.75,176.5,177.5,923.0,3599.0
2019-07-05,178.0,178.5,177.0,178.25,607.0,4064.0
2019-07-04,175.75,177.5,175.75,177.25,415.0,4792.0
2019-07-03,176.25,176.25,175.0,175.75,813.0,5012.0
2019-07-02,176.25,176.75,175.5,175.5,2052.0,4951.0
2019-07-01,176.75,177.5,175.25,176.25,440.0,5050.0
2019-06-28,178.5,179.25,177.5,177.5,809.0,5123.0
2019-06-27,178.25,178.75,177.75,178.5,544.0,5163.0
2019-06-26,176.0,178.0,175.75,177.5,593.0,5243.0
2019-06-25,178.5,179.0,177.5,177.75,1263.0,5099.0
2019-06-24,175.25,178.25,175.0,177.75,1080.0,5385.0
2019-06-21,175.75,176.5,175.0,175.75,162.0,5418.0
2019-06-20,175.5,176.25,174.75,175.5,562.0,5560.0
2019-06-19,176.75,177.5,175.0,175.25,1309.0,5880.0
2019-06-18,177.25,177.25,175.5,177.0,601.0,6737.0
2019-06-17,177.75,179.25,177.0,177.25,2183.0,5811.0
2019-06-14,176.75,177.0,176.0,176.5,434.0,6052.0
2019-06-13,176.5,177.75,174.75,176.25,538.0,6194.0
2019-06-12,175.25,176.0,174.75,175.75,334.0,6316.0
2019-06-11,175.25,176.25,174.25,176.0,305.0,6299.0
2019-06-10,174.75,175.75,174.5,174.75,50.0,6301.0
2019-06-07,175.0,175.75,174.5,175.25,293.0,6442.0
2019-06-06,175.0,176.0,173.5,174.5,302.0,6667.0
2019-06-05,176.5,176.5,174.5,175.0,888.0,6976.0
2019-06-04,167.0,170.0,165.25,169.0,130.0,560.0
2019-06-03,165.0,168.0,165.0,167.5,534.0,971.0
2019-05-31,165.0,166.0,165.0,165.5,307.0,1425.0
2019-05-30,165.0,167.0,164.25,166.5,176.0,1513.0
2019-05-29,165.0,165.5,162.75,165.0,955.0,2328.0
2019-05-28,164.0,165.25,161.5,163.0,756.0,2959.0
2019-05-27,163.5,163.75,160.0,163.0,484.0,3087.0
2019-05-24,161.75,162.5,161.5,161.75,281.0,3222.0
2019-05-23,162.0,163.0,161.75,162.0,336.0,3558.0
2019-05-22,162.75,163.0,161.25,162.25,697.0,4000.0
2019-05-21,163.25,164.5,162.5,163.25,1012.0,5473.0
2019-05-20,161.75,163.25,161.75,162.75,2006.0,5707.0
2019-05-17,162.75,163.75,161.5,162.0,620.0,6592.0
2019-05-16,163.5,164.25,162.25,162.75,1787.0,8004.0
2019-05-15,163.75,165.25,163.0,164.0,1054.0,6812.0
2019-05-14,163.25,164.5,163.25,164.0,970.0,8033.0
2019-05-13,163.25,163.25,161.5,163.0,1544.0,8006.0
2019-05-10,164.5,165.0,163.5,163.5,438.0,8178.0
2019-05-09,165.25,165.5,164.25,164.5,446.0,7979.0
2019-05-08,166.25,166.75,164.0,165.25,182.0,8146.0
2019-05-07,166.0,166.25,165.25,166.25,454.0,8493.0
2019-05-06,166.5,166.75,165.5,166.25,532.0,8388.0
2019-05-03,168.5,168.5,166.25,166.75,465.0,8799.0
2019-05-02,165.5,167.75,165.5,166.75,716.0,8948.0
2019-04-30,165.75,165.75,165.0,165.5,643.0,9068.0
2019-04-29,164.5,167.25,164.5,165.5,300.0,9105.0
2019-04-26,164.5,166.0,164.25,166.0,418.0,9134.0
2019-04-25,164.0,165.0,163.75,164.5,293.0,9199.0
2019-04-24,164.25,165.75,164.0,164.25,392.0,9488.0
2019-04-23,165.25,165.75,164.0,164.0,476.0,9973.0
2019-04-18,165.25,165.75,165.25,165.5,1157.0,9528.0
2019-04-17,165.25,166.75,165.25,165.5,562.0,9784.0
2019-04-16,166.25,166.5,165.0,165.5,1699.0,9522.0
2019-04-15,167.25,167.5,166.5,166.5,410.0,9455.0
2019-04-12,169.5,169.5,167.0,167.5,921.0,10121.0
2019-04-11,170.0,170.0,169.25,169.25,762.0,10077.0
2019-04-10,171.25,171.25,167.0,169.75,664.0,10057.0
2019-04-09,170.0,171.0,170.0,170.5,505.0,10402.0
2019-04-08,170.25,171.0,169.75,170.25,884.0,10600.0
2019-04-05,169.5,170.5,169.25,170.25,551.0,10694.0
2019-04-04,169.75,170.0,169.25,169.75,482.0,10626.0
2019-04-03,169.5,170.0,169.0,169.0,460.0,10542.0
2019-04-02,168.5,169.0,168.25,168.5,1160.0,10590.0
2019-04-01,168.0,169.25,167.25,168.25,963.0,11215.0
2019-03-29,169.0,169.75,168.0,168.0,1123.0,11254.0
2019-03-28,169.25,169.25,168.5,169.25,546.0,11753.0
2019-03-27,170.25,170.5,169.25,169.25,1233.0,12048.0
2019-03-26,171.75,172.0,170.25,170.5,784.0,12317.0
2019-03-25,170.5,171.0,170.25,171.0,1136.0,12271.0
2019-03-22,170.75,171.5,170.5,170.5,507.0,12603.0
2019-03-21,169.25,171.0,168.75,170.5,875.0,12514.0
2019-03-20,170.5,170.5,168.5,169.0,924.0,12765.0
2019-03-19,170.5,170.75,169.5,170.25,447.0,12669.0
2019-03-18,170.75,171.0,170.0,170.5,379.0,12698.0
2019-03-15,170.75,171.25,170.25,170.5,853.0,13499.0
2019-03-14,170.25,172.0,170.25,171.0,1713.0,13594.0
2019-03-13,169.0,170.25,168.0,170.0,1032.0,13873.0
2019-03-12,166.25,169.75,166.0,169.25,2042.0,13308.0
2019-03-11,168.75,169.0,166.0,166.75,997.0,13315.0
2019-03-08,169.25,169.5,168.0,168.5,947.0,13186.0
2019-03-07,170.0,170.5,169.25,169.75,994.0,13099.0
2019-03-06,170.0,171.5,169.75,170.25,696.0,13562.0
2019-03-05,170.0,171.0,168.25,170.0,929.0,0.0
2019-03-04,160.0,162.0,158.0,162.0,98.0,554.0
2019-03-01,163.0,163.0,155.25,157.75,212.0,1024.0
2019-02-28,169.0,169.0,164.0,164.25,510.0,1183.0
2019-02-27,170.0,171.0,168.75,169.0,439.0,1429.0
2019-02-26,171.75,171.75,169.5,169.75,504.0,2211.0
2019-02-25,172.5,172.75,171.25,172.0,1609.0,3273.0
2019-02-22,174.0,174.75,172.75,172.75,909.0,3642.0
2019-02-21,174.25,174.75,173.5,173.5,482.0,3956.0
2019-02-20,174.0,174.5,173.0,174.0,549.0,4583.0
2019-02-19,172.25,174.5,172.25,173.5,960.0,6182.0
2019-02-18,173.25,173.25,171.5,172.25,2001.0,6555.0
2019-02-15,175.0,175.25,172.5,173.0,726.0,6761.0
2019-02-14,175.25,175.75,174.75,175.0,1131.0,7085.0
2019-02-13,176.25,176.5,175.0,175.25,987.0,7523.0
2019-02-12,176.75,176.75,176.25,176.5,854.0,8093.0
2019-02-11,178.0,178.0,176.5,177.0,1466.0,7957.0
2019-02-08,176.25,176.75,176.0,176.5,982.0,8003.0
2019-02-07,176.5,176.75,176.0,176.0,917.0,8655.0
2019-02-06,176.5,177.0,175.75,176.5,1193.0,8588.0
2019-02-05,177.5,177.5,176.25,176.5,572.0,8853.0
2019-02-04,177.0,177.25,176.0,176.75,539.0,9050.0
2019-02-01,178.0,178.0,177.0,177.0,545.0,9044.0
2019-01-31,178.5,178.5,177.5,177.75,581.0,9179.0
2019-01-30,179.25,179.25,178.25,178.5,632.0,9170.0
2019-01-29,179.75,179.75,178.75,179.0,634.0,9624.0
2019-01-28,179.75,180.0,179.0,179.5,1228.0,10186.0
2019-01-25,181.75,182.0,179.25,179.75,1168.0,9934.0
2019-01-24,182.75,182.75,181.5,181.75,619.0,10213.0
2019-01-23,182.25,182.5,182.0,182.5,1531.0,10801.0
2019-01-22,182.25,182.75,182.0,182.25,865.0,10997.0
2019-01-21,181.25,182.0,181.0,181.75,704.0,11011.0
2019-01-18,180.75,181.25,180.25,181.0,194.0,11058.0
2019-01-17,179.75,180.75,179.75,180.5,223.0,11144.0
2019-01-16,179.75,180.75,179.75,180.0,718.0,10925.0
2019-01-15,180.0,180.5,179.5,179.75,532.0,11193.0
2019-01-14,180.5,180.75,179.75,179.75,1068.0,11264.0
2019-01-11,181.0,181.0,180.25,180.5,592.0,11992.0
2019-01-10,182.0,182.0,180.25,180.5,1327.0,12032.0
2019-01-09,183.0,183.0,181.75,181.75,555.0,12230.0
2019-01-08,182.5,183.0,182.25,182.75,1394.0,12071.0
2019-01-07,183.25,183.25,181.75,182.25,525.0,12273.0
2019-01-04,179.25,181.0,178.0,180.5,99.0,234.0
2019-01-03,180.0,180.0,178.5,180.0,164.0,306.0
2019-01-02,178.5,180.25,177.75,179.75,120.0,299.0
2018-12-31,180.0,180.0,177.0,178.5,6.0,394.0
2018-12-28,178.25,181.0,177.0,177.75,359.0,698.0
2018-12-27,178.5,178.5,177.25,178.25,74.0,744.0
2018-12-24,178.25,178.25,178.0,178.25,70.0,0.0
2018-12-21,178.0,178.25,177.5,178.0,535.0,1351.0
2018-12-20,176.5,177.75,176.5,177.75,539.0,1619.0
2018-12-19,176.5,177.5,176.5,176.75,429.0,2940.0
2018-12-18,176.0,177.25,176.0,177.0,1399.0,4197.0
2018-12-17,175.5,176.75,175.5,176.0,761.0,3857.0
2018-12-14,177.0,177.25,174.25,175.5,628.0,4162.0
2018-12-13,176.5,177.25,176.0,177.0,687.0,4608.0
2018-12-12,175.0,176.5,174.75,176.25,914.0,4567.0
2018-12-11,173.0,175.0,173.0,174.75,643.0,4768.0
2018-12-10,174.0,174.0,173.25,173.75,660.0,5233.0
2018-12-07,174.0,174.75,173.5,174.0,363.0,5359.0
2018-12-06,174.0,174.5,173.75,174.0,529.0,5628.0
2018-12-05,173.25,174.5,173.25,174.5,597.0,5697.0
2018-12-04,172.75,173.25,172.75,173.25,387.0,6482.0
2018-12-03,173.5,173.5,172.75,173.0,530.0,6362.0
2018-11-30,172.75,173.25,172.5,172.75,330.0,6388.0
2018-11-29,172.0,173.5,172.0,173.0,347.0,6719.0
2018-11-28,174.5,175.0,173.0,173.5,564.0,6913.0
2018-11-27,173.75,174.75,173.75,174.25,354.0,7167.0
2018-11-26,174.25,174.25,173.5,173.75,833.0,7199.0
2018-11-23,173.0,175.0,173.0,174.0,185.0,7190.0
2018-11-22,172.75,174.75,172.75,174.5,214.0,7318.0
2018-11-21,173.75,174.0,173.0,173.75,427.0,7594.0
2018-11-20,172.75,173.75,172.75,173.0,564.0,7335.0
2018-11-19,174.75,174.75,172.75,173.25,648.0,7429.0
2018-11-16,175.0,175.25,174.5,174.75,465.0,7469.0
2018-11-15,174.0,175.75,174.0,175.5,388.0,7677.0
2018-11-14,174.0,175.0,173.5,174.75,533.0,7572.0
2018-11-13,173.0,174.25,172.75,174.0,408.0,8082.0
2018-11-12,170.25,173.75,170.25,173.5,780.0,7916.0
2018-11-09,172.25,173.0,171.5,171.75,227.0,8091.0
2018-11-08,172.25,173.75,172.25,172.75,579.0,8007.0
2018-11-07,172.0,172.5,171.75,172.5,636.0,8034.0
2018-11-06,172.0,172.75,171.75,172.25,403.0,7980.0
2018-11-05,173.0,173.0,171.0,171.75,270.0,8037.0
2018-11-02,168.25,170.0,168.25,169.5,363.0,851.0
2018-11-01,168.5,169.0,167.25,168.5,223.0,1061.0
2018-10-31,167.5,168.25,167.25,168.0,399.0,1332.0
2018-10-30,168.5,168.5,167.75,168.25,262.0,1730.0
2018-10-29,166.0,171.0,166.0,168.5,1379.0,2768.0
2018-10-26,166.25,166.5,165.5,166.0,359.0,3217.0
2018-10-25,167.25,167.25,166.0,166.25,295.0,3608.0
2018-10-24,167.25,167.5,167.0,167.25,541.0,3986.0
2018-10-23,167.0,167.75,166.75,167.25,689.0,4141.0
2018-10-22,168.5,168.5,166.5,166.5,608.0,5411.0
2018-10-19,168.25,169.5,168.25,168.5,1747.0,5826.0
2018-10-18,170.0,170.25,168.25,169.0,1110.0,6233.0
2018-10-17,171.75,172.25,170.25,170.5,898.0,7426.0
2018-10-16,172.75,172.75,171.75,171.75,2834.0,9323.0
2018-10-15,174.0,174.0,171.0,172.25,1899.0,8401.0
2018-10-12,174.0,174.5,173.5,174.25,1602.0,8802.0
2018-10-11,173.0,174.0,172.5,173.5,2351.0,9398.0
2018-10-10,173.25,174.0,173.25,173.25,1390.0,9373.0
2018-10-09,173.5,174.0,173.25,173.5,968.0,9768.0
2018-10-08,174.5,174.5,173.75,173.75,465.0,9955.0
2018-10-05,174.25,174.5,173.75,174.25,625.0,10376.0
2018-10-04,174.5,175.25,174.0,174.0,543.0,10957.0
2018-10-03,175.5,176.0,174.75,174.75,1299.0,11006.0
2018-10-02,174.25,174.75,174.0,174.25,608.0,11259.0
2018-10-01,174.25,175.25,173.75,174.5,806.0,11577.0
2018-09-28,174.75,176.0,173.25,174.5,1035.0,11456.0
2018-09-27,176.5,177.5,175.75,176.0,837.0,11553.0
2018-09-26,177.75,177.75,176.25,177.25,877.0,11548.0
2018-09-25,174.0,178.0,174.0,176.5,832.0,11399.0
2018-09-24,176.25,177.25,176.0,176.5,537.0,11229.0
2018-09-21,177.0,177.25,175.0,177.0,587.0,11202.0
2018-09-20,174.75,176.5,173.0,176.0,1510.0,11548.0
2018-09-19,176.25,176.5,173.25,175.0,1617.0,11539.0
2018-09-18,176.5,177.5,175.5,176.0,499.0,11372.0
2018-09-17,177.0,177.5,176.5,176.5,483.0,11740.0
2018-09-14,175.25,177.25,175.0,176.25,996.0,11774.0
2018-09-13,176.75,176.75,174.0,175.0,1462.0,11468.0
2018-09-12,180.75,181.0,177.25,177.5,699.0,11326.0
2018-09-11,180.0,180.75,178.5,179.0,528.0,11381.0
2018-09-10,177.75,180.5,177.75,179.75,506.0,11485.0
2018-09-07,179.75,179.75,176.75,177.75,872.0,11694.0
2018-09-06,180.75,181.5,179.0,180.0,543.0,11790.0
2018-09-05,182.5,182.5,181.0,181.25,480.0,11998.0
2018-09-04,181.0,182.0,179.75,181.0,925.0,12041.0
2018-09-03,185.0,186.0,181.25,181.5,303.0,12081.0
2018-08-31,184.5,185.5,184.0,184.75,398.0,12253.0
2018-08-30,184.75,186.0,182.5,183.0,699.0,12660.0
2018-08-29,179.5,184.25,178.75,182.75,1079.0,12718.0
2018-08-28,180.25,181.25,179.0,179.75,886.0,12540.0
2018-08-27,183.25,183.25,179.5,180.0,993.0,12571.0
2018-08-24,184.0,185.0,183.25,183.5,511.0,12811.0
2018-08-23,185.5,185.75,183.75,184.25,673.0,12746.0
2018-08-22,185.75,186.5,184.0,185.5,615.0,12648.0
2018-08-21,188.25,188.5,186.25,186.75,747.0,12925.0
2018-08-20,189.5,192.5,188.5,189.5,334.0,12790.0
2018-08-17,188.0,193.0,187.5,190.0,1207.0,12910.0
2018-08-16,186.25,189.5,186.25,188.5,509.0,12987.0
2018-08-15,186.25,186.25,183.5,185.0,357.0,13407.0
2018-08-14,187.5,188.0,183.25,186.25,798.0,13927.0
2018-08-13,189.0,189.25,184.5,185.25,1665.0,13787.0
2018-08-10,190.5,194.0,190.0,190.5,400.0,13747.0
2018-08-09,194.25,194.5,190.25,191.0,1111.0,13490.0
2018-08-08,197.0,197.25,194.0,194.5,675.0,13279.0
2018-08-07,197.25,198.0,195.25,196.25,587.0,13146.0
2018-08-06,195.25,196.0,192.75,195.5,906.0,12661.0
2018-08-03,190.0,200.0,190.0,200.0,18.0,143.0
2018-08-02,193.0,195.0,192.0,195.0,111.0,300.0
2018-08-01,185.5,195.0,185.5,193.0,308.0,415.0
2018-07-31,182.75,185.0,182.0,184.75,157.0,527.0
2018-07-30,179.25,183.25,179.0,181.5,426.0,1256.0
2018-07-27,182.5,185.0,177.0,179.25,1289.0,1383.0
2018-07-26,185.0,186.0,181.25,182.25,784.0,1633.0
2018-07-25,180.0,182.5,178.75,181.0,931.0,2329.0
2018-07-24,175.75,178.25,174.5,177.5,700.0,2505.0
2018-07-23,173.75,176.5,173.75,175.75,1176.0,3546.0
2018-07-20,172.5,175.25,172.5,174.25,1473.0,4361.0
2018-07-19,171.25,173.0,170.5,172.5,900.0,4690.0
2018-07-18,171.0,172.0,170.75,171.25,698.0,5280.0
2018-07-17,169.0,171.0,169.0,170.75,974.0,6792.0
2018-07-16,169.25,169.5,168.25,168.5,826.0,6437.0
2018-07-13,168.75,170.0,168.75,169.0,547.0,7066.0
2018-07-12,169.5,169.5,168.25,168.5,855.0,7576.0
2018-07-11,169.5,169.5,167.5,168.0,1274.0,8013.0
2018-07-10,170.5,170.75,169.0,169.25,1417.0,7285.0
2018-07-09,171.5,172.25,170.75,171.0,695.0,7605.0
2018-07-06,171.5,171.75,170.0,171.75,582.0,8036.0
2018-07-05,170.25,172.0,170.0,172.0,1296.0,8568.0
2018-07-04,169.5,170.0,169.25,170.0,786.0,8830.0
2018-07-03,167.0,169.25,167.0,169.25,1054.0,9193.0
2018-07-02,165.25,167.5,165.25,166.75,959.0,8815.0
2018-06-29,164.5,165.25,164.25,165.0,230.0,8861.0
2018-06-28,164.0,164.75,163.75,164.5,689.0,9177.0
2018-06-27,163.5,164.0,163.25,163.75,560.0,9517.0
2018-06-26,163.5,163.5,162.75,163.25,541.0,9608.0
2018-06-25,163.0,164.25,163.0,163.5,1302.0,9222.0
2018-06-22,165.0,166.5,164.5,164.75,423.0,9135.0
2018-06-21,163.5,165.0,163.5,165.0,706.0,8858.0
2018-06-20,162.25,164.0,162.25,164.0,446.0,9357.0
2018-06-19,162.0,163.25,161.25,162.0,1156.0,9324.0
2018-06-18,165.25,165.25,162.75,162.75,1017.0,8893.0
2018-06-15,166.5,166.5,165.25,165.25,494.0,9153.0
2018-06-14,166.5,167.75,166.0,166.75,501.0,9702.0
2018-06-13,168.0,168.25,166.75,166.75,1533.0,9920.0
2018-06-12,167.25,168.75,166.25,168.5,1479.0,9790.0
2018-06-11,168.25,168.25,166.75,166.75,575.0,9771.0
2018-06-08,168.25,169.0,166.5,167.75,773.0,9506.0
2018-06-07,170.0,170.0,168.25,168.25,278.0,9727.0
2018-06-06,168.5,169.75,168.5,168.5,799.0,9627.0
2018-06-05,169.25,170.25,168.5,168.5,643.0,9554.0
2018-06-04,165.0,165.75,154.5,159.5,249.0,442.0
2018-06-01,169.5,169.5,164.0,164.75,439.0,875.0
2018-05-31,170.0,170.25,169.25,169.0,459.0,898.0
2018-05-30,172.75,172.75,169.75,169.75,555.0,1386.0
2018-05-29,173.5,175.25,172.25,173.5,683.0,2014.0
2018-05-28,174.0,174.0,170.0,172.25,1716.0,3004.0
2018-05-25,169.0,171.0,169.0,170.0,666.0,3901.0
2018-05-24,168.5,170.75,168.5,169.5,954.0,4527.0
2018-05-23,168.0,169.0,168.0,168.5,880.0,4888.0
2018-05-22,167.5,169.0,166.5,168.5,1601.0,5922.0
2018-05-21,168.75,169.0,167.5,167.5,311.0,6803.0
2018-05-18,167.25,169.0,167.25,168.5,1553.0,8608.0
2018-05-17,166.25,167.0,166.0,167.0,2351.0,10213.0
2018-05-16,165.5,166.5,165.5,166.0,2849.0,11255.0
2018-05-15,165.5,166.0,165.5,165.5,1001.0,10564.0
2018-05-14,166.5,166.5,165.5,165.5,1607.0,10105.0
2018-05-11,167.25,167.5,166.75,167.0,572.0,9767.0
2018-05-10,167.25,167.75,167.25,167.75,210.0,9819.0
2018-05-09,167.5,168.0,167.25,167.25,576.0,9956.0
2018-05-08,166.75,167.75,166.5,167.75,394.0,10286.0
2018-05-07,166.75,167.0,166.5,166.5,512.0,10278.0
2018-05-04,167.0,167.0,166.5,167.0,247.0,10308.0
2018-05-03,166.5,167.25,165.75,167.0,694.0,10990.0
2018-05-02,166.0,168.0,166.0,167.25,1540.0,11049.0
2018-04-30,164.0,165.75,164.0,165.5,698.0,11087.0
2018-04-27,162.5,164.0,162.5,163.5,763.0,11262.0
2018-04-26,163.0,163.0,162.25,162.75,1037.0,11941.0
2018-04-25,162.5,164.0,162.5,162.75,1593.0,11922.0
2018-04-24,162.25,162.75,162.0,162.0,590.0,11775.0
2018-04-23,162.75,163.0,162.0,162.25,348.0,11888.0
2018-04-20,163.25,163.5,162.25,162.5,1001.0,12240.0
2018-04-19,163.5,164.5,163.0,163.5,829.0,12085.0
2018-04-18,164.25,164.75,163.25,163.5,591.0,12288.0
2018-04-17,164.75,165.0,164.0,164.25,1040.0,12228.0
2018-04-16,165.25,165.25,164.5,164.75,716.0,12274.0
2018-04-13,166.25,166.25,165.25,165.5,748.0,12228.0
2018-04-12,167.25,167.25,165.75,166.25,800.0,12431.0
2018-04-11,167.5,168.0,167.25,167.25,601.0,12539.0
2018-04-10,168.0,168.0,167.0,167.5,900.0,12573.0
2018-04-09,168.0,168.25,167.75,168.0,698.0,12876.0
2018-04-06,166.75,168.0,166.5,167.5,1009.0,12803.0
2018-04-05,166.0,167.25,165.5,167.0,1147.0,13275.0
2018-04-04,164.5,166.0,164.25,165.5,1087.0,13367.0
2018-04-03,164.5,167.5,164.5,166.5,1738.0,13114.0
2018-03-29,163.75,165.0,162.75,164.5,1734.0,13690.0
2018-03-28,162.75,163.75,162.0,163.75,820.0,13655.0
2018-03-27,163.0,164.0,162.75,163.25,832.0,13658.0
2018-03-26,162.5,163.5,162.5,162.75,708.0,13917.0
2018-03-23,162.75,162.75,162.0,162.25,1547.0,15826.0
2018-03-22,163.0,164.0,162.5,162.75,2488.0,14900.0
2018-03-21,163.25,163.75,162.75,163.0,671.0,14979.0
2018-03-20,162.75,163.75,162.75,163.0,837.0,15029.0
2018-03-19,163.75,164.0,162.0,162.5,1253.0,
2018-03-16,165.0,165.25,164.25,164.5,589.0,15247.0
2018-03-15,166.0,166.5,165.0,165.0,1006.0,15369.0
2018-03-14,164.75,166.0,164.75,165.5,1280.0,15530.0
2018-03-13,163.75,165.5,163.5,164.75,1672.0,15254.0
2018-03-12,163.0,164.25,162.75,163.75,1519.0,14485.0
2018-03-09,163.0,164.25,163.0,163.5,930.0,14072.0
2018-03-08,161.5,163.75,161.5,163.25,854.0,13804.0
2018-03-07,163.25,163.25,161.0,161.75,1170.0,14096.0
2018-03-06,163.25,163.75,163.0,163.5,968.0,13798.0
2018-03-05,162.0,163.5,162.0,163.0,311.0,13853.0
2018-03-02,155.0,162.75,154.0,155.75,200.0,435.0
2018-03-01,156.0,156.25,154.25,155.0,193.0,677.0
2018-02-28,155.0,156.75,154.75,156.0,366.0,1068.0
2018-02-27,154.0,154.75,153.75,154.25,485.0,1406.0
2018-02-26,153.25,155.75,153.25,154.5,906.0,2862.0
2018-02-23,153.25,154.25,152.75,153.25,456.0,3754.0
2018-02-22,152.75,153.5,152.5,153.25,1172.0,4422.0
2018-02-21,153.0,153.5,152.0,152.75,1527.0,4951.0
2018-02-20,153.75,154.0,152.5,152.5,1326.0,5334.0
2018-02-19,153.5,153.5,152.5,152.75,1020.0,5824.0
2018-02-16,154.0,154.25,153.0,153.25,1517.0,7830.0
2018-02-15,155.0,155.0,153.25,153.75,1082.0,6445.0
2018-02-14,154.25,156.0,153.75,155.0,1040.0,6545.0
2018-02-13,154.5,155.25,154.5,154.75,332.0,6737.0
2018-02-12,154.25,155.0,154.0,155.0,498.0,6799.0
2018-02-09,154.0,154.5,153.75,154.25,477.0,6892.0
2018-02-08,153.75,154.25,153.25,154.25,714.0,7008.0
2018-02-07,153.0,154.0,153.0,153.75,812.0,7827.0
2018-02-06,152.0,153.0,152.0,153.0,1225.0,8453.0
2018-02-05,151.5,152.75,151.25,152.5,805.0,8735.0
2018-02-02,151.75,152.25,151.25,152.25,541.0,9067.0
2018-02-01,151.5,152.5,150.5,152.25,851.0,9356.0
2018-01-31,151.25,152.25,151.0,151.5,659.0,9492.0
2018-01-30,151.75,151.75,151.0,151.75,1247.0,10321.0
2018-01-29,152.25,153.0,150.75,151.0,1186.0,10857.0
2018-01-26,152.0,152.0,150.5,151.5,628.0,10943.0
2018-01-25,151.75,152.5,151.5,151.75,659.0,10884.0
2018-01-24,151.25,152.0,151.25,151.75,618.0,10906.0
2018-01-23,152.0,152.0,151.5,151.75,1184.0,10867.0
2018-01-22,152.5,152.75,151.25,152.0,1252.0,10542.0
2018-01-19,151.75,152.75,151.0,152.0,434.0,10621.0
2018-01-18,151.5,151.75,151.0,151.5,1342.0,10701.0
2018-01-17,151.5,152.75,151.0,151.75,1881.0,11144.0
2018-01-16,154.0,154.25,151.0,151.5,1122.0,11136.0
2018-01-15,155.0,155.25,153.0,154.0,1227.0,11334.0
2018-01-12,156.75,157.0,155.25,155.5,1331.0,12111.0
2018-01-11,159.25,159.25,157.0,157.25,1087.0,12411.0
2018-01-10,159.0,159.75,158.75,159.25,1030.0,12440.0
2018-01-09,158.5,159.5,158.25,159.0,454.0,12561.0
2018-01-08,158.75,159.0,158.0,158.75,1022.0,13029.0
2018-01-05,158.25,159.25,158.25,159.25,305.0,13046.0
2018-01-04,153.0,154.5,153.0,154.5,153.0,862.0
2018-01-03,154.0,154.0,152.0,154.0,177.0,913.0
2018-01-02,151.0,152.0,150.5,152.0,50.0,1216.0
2017-12-29,154.0,155.0,150.5,151.5,348.0,1405.0
2017-12-28,154.25,155.0,154.25,154.75,328.0,1602.0
2017-12-27,154.25,154.5,150.75,154.0,349.0,2117.0
2017-12-22,153.5,154.25,153.25,154.25,708.0,2259.0
2017-12-21,152.5,154.0,152.5,153.25,482.0,2625.0
2017-12-20,151.75,152.25,151.75,152.25,376.0,3133.0
2017-12-19,150.75,152.0,150.5,152.0,552.0,3295.0
2017-12-18,151.25,151.25,151.0,151.0,786.0,4265.0
2017-12-15,151.25,152.0,151.0,151.0,381.0,3914.0
2017-12-14,151.5,152.5,151.0,151.0,703.0,3926.0
2017-12-13,153.0,153.0,152.0,152.25,238.0,4185.0
2017-12-12,153.75,153.75,152.5,153.0,702.0,4545.0
2017-12-11,153.75,153.75,153.25,153.25,183.0,4799.0
2017-12-08,153.5,154.5,153.25,154.0,260.0,4927.0
2017-12-07,153.5,154.0,153.0,153.75,389.0,5063.0
2017-12-06,154.5,154.5,154.0,154.25,232.0,5109.0
2017-12-05,154.75,155.25,154.5,155.0,180.0,5262.0
2017-12-04,155.25,155.25,154.75,155.0,466.0,5186.0
2017-12-01,154.75,154.75,152.75,153.75,117.0,5272.0
2017-11-30,154.25,154.5,153.5,154.25,603.0,5230.0
2017-11-29,152.25,155.25,152.25,154.5,500.0,5516.0
2017-11-28,153.25,153.5,153.0,153.0,465.0,5608.0
2017-11-27,153.75,154.0,153.5,153.5,319.0,5740.0
2017-11-24,153.75,154.25,153.75,154.0,137.0,5766.0
2017-11-23,153.5,154.25,153.25,154.25,214.0,5836.0
2017-11-22,154.0,154.5,153.5,154.0,463.0,5762.0
2017-11-21,154.0,154.5,153.5,154.0,358.0,5873.0
2017-11-20,155.5,155.5,154.0,154.0,622.0,5985.0
2017-11-17,155.75,156.0,154.75,156.0,309.0,6163.0
2017-11-16,154.75,156.25,154.75,156.0,651.0,6074.0
2017-11-15,156.0,156.0,154.75,154.75,371.0,6162.0
2017-11-14,156.5,157.0,155.75,155.75,263.0,6162.0
2017-11-13,157.0,157.5,156.5,156.75,217.0,6144.0
2017-11-10,157.75,158.0,157.25,157.5,413.0,5986.0
2017-11-09,158.0,159.0,158.0,158.0,283.0,6046.0
2017-11-08,158.5,159.0,158.25,158.5,569.0,6082.0
2017-11-07,157.0,158.75,156.75,158.25,298.0,6019.0
2017-11-06,157.25,157.25,156.25,157.0,586.0,5770.0
2017-11-03,150.5,168.0,150.5,157.0,333.0,638.0
2017-11-02,148.0,152.0,147.75,151.5,277.0,968.0
2017-11-01,150.75,151.0,149.5,149.5,66.0,1104.0
2017-10-31,151.0,151.5,150.0,151.5,310.0,1540.0
2017-10-30,150.75,152.0,149.5,150.0,345.0,1880.0
2017-10-27,150.75,152.5,150.25,151.5,675.0,2548.0
2017-10-26,147.5,151.5,147.5,150.75,841.0,3228.0
2017-10-25,147.0,148.75,146.5,148.0,617.0,3563.0
2017-10-24,147.75,147.75,146.25,146.75,982.0,3755.0
2017-10-23,144.25,148.75,143.75,147.75,1134.0,4364.0
2017-10-20,146.0,146.0,144.5,145.25,1329.0,5500.0
2017-10-19,147.0,147.0,145.75,146.25,1560.0,6071.0
2017-10-18,148.25,148.25,147.5,147.5,841.0,6434.0
2017-10-17,147.0,149.25,147.0,148.75,1430.0,14553.0
2017-10-16,150.0,176.0,138.75,146.75,8018.0,11033.0
2017-10-13,152.0,176.0,150.0,150.0,2261.0,10099.0
2017-10-12,152.0,152.25,151.75,152.0,958.0,11071.0
2017-10-11,153.0,167.25,151.5,151.5,1830.0,11405.0
2017-10-10,153.0,153.5,152.5,153.25,1311.0,11585.0
2017-10-09,153.75,153.75,153.0,153.25,1291.0,11886.0
2017-10-06,154.75,156.5,154.0,154.25,1968.0,12079.0
2017-10-05,155.0,155.0,154.5,154.75,382.0,12305.0
2017-10-04,155.5,155.5,154.5,155.0,1253.0,12610.0
2017-10-03,155.0,156.0,155.0,155.5,1176.0,13022.0
2017-10-02,155.75,155.75,154.75,155.0,539.0,13247.0
2017-09-29,155.25,155.75,154.75,155.5,1068.0,13016.0
2017-09-28,155.75,156.0,155.0,155.75,734.0,13310.0
2017-09-27,156.75,157.0,155.75,156.25,611.0,13469.0
2017-09-26,155.5,165.5,155.5,156.5,1279.0,13537.0
2017-09-25,154.25,155.5,154.0,155.25,963.0,13502.0
2017-09-22,155.0,175.0,154.0,155.0,1000.0,13281.0
2017-09-21,155.5,156.75,155.0,155.0,846.0,13246.0
2017-09-20,155.75,156.0,155.25,155.25,1103.0,12844.0
2017-09-19,156.5,157.25,155.75,156.25,1063.0,13266.0
2017-09-18,158.0,158.0,156.5,157.25,1350.0,12539.0
2017-09-15,157.75,158.25,156.5,157.75,869.0,12788.0
2017-09-14,157.0,158.75,156.5,158.0,756.0,12655.0
2017-09-13,157.25,157.5,156.25,156.5,623.0,12731.0
2017-09-12,157.0,157.75,156.5,156.5,517.0,12548.0
2017-09-11,158.0,158.5,157.0,157.25,406.0,12405.0
2017-09-08,158.75,158.75,157.0,158.5,554.0,12477.0
2017-09-07,158.5,159.25,157.75,159.25,732.0,12387.0
2017-09-06,160.0,160.0,158.75,159.25,381.0,12345.0
2017-09-05,159.5,160.0,159.25,160.0,620.0,12429.0
2017-09-04,159.25,159.75,158.25,159.0,356.0,12385.0
2017-09-01,159.75,160.75,158.75,160.0,585.0,12553.0
2017-08-31,159.25,159.5,158.5,159.0,479.0,12446.0
2017-08-30,158.0,159.0,157.75,158.25,607.0,12488.0
2017-08-29,158.0,158.0,156.75,157.75,615.0,12459.0
2017-08-28,159.75,160.0,158.0,158.25,468.0,12355.0
2017-08-25,159.25,161.0,159.0,159.75,975.0,12388.0
2017-08-24,158.75,159.5,158.5,159.5,648.0,12071.0
2017-08-23,158.5,159.0,158.25,158.75,525.0,12120.0
2017-08-22,159.75,160.5,158.25,158.75,693.0,12077.0
2017-08-21,160.75,160.75,158.5,159.5,735.0,11930.0
2017-08-18,161.25,161.25,160.0,160.75,1311.0,11392.0
2017-08-17,162.0,162.25,160.5,161.25,754.0,11293.0
2017-08-16,162.75,163.25,161.75,161.75,809.0,11074.0
2017-08-15,161.75,162.75,161.75,162.5,170.0,11153.0
2017-08-14,163.0,163.0,161.75,162.25,509.0,11140.0
2017-08-11,165.5,165.5,162.5,163.5,1411.0,10395.0
2017-08-10,166.25,167.75,165.5,165.5,501.0,10452.0
2017-08-09,166.0,166.5,165.5,166.0,315.0,10504.0
2017-08-08,166.5,166.75,166.0,166.0,580.0,10774.0
2017-08-07,164.75,166.75,164.75,165.75,359.0,10675.0
2017-08-04,141.5,152.0,141.5,151.25,226.0,385.0
2017-08-03,143.0,150.0,140.25,148.5,188.0,498.0
2017-08-02,146.0,148.0,145.25,146.0,83.0,688.0
2017-08-01,155.0,157.0,140.0,143.0,124.0,679.0
2017-07-31,156.25,158.0,155.0,156.0,236.0,1098.0
2017-07-28,151.75,158.5,150.0,155.25,401.0,1401.0
2017-07-27,160.0,160.75,153.75,155.0,360.0,1601.0
2017-07-26,163.75,163.75,160.0,160.5,553.0,2409.0
2017-07-25,164.75,166.75,163.0,163.0,1086.0,2554.0
2017-07-24,165.0,165.0,162.5,164.25,594.0,2416.0
2017-07-21,166.75,166.75,165.0,165.25,289.0,2615.0
2017-07-20,167.25,167.25,165.0,166.0,737.0,3193.0
2017-07-19,168.0,168.0,167.25,167.25,1066.0,3353.0
2017-07-18,168.75,169.5,167.5,168.0,562.0,4336.0
2017-07-17,169.25,169.5,167.25,168.25,2251.0,4443.0
2017-07-14,170.0,171.75,169.25,169.75,176.0,4440.0
2017-07-13,171.25,171.5,169.25,169.75,692.0,4411.0
2017-07-12,172.0,172.25,171.25,171.75,1158.0,4685.0
2017-07-11,173.0,173.0,172.25,172.5,305.0,4830.0
2017-07-10,173.0,173.75,173.0,173.0,282.0,4875.0
2017-07-07,172.0,172.0,171.5,171.5,531.0,4883.0
2017-07-06,172.75,172.75,171.75,172.0,1504.0,5134.0
2017-07-05,174.5,175.0,173.5,173.5,409.0,5211.0
2017-07-04,175.0,175.0,174.5,174.5,271.0,5332.0
2017-07-03,175.5,176.75,175.0,175.75,604.0,5519.0
2017-06-30,175.0,175.0,174.25,174.75,241.0,5637.0
2017-06-29,173.5,175.0,173.5,174.5,556.0,5621.0
2017-06-28,174.0,174.25,173.25,173.5,485.0,5459.0
2017-06-27,174.5,174.5,174.25,174.25,614.0,5470.0
2017-06-26,174.5,175.0,174.0,174.25,328.0,5443.0
2017-06-23,174.5,175.5,174.5,175.0,97.0,5475.0
2017-06-22,176.0,176.25,174.75,175.0,320.0,5431.0
2017-06-21,176.75,176.75,176.25,176.5,509.0,5807.0
2017-06-20,175.75,180.0,175.75,176.25,790.0,6080.0
2017-06-19,174.5,176.5,174.5,175.75,698.0,5998.0
2017-06-16,174.75,175.0,172.75,173.75,206.0,5960.0
2017-06-15,172.75,173.0,172.25,172.25,213.0,5944.0
2017-06-14,174.0,174.25,173.0,173.25,1148.0,5547.0
2017-06-13,174.25,174.5,173.5,173.75,233.0,5600.0
2017-06-08,173.0,175.5,172.5,175.25,518.0,6088.0
2017-05-31,161.5,162.75,161.5,162.25,421.0,1259.0
2017-05-29,164.25,166.0,163.0,163.5,1414.0,2743.0
2017-05-26,165.5,165.5,164.5,165.0,525.0,2995.0
2017-05-25,166.0,166.25,165.75,166.0,63.0,3138.0
2017-05-24,166.0,167.0,165.75,166.25,606.0,3288.0
2017-05-23,166.75,166.75,166.0,166.5,1615.0,4423.0
2017-05-19,168.5,168.5,159.0,166.75,929.0,5497.0
2017-05-18,169.25,169.25,168.0,168.5,565.0,5939.0
2017-05-17,169.5,170.25,169.5,169.5,726.0,6714.0
2017-05-16,172.0,172.0,169.25,169.5,2172.0,9385.0
2017-05-15,173.25,173.25,171.25,172.25,1112.0,8699.0
2017-05-12,173.75,174.0,173.0,173.75,438.0,8701.0
2017-05-11,174.5,174.75,174.25,174.25,522.0,8694.0
2017-05-10,173.75,174.25,173.75,174.25,395.0,8581.0
2017-05-09,174.5,174.5,173.75,173.75,536.0,8594.0
2017-05-08,174.25,175.0,174.25,174.5,484.0,8372.0
2017-05-05,174.0,174.25,173.75,174.0,580.0,8296.0
2017-05-04,174.0,174.0,173.5,173.75,299.0,8278.0
2017-05-03,174.0,174.5,173.75,174.0,618.0,8351.0
2017-05-02,174.5,174.5,173.0,174.25,393.0,8340.0
2017-04-28,171.75,172.5,171.75,172.25,305.0,8600.0
2017-04-27,171.75,172.0,171.25,171.5,426.0,8720.0
2017-04-26,172.75,173.0,172.0,172.25,384.0,8783.0
2017-04-25,174.0,174.0,172.5,173.0,415.0,9007.0
2017-04-24,173.0,175.0,173.0,173.25,455.0,8939.0
2017-04-21,173.25,173.5,173.0,173.0,397.0,8870.0
2017-04-20,173.75,174.0,173.5,174.0,529.0,8780.0
2017-04-19,173.5,174.0,173.25,173.75,665.0,8830.0
2017-04-18,172.5,174.0,172.0,173.5,1064.0,9144.0
2017-04-13,171.0,173.0,171.0,172.75,1177.0,9170.0
2017-04-12,170.0,171.0,170.0,170.75,1229.0,8939.0
2017-04-11,169.75,170.5,169.0,169.5,1049.0,8861.0
2017-04-10,169.0,170.0,168.5,169.75,1572.0,9275.0
2017-04-07,171.5,171.5,168.5,169.25,1174.0,9822.0
2017-04-06,171.5,172.0,171.0,171.25,388.0,9753.0
2017-04-05,172.0,172.25,171.75,171.75,351.0,9596.0
2017-04-04,171.75,171.75,171.0,171.5,358.0,9765.0
2017-04-03,172.5,172.75,172.0,172.25,795.0,10078.0
2017-03-31,170.75,172.5,170.75,172.25,1829.0,9341.0
2017-03-30,171.25,171.25,170.75,171.0,550.0,9607.0
2017-03-29,172.0,172.25,171.5,171.5,831.0,9344.0
2017-03-28,172.25,172.5,171.25,172.0,612.0,9332.0
2017-03-27,172.0,172.5,171.0,171.25,756.0,9577.0
2017-03-24,171.5,172.5,171.5,172.0,260.0,9654.0
2017-03-23,172.0,173.5,171.75,172.0,361.0,9705.0
2017-03-22,172.25,172.5,171.5,171.75,687.0,9791.0
2017-03-21,172.5,173.5,172.25,173.0,415.0,9898.0
2017-03-20,173.0,173.5,172.75,173.0,1108.0,9717.0
2017-03-17,171.5,172.75,171.5,172.25,765.0,9815.0
2017-03-16,172.25,172.25,171.5,171.75,1269.0,9801.0
2017-03-15,171.0,172.0,171.0,171.5,880.0,10431.0
2017-03-14,171.0,171.75,170.0,170.25,920.0,10738.0
2017-03-13,172.25,172.75,171.0,171.0,1243.0,10570.0
2017-03-10,173.5,173.75,172.25,172.5,799.0,10504.0
2017-03-09,174.75,175.0,173.5,174.0,495.0,10684.0
2017-03-08,174.5,175.0,174.5,174.75,687.0,10578.0
2017-03-07,176.25,176.25,175.0,175.0,2120.0,9826.0
2017-03-06,177.0,177.75,176.5,176.5,423.0,10087.0
2017-03-03,168.0,169.0,166.0,168.25,344.0,629.0
2017-03-02,172.25,172.25,169.0,169.75,347.0,942.0
2017-03-01,171.5,173.0,171.25,172.0,545.0,1258.0
2017-02-28,170.5,171.75,168.5,171.25,471.0,1581.0
2017-02-27,171.0,171.25,168.5,168.75,753.0,3149.0
2017-02-24,172.25,172.25,170.75,171.25,1098.0,3036.0
2017-02-23,173.0,174.0,172.5,172.5,698.0,3433.0
2017-02-22,172.5,173.25,172.0,173.0,518.0,3771.0
2017-02-21,171.5,172.5,171.5,171.75,420.0,4001.0
2017-02-20,171.5,171.5,171.0,171.25,464.0,4226.0
2017-02-17,171.75,171.75,171.25,171.25,276.0,4349.0
2017-02-16,172.25,172.5,171.75,172.0,2715.0,7632.0
2017-02-15,172.75,173.0,171.5,171.75,935.0,6718.0
2017-02-14,172.5,174.0,171.25,172.75,603.0,7090.0
2017-02-13,173.0,174.0,173.0,173.5,665.0,7458.0
2017-02-10,172.75,173.5,172.75,173.0,632.0,7652.0
2017-02-09,172.75,173.25,172.75,172.75,496.0,7781.0
2017-02-08,172.25,174.0,172.25,173.0,1182.0,8406.0
2017-02-07,170.5,172.0,170.25,172.0,781.0,8116.0
2017-02-06,170.25,170.5,170.0,170.0,352.0,8119.0
2017-02-03,170.25,170.75,170.0,170.5,205.0,8188.0
2017-02-02,170.25,171.5,170.25,170.25,803.0,8297.0
2017-02-01,168.75,170.5,168.75,170.0,755.0,8385.0
2017-01-31,170.0,170.75,168.5,169.0,650.0,8911.0
2017-01-30,171.25,171.25,170.0,170.0,1597.0,8679.0
2017-01-27,171.25,172.0,171.0,171.25,655.0,8783.0
2017-01-26,171.0,172.25,170.25,171.25,770.0,8955.0
2017-01-25,170.5,172.0,170.5,171.0,1354.0,9372.0
2017-01-24,170.0,171.25,169.75,170.75,756.0,9641.0
2017-01-23,170.0,170.25,169.5,170.0,1235.0,9892.0
2017-01-20,169.0,170.0,169.0,170.0,447.0,10006.0
2017-01-19,169.25,169.75,169.0,169.5,789.0,9828.0
2017-01-18,169.25,169.5,168.5,169.5,722.0,9501.0
2017-01-17,168.25,169.0,168.25,169.0,753.0,9549.0
2017-01-16,167.5,168.5,167.5,167.5,626.0,9523.0
2017-01-13,168.25,168.25,167.25,167.5,1044.0,9584.0
2017-01-12,168.25,168.25,166.5,167.5,1176.0,10200.0
2017-01-11,168.75,168.75,168.0,168.5,444.0,10216.0
2017-01-10,169.25,169.5,168.75,169.0,607.0,10852.0
2017-01-09,169.5,170.0,169.5,169.75,655.0,10804.0
2017-01-06,169.5,170.0,169.0,169.75,1216.0,10809.0
2017-01-05,169.25,169.75,168.5,169.5,283.0,10854.0
2017-01-04,180.0,185.0,173.0,174.5,226.0,197.0
2017-01-03,168.0,178.0,168.0,175.0,263.0,386.0
2017-01-02,167.0,168.25,166.25,167.5,110.0,465.0
2016-12-30,167.5,167.5,166.0,166.0,74.0,637.0
2016-12-29,167.0,167.5,164.25,167.25,184.0,729.0
2016-12-28,167.0,168.25,166.75,167.75,313.0,1121.0
2016-12-27,167.0,167.25,166.75,167.0,161.0,1288.0
2016-12-23,167.5,167.5,166.5,166.5,248.0,1352.0
2016-12-22,166.5,167.5,166.5,167.0,517.0,1818.0
2016-12-21,165.75,166.75,165.75,166.75,657.0,2789.0
2016-12-20,164.75,166.0,164.75,165.75,476.0,3125.0
2016-12-19,164.0,165.5,164.0,165.0,475.0,3412.0
2016-12-16,165.0,165.0,164.25,164.75,2021.0,7149.0
2016-12-15,164.75,166.5,164.75,165.5,831.0,5904.0
2016-12-14,164.5,165.5,164.5,165.25,686.0,6150.0
2016-12-13,163.75,165.0,163.75,165.0,437.0,6357.0
2016-12-12,164.5,165.0,164.25,164.75,231.0,6394.0
2016-12-09,164.0,165.0,164.0,164.5,447.0,6731.0
2016-12-08,163.5,165.0,163.5,164.25,540.0,6701.0
2016-12-07,163.0,163.75,163.0,163.5,756.0,6809.0
2016-12-06,162.75,163.75,162.25,163.0,614.0,6731.0
2016-12-05,163.75,164.25,162.75,162.75,687.0,6932.0
2016-12-02,164.5,164.5,163.0,163.5,499.0,7154.0
2016-12-01,164.75,165.0,164.0,164.0,657.0,7476.0
2016-11-30,164.75,165.5,164.25,164.5,1147.0,7458.0
2016-11-29,165.0,165.0,164.5,164.75,582.0,7552.0
2016-11-28,165.5,166.0,164.25,166.0,559.0,7768.0
2016-11-25,166.25,167.0,166.0,166.5,583.0,7912.0
2016-11-24,166.0,166.75,166.0,166.5,346.0,8199.0
2016-11-23,165.5,166.5,165.5,166.25,703.0,8506.0
2016-11-22,165.25,166.5,165.25,166.25,976.0,8523.0
2016-11-21,166.0,166.0,164.75,165.75,565.0,8733.0
2016-11-18,165.0,165.75,164.5,165.25,1068.0,8533.0
2016-11-17,164.0,164.75,164.0,164.5,416.0,8567.0
2016-11-16,163.0,164.25,163.0,164.0,326.0,8705.0
2016-11-15,163.25,163.5,162.75,163.5,302.0,8495.0
2016-11-14,162.0,163.5,162.0,163.25,445.0,8503.0
2016-11-11,162.25,162.75,162.0,162.5,114.0,8594.0
2016-11-10,162.0,164.0,162.0,162.25,842.0,8495.0
2016-11-09,161.75,163.25,161.25,161.75,518.0,8621.0
2016-11-08,161.5,163.75,161.5,163.0,801.0,8691.0
2016-11-07,163.25,163.5,161.5,161.75,1057.0,8601.0
2016-11-04,168.0,168.25,163.25,163.25,257.0,743.0
2016-11-03,165.0,165.0,163.75,164.0,793.0,1180.0
2016-11-02,165.0,165.5,164.5,164.75,346.0,1360.0
2016-11-01,166.0,166.75,165.5,166.25,34.0,1652.0
2016-10-31,166.5,167.25,166.0,167.0,335.0,2160.0
2016-10-28,165.75,167.25,165.25,167.0,777.0,2725.0
2016-10-27,165.0,168.0,164.75,166.75,1716.0,3767.0
2016-10-26,161.25,164.75,161.25,164.5,1576.0,4361.0
2016-10-25,158.75,162.5,158.75,161.75,2134.0,5719.0
2016-10-24,159.5,159.75,159.0,159.25,957.0,6291.0
2016-10-21,158.5,159.25,158.5,159.25,1492.0,6981.0
2016-10-20,159.25,161.25,158.75,158.75,2085.0,7802.0
2016-10-19,159.25,159.75,158.75,159.25,1213.0,8407.0
2016-10-18,158.75,159.75,158.75,159.25,3305.0,15804.0
2016-10-17,160.0,160.0,158.5,158.75,1663.0,13388.0
2016-10-14,158.5,160.0,158.5,159.5,1298.0,13087.0
2016-10-13,157.0,158.25,157.0,158.25,1153.0,13019.0
2016-10-12,157.25,158.25,157.0,157.5,1696.0,13126.0
2016-10-11,158.0,158.5,157.0,158.0,1565.0,13444.0
2016-10-10,158.5,158.75,157.25,158.0,1177.0,13097.0
2016-10-07,160.0,160.0,157.75,158.5,694.0,13000.0
2016-10-06,160.75,161.0,159.5,159.5,1333.0,13096.0
2016-10-05,160.5,161.25,160.25,161.0,781.0,13418.0
2016-10-04,160.0,161.0,160.0,160.5,2088.0,13615.0
2016-10-03,160.75,160.75,160.0,160.0,630.0,13700.0
2016-09-30,160.75,160.75,159.75,160.25,1150.0,13522.0
2016-09-29,160.75,160.75,160.0,160.5,1315.0,13316.0
2016-09-28,161.0,161.0,160.0,160.0,503.0,13169.0
2016-09-27,160.75,161.0,160.0,160.5,917.0,13198.0
2016-09-26,162.75,162.75,160.5,160.5,809.0,13227.0
2016-09-23,161.25,162.75,161.25,162.75,635.0,13244.0
2016-09-22,161.75,162.75,161.5,162.0,768.0,13196.0
2016-09-21,161.75,162.0,161.0,162.0,687.0,13109.0
2016-09-20,161.0,162.0,161.0,161.75,401.0,13050.0
2016-09-19,160.75,161.25,160.25,160.75,477.0,13116.0
2016-09-16,160.5,161.0,160.25,160.5,334.0,13121.0
2016-09-15,160.25,162.0,160.0,160.0,743.0,12747.0
2016-09-14,160.25,160.25,159.5,160.25,528.0,12420.0
2016-09-13,160.25,160.5,160.0,160.0,413.0,12550.0
2016-09-12,160.5,162.0,160.25,160.75,1587.0,12705.0
2016-09-09,161.0,161.25,160.75,160.75,461.0,12787.0
2016-09-08,161.25,161.25,160.5,161.25,458.0,12816.0
2016-09-07,160.5,162.0,160.25,161.0,440.0,12937.0
2016-09-06,161.75,161.75,160.75,161.0,565.0,13043.0
2016-09-05,162.25,162.5,161.75,162.5,501.0,12977.0
2016-09-02,160.75,162.75,160.5,162.5,658.0,13048.0
2016-09-01,160.5,161.5,160.0,161.0,993.0,13129.0
2016-08-31,161.25,161.75,159.25,159.75,1360.0,12876.0
2016-08-30,162.0,162.25,160.75,161.5,719.0,13131.0
2016-08-29,165.0,165.0,161.5,162.0,1049.0,12743.0
2016-08-26,165.0,165.25,164.0,164.25,879.0,12457.0
2016-08-25,166.5,166.5,165.0,165.5,366.0,12776.0
2016-08-24,164.5,166.5,164.25,166.0,930.0,12723.0
2016-08-23,165.25,165.25,164.25,164.75,690.0,12758.0
2016-08-22,166.75,167.0,165.0,165.75,397.0,12683.0
2016-08-19,166.0,166.75,165.75,166.75,756.0,12681.0
2016-08-18,166.25,167.25,166.0,166.25,293.0,12615.0
2016-08-17,166.5,167.0,166.0,166.25,326.0,12484.0
2016-08-16,166.5,167.5,166.0,166.5,379.0,12505.0
2016-08-15,166.75,167.0,166.0,166.5,197.0,12623.0
2016-08-12,167.5,168.0,165.0,165.75,530.0,12671.0
2016-08-11,166.0,167.5,166.0,167.0,466.0,12546.0
2016-08-10,164.0,166.5,164.0,166.0,630.0,12236.0
2016-08-09,165.5,165.75,164.75,165.0,316.0,12183.0
2016-08-08,166.0,167.25,165.5,165.5,385.0,12107.0
2016-08-05,165.25,165.5,164.5,165.0,935.0,11631.0
2016-08-04,168.75,169.0,163.5,165.0,258.0,401.0
2016-08-03,168.5,169.75,167.5,168.0,264.0,570.0
2016-08-02,169.0,170.0,168.5,169.75,730.0,996.0
2016-08-01,169.0,169.0,168.5,168.75,303.0,1284.0
2016-07-29,170.0,170.5,168.5,168.75,516.0,1817.0
2016-07-28,169.25,170.0,169.0,170.0,753.0,2052.0
2016-07-27,170.0,170.5,168.5,169.75,561.0,2198.0
2016-07-26,170.0,171.5,169.25,170.0,780.0,3591.0
2016-07-25,168.0,172.5,168.0,170.75,759.0,3979.0
2016-07-22,170.0,172.25,168.5,171.5,1070.0,4458.0
2016-07-21,167.0,169.5,166.75,169.25,1000.0,5006.0
2016-07-20,169.75,169.75,166.75,167.5,1173.0,5597.0
2016-07-19,172.0,172.0,169.0,169.25,684.0,6137.0
2016-07-18,173.75,174.0,171.5,171.75,1579.0,7597.0
2016-07-15,172.5,174.75,172.0,173.75,944.0,6921.0
2016-07-14,172.75,174.25,172.5,173.75,196.0,6952.0
2016-07-13,171.0,174.75,171.0,173.5,1155.0,7238.0
2016-07-12,171.75,171.75,170.0,171.25,384.0,7245.0
2016-07-11,170.75,173.0,170.75,171.75,976.0,7628.0
2016-07-08,171.0,172.25,170.25,171.0,647.0,7817.0
2016-07-07,168.0,171.0,168.0,169.5,893.0,8211.0
2016-07-06,167.75,169.25,167.5,167.5,910.0,8558.0
2016-07-05,169.5,169.5,167.5,168.0,488.0,8554.0
2016-07-04,170.25,170.25,166.25,169.75,258.0,8472.0
2016-07-01,173.5,173.5,169.0,169.75,778.0,8222.0
2016-06-30,176.0,176.75,172.75,173.25,699.0,8332.0
2016-06-29,176.25,178.0,176.25,176.75,1091.0,8639.0
2016-06-28,176.25,178.0,176.25,177.25,1487.0,8885.0
2016-06-27,175.5,176.5,175.0,176.0,411.0,8925.0
2016-06-24,174.0,175.75,174.0,175.25,1304.0,9361.0
2016-06-23,176.75,176.75,175.25,176.0,954.0,9381.0
2016-06-22,174.5,177.75,173.75,177.0,1795.0,8995.0
2016-06-21,179.25,180.0,175.25,175.25,1610.0,9255.0
2016-06-20,179.5,179.75,179.0,179.5,1106.0,9254.0
2016-06-17,183.0,183.25,178.75,181.25,722.0,9133.0
2016-06-16,184.75,184.75,182.0,182.5,939.0,8778.0
2016-06-15,187.0,187.75,185.5,185.5,862.0,8901.0
2016-06-14,186.75,187.75,185.0,186.0,964.0,8914.0
2016-06-13,188.0,189.75,187.5,187.75,920.0,9069.0
2016-06-10,186.5,187.5,185.25,186.0,906.0,9289.0
2016-06-09,186.0,186.75,185.25,186.5,926.0,9057.0
2016-06-08,183.0,187.0,183.0,187.0,973.0,9220.0
2016-06-07,184.0,185.0,182.75,184.0,627.0,9164.0
2016-06-06,183.0,185.75,183.0,184.0,1132.0,9239.0
2016-06-03,177.0,177.0,174.25,175.25,338.0,647.0
2016-06-02,174.0,177.0,174.0,176.25,677.0,927.0
2016-06-01,171.75,173.75,171.5,173.5,586.0,1288.0
2016-05-31,171.5,174.75,171.5,171.75,1349.0,2303.0
2016-05-30,171.25,173.0,169.75,172.0,2303.0,3045.0
2016-05-27,169.0,171.75,169.0,171.25,2040.0,4032.0
2016-05-26,169.75,170.5,168.5,170.5,1963.0,4310.0
2016-05-25,169.25,171.75,168.25,169.0,2192.0,5553.0
2016-05-24,167.25,169.25,166.75,168.75,1529.0,5585.0
2016-05-23,165.75,167.0,165.25,167.0,2371.0,6555.0
2016-05-20,165.25,167.0,165.25,166.25,628.0,7041.0
2016-05-19,165.75,166.5,165.0,165.25,1484.0,7504.0
2016-05-18,167.5,167.5,166.0,166.5,1033.0,7768.0
2016-05-17,167.75,168.25,167.0,167.75,3131.0,11183.0
2016-05-16,165.25,170.0,165.25,168.5,765.0,10147.0
2016-05-13,164.75,166.5,164.0,165.75,1283.0,10128.0
2016-05-12,162.5,164.5,162.5,164.0,1600.0,10255.0
2016-05-11,162.0,163.0,161.5,162.0,758.0,10184.0
2016-05-10,160.75,162.25,160.75,161.25,654.0,10388.0
2016-05-09,162.0,162.0,160.0,160.5,190.0,10393.0
2016-05-06,163.0,163.0,160.5,160.5,433.0,10298.0
2016-05-05,161.75,162.0,161.0,161.5,41.0,10288.0
2016-05-04,161.25,162.5,160.0,161.5,498.0,10474.0
2016-05-03,164.0,164.0,161.25,161.75,1405.0,10550.0
2016-05-02,164.25,164.25,161.75,162.75,851.0,10535.0
2016-04-29,164.0,165.0,162.5,163.0,1117.0,10529.0
2016-04-28,163.0,166.75,163.0,165.0,2208.0,11050.0
2016-04-27,161.25,164.0,161.0,162.75,1557.0,11374.0
2016-04-26,159.0,161.5,159.0,160.75,1071.0,11438.0
2016-04-25,158.5,161.0,157.75,159.5,2456.0,11796.0
2016-04-22,161.25,161.5,158.75,159.0,1806.0,12002.0
2016-04-21,165.0,166.75,161.5,163.0,1993.0,12344.0
2016-04-20,160.0,165.0,159.75,163.25,2481.0,12577.0
2016-04-19,157.25,160.0,157.0,159.5,1591.0,12628.0
2016-04-18,156.0,157.25,155.25,157.0,993.0,12789.0
2016-04-15,156.0,157.5,156.0,156.75,1153.0,12638.0
2016-04-14,155.75,156.5,155.5,156.25,931.0,12661.0
2016-04-13,154.25,156.0,154.25,155.75,1476.0,12812.0
2016-04-12,152.75,154.0,152.75,153.25,877.0,12920.0
2016-04-11,154.75,154.75,152.5,153.0,1204.0,12759.0
2016-04-08,155.25,155.75,154.0,155.0,631.0,12714.0
2016-04-07,154.0,156.25,154.0,155.25,1045.0,12997.0
2016-04-06,153.75,154.5,153.5,154.0,873.0,12944.0
2016-04-05,152.5,154.25,152.0,154.0,650.0,12815.0
2016-04-04,151.75,155.0,151.75,152.5,1188.0,13102.0
2016-04-01,152.0,153.25,151.0,151.75,1408.0,13180.0
2016-03-31,155.0,155.75,151.5,151.75,2338.0,13844.0
2016-03-30,157.0,157.0,155.0,155.25,2703.0,14036.0
2016-03-29,156.0,157.5,155.75,157.25,2144.0,14098.0
2016-03-24,153.75,156.0,153.5,155.75,986.0,14102.0
2016-03-23,153.75,154.75,153.0,154.0,1354.0,13780.0
2016-03-22,153.25,154.25,153.25,153.75,1140.0,13613.0
2016-03-21,152.75,152.75,151.5,152.5,750.0,13724.0
2016-03-18,153.25,153.25,152.25,152.25,546.0,13692.0
2016-03-17,153.5,154.25,153.0,153.5,1078.0,13885.0
2016-03-16,154.75,156.0,154.0,154.75,911.0,14018.0
2016-03-15,155.0,155.5,153.75,155.0,713.0,14233.0
2016-03-14,153.5,155.5,153.5,155.25,1075.0,14247.0
2016-03-11,152.25,154.0,151.75,153.5,760.0,14249.0
2016-03-10,152.75,153.0,151.5,151.75,941.0,14626.0
2016-03-09,151.5,153.5,151.5,153.0,715.0,14687.0
2016-03-08,152.25,152.5,151.5,152.25,626.0,14821.0
2016-03-07,152.0,153.75,151.25,153.25,511.0,14730.0
2016-03-04,146.5,148.25,141.0,145.75,400.0,574.0
2016-03-03,148.0,148.0,146.75,147.0,279.0,862.0
2016-03-02,146.5,148.0,145.25,148.0,569.0,1126.0
2016-03-01,147.25,148.0,146.25,146.5,399.0,1273.0
2016-02-29,146.0,148.0,145.75,146.75,1859.0,2966.0
2016-02-26,144.75,146.0,144.75,146.25,1074.0,3246.0
2016-02-25,144.25,145.0,143.5,144.75,1109.0,3472.0
2016-02-24,145.0,145.25,142.75,144.25,860.0,3804.0
2016-02-23,147.0,147.25,145.25,145.5,1049.0,4419.0
2016-02-22,146.25,147.0,145.75,146.5,486.0,4889.0
2016-02-19,146.0,146.5,145.5,146.0,1221.0,5117.0
2016-02-18,146.75,146.75,145.0,146.0,1177.0,5504.0
2016-02-17,149.0,149.0,146.0,146.5,671.0,5946.0
2016-02-16,149.75,150.75,148.75,148.75,2369.0,11278.0
2016-02-15,150.0,150.75,148.5,149.5,1417.0,9691.0
2016-02-12,149.25,150.0,148.5,149.75,861.0,9550.0
2016-02-11,149.0,149.25,148.0,148.75,1244.0,9949.0
2016-02-10,148.5,149.75,147.5,149.25,914.0,10356.0
2016-02-09,148.5,149.25,148.25,149.25,1114.0,10111.0
2016-02-08,150.25,150.25,148.0,148.5,1172.0,10172.0
2016-02-05,152.25,152.25,150.25,150.5,710.0,10456.0
2016-02-04,153.5,153.5,152.0,152.5,964.0,10753.0
2016-02-03,152.75,154.0,151.5,153.25,2013.0,10902.0
2016-02-02,153.5,154.25,152.75,153.0,1117.0,10687.0
2016-02-01,155.0,155.0,152.75,153.0,1152.0,10938.0
2016-01-29,154.5,155.25,154.25,155.0,1056.0,11500.0
2016-01-28,153.75,154.75,153.75,154.5,1030.0,11728.0
2016-01-27,156.0,157.25,155.0,155.0,1161.0,12173.0
2016-01-26,156.25,157.0,155.5,156.75,677.0,12256.0
2016-01-25,156.5,156.75,156.0,156.25,650.0,12616.0
2016-01-22,155.0,157.5,155.0,156.0,1085.0,12580.0
2016-01-21,154.5,155.5,154.25,155.0,1068.0,12622.0
2016-01-20,154.5,155.0,154.0,154.25,964.0,12509.0
2016-01-19,154.0,156.75,153.0,156.5,1482.0,12729.0
2016-01-18,154.0,155.5,153.5,155.0,526.0,12780.0
2016-01-15,154.75,155.0,152.5,155.0,1436.0,13169.0
2016-01-14,157.25,157.25,154.5,155.75,2034.0,12753.0
2016-01-13,159.25,159.25,157.25,157.75,1130.0,12649.0
2016-01-12,158.0,160.0,157.75,159.5,906.0,12544.0
2016-01-11,159.0,159.5,158.25,158.5,872.0,12799.0
2016-01-08,159.25,161.0,158.5,160.5,922.0,12731.0
2016-01-07,159.0,160.25,157.5,158.25,1930.0,12610.0
2016-01-06,162.25,162.25,159.25,160.25,1519.0,12650.0
2016-01-05,162.0,162.75,161.5,162.25,1208.0,12637.0
2016-01-04,144.5,147.0,143.75,146.5,290.0,938.0
2015-12-31,144.5,146.0,143.5,144.5,144.0,982.0
2015-12-30,145.5,146.75,144.75,146.75,198.0,1142.0
2015-12-29,145.5,145.75,144.5,145.0,283.0,1172.0
2015-12-28,150.5,150.5,145.0,145.0,125.0,1625.0
2015-12-24,150.0,150.75,149.0,150.5,183.0,1722.0
2015-12-23,156.5,156.5,151.0,151.0,549.0,1985.0
2015-12-22,157.5,159.0,156.5,157.0,1008.0,2299.0
2015-12-21,159.25,159.5,159.0,159.0,577.0,2654.0
2015-12-18,159.75,160.0,159.25,159.5,654.0,3240.0
2015-12-17,159.5,160.0,158.25,158.75,661.0,3959.0
2015-12-16,159.75,160.5,158.0,159.5,1698.0,6951.0
2015-12-15,163.75,163.75,158.75,159.25,2444.0,5510.0
2015-12-14,165.0,165.0,163.5,163.5,610.0,6029.0
2015-12-11,164.25,165.25,164.0,164.5,1253.0,7054.0
2015-12-10,164.0,165.25,163.75,165.0,709.0,7431.0
2015-12-09,163.0,164.75,163.0,164.75,1406.0,8208.0
2015-12-08,164.5,164.5,163.25,163.5,832.0,8262.0
2015-12-07,165.5,166.25,165.25,165.25,457.0,8260.0
2015-12-04,164.25,165.5,164.0,165.25,497.0,8548.0
2015-12-03,164.75,165.25,164.5,165.0,351.0,8916.0
2015-12-02,164.75,165.5,164.5,164.75,900.0,9158.0
2015-12-01,165.5,166.0,164.75,165.25,796.0,8923.0
2015-11-30,165.25,165.75,165.0,165.5,742.0,9085.0
2015-11-27,165.75,166.5,165.25,165.5,894.0,9320.0
2015-11-26,166.5,167.5,166.25,166.5,950.0,9283.0
2015-11-25,167.5,167.5,167.0,167.0,442.0,9303.0
2015-11-24,167.5,167.75,166.75,167.5,486.0,9389.0
2015-11-23,167.0,168.0,166.5,167.5,366.0,9540.0
2015-11-20,168.0,169.75,166.75,167.0,660.0,9733.0
2015-11-19,166.75,168.5,166.75,168.25,683.0,9643.0
2015-11-17,166.5,168.25,166.5,167.5,690.0,9945.0
2015-11-16,166.25,168.0,165.0,167.25,1555.0,10221.0
2015-11-13,167.0,167.75,166.0,166.0,479.0,10532.0
2015-11-12,167.75,168.75,166.75,167.0,827.0,10496.0
2015-11-11,168.5,169.25,167.25,167.5,182.0,10515.0
2015-11-10,168.75,169.5,167.25,167.75,910.0,10897.0
2015-11-09,172.0,172.5,168.75,169.0,954.0,11200.0
2015-11-06,170.75,172.0,170.5,172.0,455.0,11175.0
2015-11-05,170.75,172.5,170.75,172.0,1159.0,11121.0
2015-11-04,160.25,162.5,158.75,162.25,406.0,
2015-11-03,161.75,161.75,160.25,160.75,381.0,1150.0
2015-11-02,163.5,164.0,161.0,161.25,1007.0,1621.0
2015-10-30,167.0,167.5,164.75,165.0,359.0,1801.0
2015-10-29,165.5,167.0,164.25,166.5,1180.0,3744.0
2015-10-28,164.0,165.25,164.0,165.0,1566.0,4407.0
2015-10-27,166.25,167.5,164.5,164.75,972.0,4876.0
2015-10-26,165.0,167.0,165.0,166.0,1921.0,5420.0
2015-10-23,163.75,165.0,163.5,165.0,641.0,6084.0
2015-10-22,163.75,167.0,163.75,164.0,2147.0,6867.0
2015-10-21,160.75,164.0,160.5,163.5,1532.0,7304.0
2015-10-20,158.0,161.0,158.0,160.75,1988.0,8232.0
2015-10-19,160.5,160.5,158.0,158.5,2656.0,10399.0
2015-10-16,161.75,162.0,161.0,161.25,4315.0,16003.0
2015-10-15,163.0,163.25,160.75,161.25,2289.0,10896.0
2015-10-14,164.0,165.25,163.0,163.5,1575.0,10945.0
2015-10-13,165.25,165.5,164.0,164.5,2250.0,11041.0
2015-10-12,166.0,166.5,165.25,165.75,1729.0,11418.0
2015-10-09,165.0,167.0,165.0,166.75,1319.0,11404.0
2015-10-08,165.5,166.0,164.75,165.5,701.0,11595.0
2015-10-07,166.25,167.5,165.25,165.75,1790.0,11739.0
2015-10-06,163.5,166.0,162.75,166.0,1432.0,12263.0
2015-10-05,162.75,164.0,162.25,163.75,1161.0,12459.0
2015-10-02,162.0,162.75,161.5,162.0,1119.0,12756.0
2015-10-01,161.5,163.0,161.25,161.75,1527.0,12985.0
2015-09-30,163.25,163.5,161.0,161.25,2735.0,13064.0
2015-09-29,163.0,163.75,162.25,162.5,2470.0,13196.0
2015-09-28,166.0,168.0,163.25,163.5,1658.0,13802.0
2015-09-25,162.75,165.25,162.75,165.25,909.0,13866.0
2015-09-24,162.0,163.5,161.5,163.25,956.0,14257.0
2015-09-23,161.75,163.75,161.75,162.5,1843.0,14773.0
2015-09-22,161.5,162.75,160.25,161.25,2080.0,14489.0
2015-09-21,161.0,162.75,160.75,162.0,1791.0,14619.0
2015-09-18,162.25,162.25,161.0,161.75,1759.0,14876.0
2015-09-17,164.75,164.75,162.25,162.5,732.0,14852.0
2015-09-16,166.0,167.0,163.75,164.75,1097.0,14654.0
2015-09-15,167.5,167.5,163.0,167.25,739.0,14762.0
2015-09-14,167.0,168.5,166.5,167.75,2305.0,15382.0
2015-09-11,165.75,166.5,163.25,165.0,557.0,15430.0
2015-09-10,164.75,165.0,162.75,164.0,389.0,15334.0
2015-09-09,165.5,166.5,164.5,165.0,890.0,15581.0
2015-09-08,162.75,166.25,162.75,165.75,1402.0,15738.0
2015-09-07,160.75,163.0,160.75,162.75,180.0,15693.0
2015-09-04,161.5,162.25,161.0,161.5,977.0,15754.0
2015-09-03,163.0,163.25,160.5,162.25,1744.0,15942.0
2015-09-02,166.25,166.25,162.5,163.25,2231.0,15834.0
2015-09-01,167.25,168.0,166.25,166.25,1762.0,17340.0
2015-08-31,168.5,169.0,166.75,168.5,845.0,17210.0
2015-08-28,169.5,170.0,168.25,169.0,1195.0,16678.0
2015-08-27,171.75,173.25,169.0,169.25,1867.0,16216.0
2015-08-26,172.0,173.0,170.75,171.0,800.0,16209.0
2015-08-25,172.25,174.75,171.5,172.25,1277.0,16405.0
2015-08-24,171.75,172.5,169.25,172.0,1492.0,16522.0
2015-08-21,175.75,176.0,172.75,174.25,906.0,16291.0
2015-08-20,175.25,176.0,173.5,176.0,990.0,16301.0
2015-08-19,176.0,176.75,175.0,175.25,815.0,16220.0
2015-08-18,176.0,177.25,174.5,176.25,994.0,16217.0
2015-08-17,179.25,179.75,176.0,177.25,523.0,16253.0
2015-08-14,180.5,181.0,178.5,178.75,848.0,16224.0
2015-08-13,181.0,182.0,180.5,181.25,1341.0,16245.0
2015-08-12,184.25,184.75,178.75,180.25,2044.0,17343.0
2015-08-11,187.5,187.75,183.5,185.0,2409.0,16762.0
2015-08-10,185.0,188.5,185.0,188.25,1637.0,16815.0
2015-08-07,182.0,184.5,181.5,183.5,2205.0,17242.0
2015-08-06,181.0,182.75,179.25,182.0,2814.0,16830.0
2015-08-05,174.75,178.5,174.75,178.25,1229.0,16351.0
2015-08-04,173.5,175.0,173.5,174.5,702.0,16092.0
2015-08-03,174.0,177.0,171.5,174.0,294.0,677.0
2015-07-31,174.0,175.75,174.0,174.25,358.0,646.0
2015-07-30,173.0,175.5,173.0,174.0,356.0,715.0
2015-07-29,175.0,176.5,169.75,173.75,1049.0,1226.0
2015-07-28,179.75,179.75,175.5,176.0,734.0,2832.0
2015-07-27,176.0,178.0,176.0,176.75,549.0,3892.0
2015-07-24,179.5,180.0,178.0,178.5,728.0,4713.0
2015-07-23,180.0,180.25,179.0,179.25,491.0,5088.0
2015-07-22,180.0,180.25,175.0,178.75,558.0,5310.0
2015-07-21,178.25,181.25,178.25,180.5,895.0,5872.0
2015-07-20,179.0,180.0,177.75,179.75,1057.0,6022.0
2015-07-17,182.25,183.25,180.75,181.25,716.0,6157.0
2015-07-16,180.25,184.0,180.0,182.5,3196.0,7735.0
2015-07-15,183.0,183.75,178.25,178.75,1053.0,6569.0
2015-07-14,184.0,184.0,182.75,182.75,157.0,6603.0
2015-07-13,185.75,187.0,182.75,183.5,393.0,6932.0
2015-07-10,183.0,185.5,183.0,184.75,655.0,6986.0
2015-07-09,184.0,185.5,183.0,183.75,806.0,6786.0
2015-07-08,186.0,186.5,182.75,184.25,1379.0,6674.0
2015-07-07,191.0,191.5,186.0,187.0,908.0,7027.0
2015-07-06,191.5,191.75,190.25,191.5,686.0,7495.0
2015-07-03,193.75,194.0,192.0,193.75,428.0,7648.0
2015-07-02,192.25,194.5,189.0,193.75,1142.0,7413.0
2015-07-01,190.75,199.5,188.0,189.75,1415.0,7840.0
2015-06-30,178.75,186.75,178.75,186.75,2006.0,8057.0
2015-06-29,175.25,181.25,174.5,178.75,2518.0,8484.0
2015-06-26,169.5,175.5,169.5,173.5,2075.0,8457.0
2015-06-25,166.25,169.5,165.75,169.0,1354.0,8563.0
2015-06-24,165.0,169.0,165.0,167.0,1760.0,9119.0
2015-06-23,163.5,164.5,163.0,164.25,734.0,9351.0
2015-06-22,162.25,163.0,161.5,162.75,1779.0,8889.0
2015-06-19,161.5,162.0,160.75,161.75,1088.0,8381.0
2015-06-18,163.25,163.25,161.0,162.0,818.0,8320.0
2015-06-17,162.75,164.0,162.75,163.0,417.0,8502.0
2015-06-16,161.75,163.0,161.75,162.5,562.0,8655.0
2015-06-15,162.75,162.75,160.25,161.5,1622.0,8575.0
2015-06-12,163.25,163.5,162.75,163.25,415.0,8717.0
2015-06-11,172.5,172.75,170.75,170.75,9.0,188.0
2015-06-10,166.5,167.25,164.0,164.75,1687.0,9005.0
2015-06-09,168.0,171.0,165.5,167.5,1715.0,9648.0
2015-06-08,165.0,173.75,165.0,167.75,1651.0,9332.0
2015-06-05,163.25,166.0,163.25,165.0,1318.0,9537.0
2015-06-04,162.0,163.5,161.5,162.5,558.0,9580.0
2015-06-03,154.75,156.5,154.75,156.25,904.0,2504.0
2015-06-02,155.0,157.0,154.0,155.0,501.0,2679.0
2015-06-01,151.25,154.5,151.25,154.0,1175.0,3348.0
2015-05-29,154.0,154.75,151.5,151.5,2183.0,4537.0
2015-05-28,154.0,154.75,153.75,154.5,986.0,4977.0
2015-05-27,153.25,154.25,152.5,153.75,1295.0,5493.0
2015-05-26,154.5,154.75,152.25,152.75,1745.0,8295.0
2015-05-25,153.25,153.5,152.25,153.0,86.0,8554.0
2015-05-22,154.75,155.0,153.25,154.25,2335.0,7323.0
2015-05-21,154.0,154.5,153.5,154.5,1488.0,15345.0
2015-05-20,154.75,154.75,153.75,154.0,1173.0,15391.0
2015-05-19,154.5,155.0,154.0,154.75,874.0,15728.0
2015-05-18,154.75,155.5,154.5,155.25,6963.0,17513.0
2015-05-15,155.5,156.0,154.25,154.5,1695.0,13422.0
2015-05-14,154.25,155.75,154.0,155.0,553.0,13320.0
2015-05-13,154.75,155.0,153.75,154.0,1162.0,13344.0
2015-05-12,156.0,156.0,154.75,155.0,1188.0,13329.0
2015-05-11,155.0,156.5,155.0,156.25,1354.0,13920.0
2015-05-08,155.0,156.0,154.0,154.75,334.0,13951.0
2015-05-07,154.25,155.75,154.25,155.25,801.0,14918.0
2015-05-06,153.5,155.75,152.5,155.0,1560.0,15091.0
2015-05-05,155.0,155.25,153.0,153.5,1389.0,15246.0
2015-05-04,157.75,157.75,155.25,155.25,1287.0,15267.0
2015-04-30,158.0,158.5,157.0,157.0,1401.0,15427.0
2015-04-29,158.0,159.25,157.5,157.75,1868.0,15198.0
2015-04-28,159.25,159.25,158.0,158.25,2122.0,15224.0
2015-04-27,160.25,160.25,159.0,159.5,2022.0,14825.0
2015-04-24,161.25,161.5,160.5,160.75,1287.0,14908.0
2015-04-23,161.0,162.5,161.0,162.0,1241.0,15147.0
2015-04-22,161.5,162.0,161.5,161.5,863.0,15569.0
2015-04-21,162.25,162.5,161.5,161.75,1250.0,15683.0
2015-04-20,162.25,164.75,162.25,162.5,1935.0,15830.0
2015-04-17,164.0,164.0,160.75,162.75,1744.0,15699.0
2015-04-16,165.25,165.25,164.0,164.0,1112.0,15792.0
2015-04-15,165.0,166.0,164.5,165.5,1682.0,15944.0
2015-04-14,164.25,165.25,164.25,165.0,1703.0,16307.0
2015-04-13,164.0,164.5,163.75,164.25,1508.0,16986.0
2015-04-10,163.75,164.75,163.5,164.25,518.0,16966.0
2015-04-09,164.0,164.75,163.75,164.0,636.0,17015.0
2015-04-08,165.25,165.75,164.0,164.25,963.0,16820.0
2015-04-07,163.75,165.5,163.25,165.25,2124.0,17643.0
2015-04-02,164.75,166.0,164.0,164.5,1396.0,18113.0
2015-04-01,163.5,165.5,162.5,164.25,2038.0,18500.0
2015-03-31,164.0,165.0,163.0,163.75,2964.0,18717.0
2015-03-30,162.75,163.75,160.25,163.75,803.0,18497.0
2015-03-05,146.0,153.0,145.75,151.5,990.0,1528.0
2015-03-04,146.75,147.5,140.25,146.25,475.0,1881.0
2015-03-03,148.0,148.0,146.5,147.75,863.0,2516.0
2015-03-02,148.5,150.75,148.25,148.25,389.0,2732.0
2015-02-27,148.5,149.5,148.25,149.5,754.0,3350.0
2015-02-26,149.0,149.25,148.5,148.5,892.0,4122.0
2015-02-25,149.25,149.5,148.5,148.75,1495.0,5290.0
2015-02-24,150.0,150.0,148.75,149.25,994.0,5801.0
2015-02-23,151.5,151.75,149.0,149.5,1512.0,6668.0
2015-02-20,153.0,153.0,151.25,151.25,863.0,7365.0
2015-02-19,152.5,153.25,152.5,153.0,729.0,9270.0
2015-02-18,153.25,153.75,151.75,152.75,1142.0,9652.0
2015-02-17,153.0,154.5,152.5,153.0,3067.0,10874.0
2015-02-16,154.0,154.0,152.25,152.75,1348.0,9886.0
2015-02-13,153.5,153.5,152.0,153.0,944.0,10738.0
2015-02-12,153.75,154.0,152.0,152.25,1248.0,10392.0
2015-02-11,153.75,154.5,152.25,153.25,1633.0,10550.0
2015-02-10,155.75,155.75,154.0,154.5,837.0,10800.0
2015-02-09,157.75,160.25,155.5,155.5,1688.0,10882.0
2015-02-06,156.0,156.5,155.25,155.75,415.0,10959.0
2015-02-05,155.0,156.0,154.25,155.5,528.0,11271.0
2015-02-04,154.5,156.25,154.0,154.5,751.0,11424.0
2015-02-03,152.25,154.5,152.25,154.0,847.0,11386.0
2015-02-02,154.5,154.5,150.25,151.75,1245.0,11724.0
2015-01-30,153.0,153.75,152.25,153.75,1242.0,12059.0
2015-01-29,152.0,155.0,151.5,153.0,1366.0,12293.0
2015-01-28,154.5,154.5,152.0,152.5,1888.0,12436.0
2015-01-27,157.0,157.25,154.5,155.0,1761.0,12337.0
2015-01-26,159.5,159.5,157.5,157.5,1359.0,12735.0
2015-01-23,159.0,160.75,158.5,159.25,1097.0,12713.0
2015-01-22,157.5,158.25,157.0,158.25,1131.0,12693.0
2015-01-21,156.5,158.0,156.25,157.0,1001.0,12839.0
2015-01-20,157.5,157.75,155.75,156.75,1250.0,12872.0
2015-01-16,159.5,159.5,159.5,159.5,0.0,13430.0
2015-01-15,158.25,158.25,158.25,158.25,0.0,13788.0
2015-01-14,157.0,157.0,157.0,157.0,0.0,14517.0
2015-01-13,159.5,159.5,159.5,159.5,0.0,14719.0
2015-01-12,162.25,162.25,162.25,162.25,0.0,15209.0
2015-01-09,162.75,162.75,162.75,162.75,0.0,15214.0
2015-01-08,163.25,163.25,163.25,163.25,0.0,15862.0
2015-01-07,164.5,164.5,164.5,164.5,0.0,17010.0
2015-01-06,179.5,179.5,179.5,179.5,0.0,4.0
2015-01-05,166.75,166.75,166.75,166.75,0.0,17312.0
2015-01-03,181.0,181.0,181.0,181.0,0.0,190.0
2015-01-02,161.25,161.25,161.25,161.25,0.0,17288.0
2014-12-31,162.5,162.5,162.5,162.5,0.0,411.0
2014-12-30,157.75,157.75,157.75,157.75,0.0,467.0
2014-12-29,164.0,164.0,158.0,158.75,217.0,700.0
2014-12-24,161.5,161.5,161.5,161.5,0.0,1412.0
2014-12-23,158.0,158.0,158.0,158.0,0.0,2256.0
2014-12-22,159.0,159.0,159.0,159.0,0.0,2788.0
2014-12-19,156.5,156.5,156.5,156.5,0.0,2993.0
2014-12-18,158.0,158.0,158.0,158.0,0.0,3512.0
2014-12-17,155.75,155.75,155.75,155.75,0.0,4997.0
2014-12-16,158.5,158.5,158.5,158.5,0.0,5120.0
2014-12-15,158.75,158.75,158.75,158.75,0.0,4561.0
2014-12-12,157.25,157.25,157.25,157.25,0.0,4822.0
2014-12-11,155.0,155.0,155.0,155.0,0.0,5326.0
2014-12-10,155.5,155.5,155.5,155.5,0.0,5443.0
2014-12-09,156.75,156.75,156.75,156.75,0.0,6107.0
2014-12-08,156.5,156.75,155.25,156.5,360.0,6111.0
2014-12-05,154.5,155.75,154.0,155.75,560.0,6144.0
2014-12-04,155.0,155.75,153.0,154.5,797.0,6329.0
2014-12-03,156.25,156.25,153.5,155.5,754.0,6353.0
2014-12-02,156.0,158.0,155.25,157.5,1498.0,6672.0
2014-12-01,152.25,156.75,151.0,156.0,701.0,6985.0
2014-11-28,150.75,153.75,150.75,152.25,644.0,6928.0
2014-11-27,152.0,152.5,151.0,151.0,534.0,7052.0
2014-11-26,153.0,154.5,152.5,152.75,453.0,7106.0
2014-11-25,153.25,154.0,152.25,153.25,757.0,7368.0
2014-11-24,152.5,153.25,152.0,153.25,515.0,7336.0
2014-11-21,150.75,153.25,150.5,152.25,856.0,7518.0
2014-11-20,149.5,152.0,148.5,151.75,941.0,7664.0
2014-11-19,149.75,149.75,148.0,149.0,1280.0,7981.0
2014-11-18,151.75,151.75,149.5,150.0,1149.0,8385.0
2014-11-17,152.75,152.75,151.25,152.0,905.0,8071.0
2014-11-14,151.75,153.5,151.0,153.0,463.0,8029.0
2014-11-13,152.0,153.5,151.0,152.0,1029.0,8450.0
2014-11-12,150.5,153.5,150.0,151.25,1637.0,8337.0
2014-11-11,149.25,149.75,148.5,149.5,87.0,8494.0
2014-11-10,146.5,150.75,146.5,148.5,705.0,8435.0
2014-11-07,146.0,147.5,146.0,147.0,569.0,8566.0
2014-11-06,145.0,147.5,145.0,146.25,807.0,8805.0
2014-11-05,146.0,146.0,145.0,145.75,804.0,8959.0
2014-11-04,142.0,142.0,139.5,140.0,499.0,1522.0
2014-11-03,143.75,144.5,141.5,141.75,279.0,1886.0
2014-10-31,144.5,144.5,141.0,143.75,1178.0,2355.0
2014-10-30,146.0,146.75,144.5,145.5,412.0,2976.0
2014-10-29,145.75,149.0,142.75,145.0,1386.0,3776.0
2014-10-28,145.0,146.75,143.5,143.75,1469.0,4295.0
2014-10-24,147.0,149.0,142.75,144.5,1042.0,5878.0
2014-10-23,143.0,146.0,142.75,145.75,739.0,6541.0
2014-10-22,142.5,143.5,141.5,143.0,724.0,6948.0
2014-10-21,141.0,142.5,140.75,142.5,1338.0,7358.0
2014-10-20,142.5,142.75,140.5,141.0,1072.0,7790.0
2014-10-16,142.75,143.5,140.75,143.0,1209.0,12553.0
2014-10-15,141.75,144.0,141.5,143.25,1548.0,9754.0
2014-10-14,141.0,142.75,141.0,142.0,1580.0,11091.0
2014-10-13,140.5,141.75,139.0,141.0,1057.0,10900.0
2014-10-10,139.0,143.0,138.25,140.75,973.0,11452.0
2014-10-09,140.5,141.0,138.5,139.25,1211.0,11739.0
2014-10-08,143.5,143.5,139.75,140.75,1949.0,11400.0
2014-10-07,144.0,144.0,142.5,143.75,713.0,11384.0
2014-10-06,142.0,144.25,142.0,144.0,772.0,11458.0
2014-10-03,143.0,144.0,140.5,141.5,1151.0,11512.0
2014-10-02,141.5,142.75,140.0,142.25,1624.0,11893.0
2014-10-01,137.25,141.5,137.25,140.75,1396.0,12020.0
2014-09-30,138.5,139.25,138.0,138.0,957.0,12785.0
2014-09-29,137.5,140.0,137.0,138.5,1724.0,13225.0
2014-09-26,135.25,137.5,134.5,137.25,584.0,13513.0
2014-09-25,135.5,137.0,135.0,136.0,1191.0,13845.0
2014-09-24,130.0,135.0,130.0,134.5,1839.0,14117.0
2014-09-23,134.25,134.25,130.75,131.25,815.0,14504.0
2014-09-22,136.5,136.5,133.5,134.25,2132.0,14949.0
2014-09-19,139.0,139.0,136.75,137.0,1083.0,14738.0
2014-09-18,140.25,140.5,139.5,139.75,840.0,15012.0
2014-09-17,139.0,140.75,138.5,140.25,1405.0,14928.0
2014-09-16,139.0,140.0,138.75,139.0,942.0,15272.0
2014-09-15,140.25,140.25,138.0,138.5,608.0,16053.0
2014-09-12,139.0,140.5,138.75,140.25,1151.0,16488.0
2014-09-11,142.0,142.0,138.5,138.75,1623.0,16145.0
2014-09-10,144.0,144.25,142.25,142.75,1099.0,16302.0
2014-09-09,147.25,147.25,144.25,144.75,895.0,16270.0
2014-09-08,149.0,149.25,147.0,147.75,580.0,16427.0
2014-09-05,148.5,149.5,148.5,149.0,924.0,16533.0
2014-09-04,149.25,149.5,148.25,148.5,716.0,16499.0
2014-09-03,150.75,151.25,149.5,150.0,822.0,16448.0
2014-09-02,151.5,152.0,151.0,151.25,333.0,16379.0
2014-09-01,151.75,152.0,151.5,151.75,174.0,16345.0
2014-08-29,152.5,153.0,151.5,151.75,538.0,16153.0
2014-08-28,152.0,153.0,151.25,152.25,845.0,16168.0
2014-08-27,151.25,151.75,151.0,151.5,642.0,16179.0
2014-08-26,152.25,152.5,150.5,151.0,382.0,16594.0
2014-08-25,151.5,153.75,151.5,152.0,577.0,16504.0
2014-08-22,153.0,153.25,151.75,152.75,641.0,16562.0
2014-08-21,152.75,153.25,152.75,153.25,575.0,16422.0
2014-08-20,153.5,153.75,152.5,152.75,298.0,16720.0
2014-08-19,153.0,154.75,152.75,153.75,377.0,16524.0
2014-08-18,153.75,155.25,153.0,153.0,554.0,16603.0
2014-08-15,153.0,155.5,153.0,154.5,323.0,16598.0
2014-08-14,153.0,153.75,152.5,153.5,603.0,16776.0
2014-08-13,153.0,154.75,153.0,154.0,643.0,16767.0
2014-08-12,154.0,154.25,152.75,154.0,1501.0,16178.0
2014-08-11,154.25,154.75,153.75,154.5,671.0,16117.0
2014-08-08,155.75,155.75,154.25,154.5,750.0,16167.0
2014-08-06,154.75,160.0,154.5,155.25,1680.0,16326.0
2014-08-05,153.0,159.0,152.5,158.5,159.0,256.0
2014-08-04,164.0,168.0,159.0,160.0,216.0,492.0
2014-07-30,159.0,163.5,158.75,163.0,308.0,1159.0
2014-07-29,159.25,164.0,159.25,162.0,415.0,1782.0
2014-07-28,159.25,160.0,156.75,159.75,671.0,2076.0
2014-07-25,158.5,158.5,156.0,156.25,215.0,2247.0
2014-07-24,159.75,159.75,158.5,158.75,362.0,2881.0
2014-07-23,159.25,160.0,155.75,157.75,762.0,3073.0
2014-07-22,165.5,165.75,159.25,160.25,531.0,3610.0
2014-07-21,166.0,166.0,165.0,165.5,400.0,3686.0
2014-07-18,169.0,169.0,166.75,166.75,279.0,3952.0
2014-07-17,168.0,170.0,168.0,169.0,375.0,4382.0
2014-07-16,168.5,169.75,168.0,168.0,305.0,7387.0
2014-07-15,167.5,169.75,166.5,167.5,392.0,5362.0
2014-07-14,169.0,169.0,165.75,167.5,96.0,5441.0
2014-07-11,169.5,170.25,169.0,169.0,438.0,5403.0
2014-07-10,169.25,171.0,169.25,170.25,303.0,5589.0
2014-07-09,171.5,171.5,169.25,169.75,513.0,5699.0
2014-07-08,170.0,171.5,170.0,171.5,196.0,5744.0
2014-07-07,172.25,172.75,170.0,170.25,285.0,5886.0
2014-07-04,172.0,173.0,171.0,171.0,412.0,6392.0
2014-07-03,170.0,171.75,169.75,171.25,728.0,6625.0
2014-07-02,170.75,170.75,169.25,169.75,514.0,6674.0
2014-07-01,169.25,171.0,169.0,170.0,525.0,6620.0
2014-06-30,172.5,173.0,170.0,170.0,641.0,6835.0
2014-06-27,173.25,173.25,172.25,172.5,626.0,6944.0
2014-06-26,173.25,174.25,173.25,173.5,300.0,6919.0
2014-06-25,174.25,174.25,173.25,173.25,220.0,7413.0
2014-06-24,175.0,175.0,174.25,174.5,400.0,6827.0
2014-06-23,176.0,176.0,175.25,175.5,307.0,6859.0
2014-06-20,176.0,177.25,175.5,176.0,278.0,6690.0
2014-06-19,177.0,177.0,176.0,176.0,250.0,6441.0
2014-06-18,176.75,177.0,176.25,176.5,401.0,6461.0
2014-06-17,177.0,177.25,176.5,176.5,343.0,6401.0
2014-06-16,176.5,177.5,176.25,176.75,162.0,6297.0
2014-06-13,176.5,177.5,176.25,176.5,503.0,6185.0
2014-06-12,176.75,177.0,176.0,176.25,318.0,6094.0
2014-06-11,178.0,178.75,176.5,177.25,323.0,6331.0
2014-06-10,178.5,178.5,177.5,177.75,169.0,6200.0
2014-06-09,178.0,179.0,177.25,177.5,95.0,6202.0
2014-06-06,177.25,178.75,177.25,178.5,214.0,6533.0
2014-06-05,167.5,168.0,165.75,168.0,277.0,732.0
2014-06-04,171.0,171.5,167.25,168.25,540.0,904.0
2014-06-03,172.25,172.5,170.75,171.75,418.0,1175.0
2014-06-02,170.0,172.0,170.0,171.75,344.0,1410.0
2014-05-30,171.5,174.25,170.5,173.5,395.0,1694.0
2014-05-29,171.25,171.75,170.25,171.5,60.0,2037.0
2014-05-28,173.0,173.0,169.75,171.0,1084.0,2438.0
2014-05-27,174.0,174.5,173.0,173.25,547.0,3147.0
2014-05-26,175.25,175.25,173.25,174.5,409.0,3556.0
2014-05-23,175.5,175.75,175.25,175.75,301.0,3791.0
2014-05-22,175.75,176.25,175.0,176.0,855.0,4583.0
2014-05-21,177.5,177.5,175.25,175.5,383.0,4499.0
2014-05-19,176.5,177.0,175.25,176.0,950.0,6401.0
2014-05-16,177.25,178.75,177.0,177.5,578.0,10519.0
2014-05-15,179.75,179.75,176.75,178.0,2508.0,7298.0
2014-05-14,183.25,183.5,178.75,180.5,1568.0,7307.0
2014-05-13,182.75,183.75,182.5,183.25,1069.0,7920.0
2014-05-12,183.75,183.75,182.75,183.0,856.0,8135.0
2014-05-09,184.75,185.0,184.0,184.25,337.0,8260.0
2014-05-08,185.0,185.25,184.5,184.5,97.0,8423.0
2014-05-07,185.0,185.5,184.25,184.5,514.0,8304.0
2014-05-06,185.75,186.75,184.75,185.75,349.0,8595.0
2014-05-05,184.75,190.5,184.75,186.0,621.0,8511.0
2014-05-02,184.0,184.0,183.75,183.75,381.0,8488.0
2014-05-01,184.5,184.5,184.5,184.5,0.0,8488.0
2014-04-30,184.5,185.25,184.25,184.5,382.0,8743.0
2014-04-29,185.0,185.5,184.0,185.0,590.0,8875.0
2014-04-28,187.5,187.75,183.5,185.0,329.0,8946.0
2014-04-25,188.25,188.25,186.0,187.25,357.0,9392.0
2014-04-24,185.25,189.0,184.75,188.0,495.0,9215.0
2014-04-23,184.25,186.0,184.25,185.75,544.0,9405.0
2014-04-22,186.5,186.5,170.0,184.75,1180.0,9512.0
2014-04-17,187.25,188.5,186.0,188.0,647.0,10009.0
2014-04-16,189.25,190.25,189.0,189.5,576.0,9826.0
2014-04-15,189.25,189.5,188.25,189.25,593.0,10261.0
2014-04-14,189.0,189.5,188.0,189.0,493.0,10215.0
2014-04-11,187.0,187.75,186.25,187.0,419.0,10340.0
2014-04-10,189.25,189.25,187.5,188.25,491.0,10487.0
2014-04-09,187.0,191.0,187.0,188.75,1265.0,10365.0
2014-04-08,185.0,186.75,184.75,186.25,602.0,10589.0
2014-04-07,184.75,185.0,184.25,184.5,259.0,10656.0
2014-04-04,185.25,186.5,184.0,184.25,322.0,10752.0
2014-04-03,184.5,186.5,184.5,185.75,466.0,10815.0
2014-04-02,186.25,186.5,184.5,184.75,437.0,10966.0
2014-04-01,186.0,187.25,185.5,187.0,1057.0,11920.0
2014-03-31,184.0,186.5,183.0,186.0,686.0,11902.0
2014-03-28,185.75,186.0,184.75,185.25,510.0,12250.0
2014-03-27,185.75,187.0,185.5,185.75,582.0,12120.0
2014-03-26,186.0,186.0,185.75,185.75,510.0,12312.0
2014-03-25,186.0,186.25,185.25,185.75,449.0,12404.0
2014-03-24,185.5,186.25,185.25,186.0,512.0,12747.0
2014-03-21,185.0,185.5,185.0,185.5,408.0,12792.0
2014-03-20,184.25,186.75,184.25,185.75,887.0,12845.0
2014-03-19,184.75,187.75,184.25,186.5,816.0,12733.0
2014-03-18,183.0,185.0,183.0,184.5,390.0,12596.0
2014-03-17,186.25,186.5,183.5,184.25,414.0,12528.0
2014-03-14,185.25,188.75,185.25,186.75,726.0,12374.0
2014-03-13,187.0,187.5,184.75,186.25,1040.0,12225.0
2014-03-12,183.25,185.75,183.0,185.75,749.0,12134.0
2014-03-11,182.0,183.75,181.5,183.25,826.0,12467.0
2014-03-10,183.5,183.5,182.0,182.5,1402.0,12776.0
2014-03-07,183.25,186.0,183.25,184.0,1268.0,12650.0
2014-03-06,183.0,183.5,182.0,182.75,966.0,12823.0
2014-03-05,169.25,171.0,169.0,170.0,563.0,739.0
2014-03-04,169.75,172.25,169.5,170.75,476.0,994.0
2014-03-03,171.0,176.5,170.5,172.75,840.0,1777.0
2014-03-02,172.0,172.0,169.0,169.25,709.0,2185.0
2014-03-01,172.0,172.0,169.0,169.25,709.0,2185.0
2014-02-28,172.0,172.0,169.0,169.25,709.0,2185.0
2014-02-27,171.5,172.5,171.0,172.5,417.0,2407.0
2014-02-26,172.0,173.25,172.0,172.5,777.0,3108.0
2014-02-25,173.25,173.5,172.0,172.25,424.0,3447.0
2014-02-24,173.0,173.5,171.0,173.25,477.0,3676.0
2014-02-23,174.0,175.0,173.75,174.0,524.0,4006.0
2014-02-22,174.0,175.0,173.75,174.0,524.0,4006.0
2014-02-21,174.0,175.0,173.75,174.0,524.0,4006.0
2014-02-20,173.25,174.5,173.25,174.25,969.0,4696.0
2014-02-19,173.0,173.5,172.5,173.25,1447.0,5118.0
2014-02-18,173.25,173.75,172.5,173.0,1906.0,8291.0
2014-02-17,172.0,175.5,172.0,173.25,2191.0,5744.0
2014-02-16,172.5,173.5,172.0,172.25,1020.0,6164.0
2014-02-15,172.5,173.5,172.0,172.25,1020.0,6164.0
2014-02-14,172.5,173.5,172.0,172.25,1020.0,6164.0
2014-02-13,173.25,173.25,172.25,172.5,1636.0,6814.0
2014-02-12,173.25,174.0,173.25,173.25,1479.0,7417.0
2014-02-11,175.0,175.0,173.25,173.5,799.0,7726.0
2014-02-10,173.5,176.0,173.5,174.75,1739.0,7502.0
2014-02-09,173.75,174.75,173.75,174.25,549.0,7647.0
2014-02-08,173.75,174.75,173.75,174.25,549.0,7647.0
2014-02-07,173.75,174.75,173.75,174.25,549.0,7647.0
2014-02-06,174.5,174.75,174.0,174.25,607.0,7843.0
2014-02-05,174.0,174.5,173.75,174.25,1040.0,7899.0
2014-02-04,173.0,174.0,172.5,174.0,1419.0,8314.0
2014-02-03,173.5,174.0,172.75,173.0,1154.0,8835.0
2014-02-02,172.0,173.5,172.0,173.5,840.0,9017.0
2014-02-01,172.0,173.5,172.0,173.5,840.0,9017.0
2014-01-31,172.0,173.5,172.0,173.5,840.0,9017.0
2014-01-30,171.5,172.25,171.0,172.25,1212.0,9262.0
2014-01-29,173.0,173.25,171.75,171.75,1299.0,9294.0
2014-01-28,173.5,174.0,173.0,173.25,2121.0,9795.0
2014-01-27,172.25,174.0,172.25,173.5,1250.0,10321.0
2014-01-26,174.0,174.0,172.75,172.75,836.0,10347.0
2014-01-25,174.0,174.0,172.75,172.75,836.0,10347.0
2014-01-24,174.0,174.0,172.75,172.75,836.0,10347.0
2014-01-23,173.0,174.25,172.75,173.75,1143.0,10754.0
2014-01-22,173.75,174.25,172.5,172.5,634.0,10862.0
2014-01-21,172.25,173.5,172.0,173.5,960.0,11002.0
2014-01-20,172.25,172.5,171.75,172.25,449.0,11092.0
2014-01-19,172.75,173.0,172.25,172.5,244.0,11185.0
2014-01-18,172.75,173.0,172.25,172.5,244.0,11185.0
2014-01-17,172.75,173.0,172.25,172.5,244.0,11185.0
2014-01-16,172.5,173.0,171.75,172.75,1088.0,11143.0
2014-01-15,173.0,173.5,172.25,172.5,1010.0,11184.0
2014-01-14,175.0,175.0,172.5,172.5,1119.0,11121.0
2014-01-13,172.75,174.5,172.75,173.75,1057.0,11599.0
2014-01-12,170.25,172.5,170.25,171.5,1999.0,12851.0
2014-01-09,172.5,172.75,170.75,171.0,1519.0,12991.0
2014-01-08,174.5,175.0,172.5,172.75,918.0,13413.0
2014-01-07,175.75,175.75,175.0,175.0,558.0,13486.0
2014-01-06,172.5,176.0,172.25,173.25,217.0,404.0
2014-01-01,171.75,171.75,171.75,171.75,0.0,975.0
2013-12-31,171.75,172.25,171.25,171.75,73.0,975.0
2013-12-30,171.5,172.25,171.5,171.75,200.0,1222.0
2013-12-27,171.5,173.0,171.0,172.25,304.0,1363.0
2013-12-25,172.5,172.5,172.5,172.5,0.0,1452.0
2013-12-24,173.75,173.75,172.5,172.5,58.0,1452.0
2013-12-23,174.0,175.0,173.25,173.5,279.0,1667.0
2013-12-20,172.5,174.25,172.25,173.25,402.0,2072.0
2013-12-19,172.25,174.0,172.25,173.75,495.0,2358.0
2013-12-18,173.0,173.25,172.0,173.0,470.0,2754.0
2013-12-17,172.5,173.75,171.5,173.5,1219.0,3580.0
2013-12-16,175.0,175.25,172.25,172.5,1403.0,3876.0
2013-12-12,176.75,176.75,175.25,176.0,735.0,4544.0
2013-12-11,177.0,177.25,176.75,177.0,306.0,4617.0
2013-12-10,179.25,179.25,176.5,177.0,555.0,4642.0
2013-12-09,180.25,180.5,179.5,179.5,235.0,4622.0
2013-12-08,180.5,181.25,180.25,180.25,800.0,4617.0
2013-12-07,180.5,181.25,180.25,180.25,800.0,4617.0
2013-12-06,180.5,181.25,180.25,180.25,800.0,4617.0
2013-12-05,181.25,181.75,180.25,180.5,737.0,4846.0
2013-12-04,181.25,182.5,181.0,182.0,949.0,5048.0
2013-12-03,181.5,182.0,179.25,181.5,1004.0,5292.0
2013-12-02,179.25,179.75,178.25,178.75,892.0,5445.0
2013-12-01,176.5,180.0,175.5,177.75,1146.0,5470.0
2013-11-30,176.5,180.0,175.5,177.75,1146.0,5470.0
2013-11-29,176.5,180.0,175.5,177.75,1146.0,5470.0
2013-11-28,175.0,176.5,175.0,176.5,725.0,5673.0
2013-11-27,176.25,176.75,176.0,176.25,613.0,5818.0
2013-11-26,175.5,177.0,175.0,175.75,558.0,5949.0
2013-11-25,175.75,177.5,175.5,176.25,445.0,6158.0
2013-11-24,178.5,179.0,176.25,176.5,1726.0,6517.0
2013-11-23,178.5,179.0,176.25,176.5,1726.0,6517.0
2013-11-22,178.5,179.0,176.25,176.5,1726.0,6517.0
2013-11-21,174.25,178.5,174.25,177.5,2539.0,7274.0
2013-11-20,173.0,174.0,172.75,174.0,820.0,7670.0
2013-11-19,172.25,173.75,172.25,172.75,340.0,7670.0
2013-11-18,173.25,173.5,172.0,172.75,281.0,7692.0
2013-11-17,174.5,175.0,173.5,174.0,582.0,7831.0
2013-11-16,174.5,175.0,173.5,174.0,582.0,7831.0
2013-11-15,174.5,175.0,173.5,174.0,582.0,7831.0
2013-11-14,173.5,174.75,173.5,174.5,665.0,7971.0
2013-11-13,175.5,175.5,173.25,173.5,1120.0,8377.0
2013-11-12,176.75,176.75,175.0,175.75,1113.0,8746.0
2013-11-11,174.5,176.75,174.5,176.5,291.0,8824.0
2013-11-10,174.75,174.75,172.0,173.5,1374.0,9281.0
2013-11-09,174.75,174.75,172.0,173.5,1374.0,9281.0
2013-11-08,174.75,174.75,172.0,173.5,1374.0,9281.0
2013-11-07,171.5,175.5,171.0,174.25,1312.0,9391.0
2013-11-06,168.75,173.0,168.75,171.5,1726.0,9395.0
2013-11-05,162.5,164.0,160.0,162.0,260.0,300.0
2013-11-04,162.75,164.0,159.25,163.25,591.0,924.0
2013-11-03,164.5,164.5,162.25,163.25,480.0,1274.0
2013-11-01,164.5,164.5,162.25,163.25,480.0,1274.0
2013-10-31,168.0,168.75,164.0,165.0,1226.0,2288.0
2013-10-30,172.0,172.75,168.0,168.25,863.0,3366.0
2013-10-29,175.0,175.25,172.0,172.5,1436.0,3750.0
2013-10-28,176.5,177.5,175.5,175.75,2242.0,4460.0
2013-10-27,177.0,177.75,176.5,177.25,1213.0,5328.0
2013-10-26,177.0,177.75,176.5,177.25,1213.0,5328.0
2013-10-25,177.0,177.75,176.5,177.25,1213.0,5328.0
2013-10-24,178.25,178.25,177.0,177.25,972.0,5741.0
2013-10-23,176.0,178.25,176.0,178.0,1267.0,6293.0
2013-10-22,177.0,178.0,174.5,176.0,1895.0,6260.0
2013-10-21,177.5,178.25,176.0,176.0,1952.0,8133.0
2013-10-20,174.5,177.25,174.5,177.0,1567.0,8469.0
2013-10-19,174.5,177.25,174.5,177.0,1567.0,8469.0
2013-10-18,174.5,177.25,174.5,177.0,1567.0,8469.0
2013-10-17,174.5,175.5,174.25,174.5,2156.0,9111.0
2013-10-16,174.5,174.75,173.5,174.25,3325.0,13256.0
2013-10-15,174.5,175.25,173.5,174.25,3394.0,10613.0
2013-10-14,172.5,174.75,172.5,174.5,1877.0,10966.0
2013-10-12,173.25,173.25,172.0,173.0,543.0,10964.0
2013-10-11,173.25,173.25,172.0,173.0,543.0,10964.0
2013-10-10,174.0,175.5,173.5,173.75,570.0,11255.0
2013-10-09,172.5,174.25,172.5,173.5,1946.0,11537.0
2013-10-08,173.5,174.25,171.25,172.5,1934.0,11627.0
