Date,Open,Bid,Ask,Last Traded,High,Low,Volume,Prev. Day Settlement Price,Net Change,Prev. Day Open Interest
2019-11-28,26797.0,,,,27058.0,26793.0,113819.0,26868.0,-149.0,104323.0
2019-11-27,27060.0,,,,27077.0,26935.0,73846.0,27017.0,-20.0,90353.0
2019-11-26,27278.0,,,,27327.0,26981.0,63110.0,27037.0,-46.0,54116.0
2019-11-25,26698.0,,,,27192.0,26698.0,57940.0,27083.0,411.0,27788.0
2019-11-22,26652.0,,,,26722.0,26523.0,7365.0,26672.0,178.0,25974.0
2019-11-21,26637.0,,,,26647.0,26200.0,3972.0,26494.0,-361.0,24380.0
2019-11-20,26930.0,,,,27010.0,26833.0,3156.0,26855.0,-274.0,24555.0
2019-11-19,26562.0,,,,27159.0,26552.0,1784.0,27129.0,398.0,23959.0
2019-11-18,26400.0,,,,26750.0,26375.0,1774.0,26731.0,411.0,24025.0
2019-11-15,26520.0,,,,26656.0,26320.0,919.0,26320.0,-55.0,24013.0
2019-11-14,26470.0,,,,26664.0,26230.0,1638.0,26375.0,-164.0,23656.0
2019-11-13,26797.0,,,,26797.0,26495.0,2588.0,26539.0,-490.0,22592.0
2019-11-12,27178.0,,,,27178.0,26837.0,1444.0,27029.0,-16.0,22267.0
2019-11-11,27521.0,,,,27531.0,26866.0,1693.0,27045.0,-690.0,22058.0
2019-11-08,27889.0,,,,27889.0,27649.0,2470.0,27735.0,-135.0,21891.0
2019-11-07,27728.0,,,,27986.0,27590.0,1820.0,27870.0,88.0,22061.0
2019-11-06,27714.0,,,,27835.0,27593.0,452.0,27782.0,57.0,22049.0
2019-11-05,27635.0,,,,27801.0,27500.0,631.0,27725.0,80.0,21904.0
2019-11-04,27236.0,,,,27645.0,27236.0,1263.0,27645.0,470.0,22045.0
2019-11-01,26844.0,,,,27183.0,26800.0,1651.0,27175.0,151.0,22059.0
2019-10-31,26768.0,,,,27079.0,26746.0,1700.0,27024.0,354.0,22386.0
2019-10-30,26770.0,,,,26824.0,26625.0,125829.0,26631.0,-123.0,110735.0
2019-10-29,27052.0,,,,27088.0,26744.0,94458.0,26754.0,-172.0,80967.0
2019-10-28,26790.0,,,,27050.0,26769.0,76370.0,26926.0,233.0,39411.0
2019-10-25,26790.0,,,,26800.0,26605.0,47989.0,26693.0,-67.0,8425.0
2019-10-24,26648.0,,,,26840.0,26567.0,6536.0,26760.0,216.0,4654.0
2019-10-23,26793.0,,,,26826.0,26470.0,3268.0,26544.0,-243.0,3622.0
2019-10-22,26791.0,,,,26875.0,26727.0,1623.0,26787.0,85.0,2994.0
2019-10-21,26700.0,,,,26838.0,26665.0,867.0,26702.0,20.0,2602.0
2019-10-18,26876.0,,,,27010.0,26680.0,890.0,26682.0,-210.0,2536.0
2019-10-17,26741.0,,,,26985.0,26728.0,558.0,26892.0,247.0,2472.0
2019-10-16,26562.0,,,,26731.0,26425.0,491.0,26645.0,150.0,2411.0
2019-10-15,26580.0,,,,26618.0,26451.0,493.0,26495.0,-44.0,2268.0
2019-10-14,26528.0,,,,26662.0,26390.0,445.0,26539.0,123.0,2120.0
2019-10-11,25967.0,,,,26430.0,25967.0,623.0,26416.0,596.0,1714.0
2019-10-10,25602.0,,,,25840.0,25521.0,1864.0,25820.0,156.0,1683.0
2019-10-09,25733.0,,,,25870.0,25659.0,944.0,25664.0,-216.0,1229.0
2019-10-08,25854.0,,,,26208.0,25720.0,700.0,25880.0,86.0,1114.0
2019-10-04,26170.0,,,,26184.0,25582.0,1191.0,25794.0,-361.0,967.0
2019-10-03,25731.0,,,,26227.0,25731.0,1079.0,26155.0,193.0,738.0
2019-10-02,25870.0,,,,26084.0,25768.0,459.0,25962.0,-99.0,637.0
2019-09-30,25837.0,,,,26146.0,25822.0,818.0,26061.0,,637.0
2019-09-27,25940.0,,,,26044.0,25802.0,129316.0,25988.0,-36.0,103388.0
2019-09-26,26010.0,,,,26106.0,25924.0,85803.0,26024.0,120.0,83830.0
2019-09-25,26152.0,,,,26236.0,25901.0,83163.0,25904.0,-395.0,51958.0
2019-09-24,26342.0,,,,26430.0,26230.0,59863.0,26299.0,168.0,18291.0
2019-09-23,26406.0,,,,26530.0,26127.0,11510.0,26131.0,-294.0,9169.0
2019-09-20,26505.0,,,,26596.0,26414.0,5247.0,26425.0,-74.0,5936.0
2019-09-19,26770.0,,,,26835.0,26358.0,3111.0,26499.0,-238.0,4126.0
2019-09-18,26838.0,,,,26904.0,26733.0,1321.0,26737.0,-17.0,3513.0
2019-09-17,27027.0,,,,27027.0,26586.0,2168.0,26754.0,-306.0,3313.0
2019-09-16,27219.0,,,,27219.0,26990.0,934.0,27060.0,-255.0,3002.0
2019-09-13,27161.0,,,,27388.0,27102.0,447.0,27315.0,232.0,3015.0
2019-09-12,27300.0,,,,27322.0,26952.0,581.0,27083.0,-27.0,3075.0
2019-09-11,26770.0,,,,27148.0,26687.0,975.0,27110.0,483.0,2693.0
2019-09-10,26766.0,,,,26869.0,26509.0,799.0,26627.0,-13.0,2427.0
2019-09-09,26670.0,,,,26777.0,26511.0,591.0,26640.0,60.0,2082.0
2019-09-06,26700.0,,,,26742.0,26500.0,617.0,26580.0,56.0,1673.0
2019-09-05,26425.0,,,,26674.0,26390.0,203.0,26524.0,58.0,473.0
2019-09-04,25525.0,,,,26611.0,25525.0,1837.0,26466.0,1006.0,473.0
2019-09-03,25373.0,,,,25655.0,25373.0,700.0,25460.0,-44.0,118.0
2019-09-02,25400.0,,,,25560.0,25400.0,208.0,25504.0,-101.0,29.0
2019-08-30,25900.0,,,,25900.0,25463.0,50.0,25605.0,,29.0
2019-08-29,25540.0,,,,25659.0,25264.0,168810.0,25646.0,103.0,99824.0
2019-08-28,25694.0,,,,25775.0,25472.0,77284.0,25543.0,-24.0,80141.0
2019-08-27,25600.0,,,,25680.0,25448.0,65212.0,25567.0,-2.0,51097.0
2019-08-26,25250.0,,,,25638.0,25070.0,53859.0,25569.0,-462.0,25320.0
2019-08-23,25918.0,,,,26102.0,25800.0,6688.0,26031.0,156.0,20860.0
2019-08-22,26168.0,,,,26168.0,25829.0,4447.0,25875.0,-285.0,19630.0
2019-08-21,25980.0,,,,26194.0,25946.0,2342.0,26160.0,20.0,19086.0
2019-08-20,26078.0,,,,26208.0,25981.0,1479.0,26140.0,23.0,18858.0
2019-08-19,25845.0,,,,26204.0,25770.0,1966.0,26117.0,551.0,18498.0
2019-08-16,25291.0,,,,25658.0,25168.0,2327.0,25566.0,206.0,18051.0
2019-08-15,24701.0,,,,25400.0,24701.0,2504.0,25360.0,222.0,17701.0
2019-08-14,25617.0,,,,25617.0,25000.0,2453.0,25138.0,8.0,17534.0
2019-08-13,25288.0,,,,25454.0,25090.0,1096.0,25130.0,-357.0,17631.0
2019-08-12,25653.0,,,,25930.0,25488.0,2118.0,25487.0,-323.0,18067.0
2019-08-09,26025.0,,,,26130.0,25750.0,624.0,25810.0,-139.0,17969.0
2019-08-08,25868.0,,,,26159.0,25778.0,2718.0,25949.0,89.0,18603.0
2019-08-07,25828.0,,,,25875.0,25555.0,2419.0,25860.0,-27.0,18994.0
2019-08-06,25200.0,,,,25929.0,25158.0,2351.0,25887.0,-63.0,18238.0
2019-08-05,26350.0,,,,26470.0,25925.0,2203.0,25950.0,-784.0,17743.0
2019-08-02,26727.0,,,,26873.0,26691.0,2002.0,26734.0,-646.0,18464.0
2019-08-01,27494.0,,,,27583.0,27357.0,1151.0,27380.0,-302.0,18822.0
2019-07-31,27842.0,,,,27842.0,27563.0,462.0,27682.0,-368.0,18659.0
2019-07-30,28089.0,,,,28226.0,28033.0,132377.0,28124.0,33.0,95321.0
2019-07-29,28232.0,,,,28284.0,27894.0,96776.0,28091.0,-259.0,60564.0
2019-07-26,28365.0,,,,28444.0,28273.0,56545.0,28350.0,-199.0,28742.0
2019-07-25,28550.0,,,,28613.0,28484.0,30662.0,28549.0,46.0,9122.0
2019-07-24,28550.0,,,,28732.0,28480.0,8164.0,28503.0,78.0,4737.0
2019-07-23,28384.0,,,,28444.0,28258.0,2661.0,28425.0,88.0,3784.0
2019-07-22,28600.0,,,,28657.0,28252.0,1830.0,28337.0,-447.0,2974.0
2019-07-19,28580.0,,,,28802.0,28562.0,1512.0,28784.0,392.0,2402.0
2019-07-18,28290.0,,,,28483.0,28283.0,640.0,28392.0,-193.0,2380.0
2019-07-17,28455.0,,,,28610.0,28328.0,471.0,28585.0,-6.0,2141.0
2019-07-16,28580.0,,,,28628.0,28450.0,809.0,28591.0,102.0,1819.0
2019-07-15,28351.0,,,,28565.0,28047.0,638.0,28489.0,-22.0,1632.0
2019-07-12,28354.0,,,,28580.0,28351.0,286.0,28511.0,84.0,1517.0
2019-07-11,28368.0,,,,28580.0,28350.0,633.0,28427.0,247.0,1307.0
2019-07-10,28263.0,,,,28318.0,28133.0,518.0,28180.0,100.0,1004.0
2019-07-09,28354.0,,,,28354.0,28078.0,420.0,28080.0,-267.0,874.0
2019-07-08,28603.0,,,,28603.0,28198.0,477.0,28347.0,-411.0,835.0
2019-07-05,28880.0,,,,28921.0,28746.0,668.0,28758.0,-64.0,709.0
2019-07-04,28922.0,,,,29033.0,28820.0,418.0,28822.0,-77.0,509.0
2019-07-03,28802.0,,,,28906.0,28744.0,467.0,28899.0,-4.0,440.0
2019-07-02,28878.0,,,,29050.0,28788.0,419.0,28903.0,425.0,217.0
2019-06-28,28510.0,,,,28510.0,28346.0,277.0,28478.0,,217.0
2019-06-27,28355.0,,,,28604.0,28255.0,142879.0,28558.0,410.0,105252.0
2019-06-26,28036.0,,,,28231.0,27945.0,93979.0,28148.0,35.0,76439.0
2019-06-25,28385.0,,,,28443.0,28033.0,74186.0,28113.0,-259.0,35373.0
2019-06-24,28300.0,,,,28558.0,28270.0,43142.0,28372.0,-5.0,12137.0
2019-06-21,28428.0,,,,28474.0,28260.0,5592.0,28377.0,-87.0,8130.0
2019-06-20,28248.0,,,,28470.0,28136.0,3750.0,28464.0,374.0,6475.0
2019-06-19,27890.0,,,,28139.0,27838.0,3732.0,28090.0,705.0,4971.0
2019-06-18,27171.0,,,,27457.0,27057.0,2246.0,27385.0,298.0,3991.0
2019-06-17,26992.0,,,,27374.0,26992.0,1537.0,27087.0,106.0,3063.0
2019-06-14,26989.0,,,,27105.0,26900.0,678.0,26981.0,-115.0,3063.0
2019-06-13,26965.0,,,,27140.0,26651.0,1062.0,27096.0,30.0,2775.0
2019-06-12,27542.0,,,,27542.0,27054.0,1231.0,27066.0,-564.0,2373.0
2019-06-11,27470.0,,,,27691.0,27449.0,1637.0,27630.0,221.0,1578.0
2019-06-10,27002.0,,,,27456.0,26959.0,1230.0,27409.0,623.0,1033.0
2019-06-06,26698.0,,,,26813.0,26649.0,531.0,26786.0,41.0,999.0
2019-06-05,26835.0,,,,26918.0,26600.0,453.0,26745.0,205.0,829.0
2019-06-04,26806.0,,,,26818.0,26460.0,530.0,26540.0,-116.0,626.0
2019-06-03,26558.0,,,,26755.0,26517.0,828.0,26656.0,-10.0,273.0
2019-05-31,26818.0,,,,26943.0,26648.0,485.0,26666.0,,273.0
2019-05-30,27119.0,,,,27166.0,26849.0,206130.0,26927.0,-142.0,107464.0
2019-05-29,27058.0,,,,27250.0,27000.0,99563.0,27069.0,-114.0,80174.0
2019-05-28,27107.0,,,,27308.0,27041.0,76487.0,27183.0,92.0,42701.0
2019-05-27,27170.0,,,,27216.0,26930.0,36190.0,27091.0,-81.0,24548.0
2019-05-24,27086.0,,,,27291.0,27086.0,17092.0,27172.0,86.0,19219.0
2019-05-23,27250.0,,,,27318.0,26979.0,5211.0,27086.0,-385.0,17165.0
2019-05-22,27461.0,,,,27575.0,27374.0,1239.0,27471.0,57.0,16942.0
2019-05-21,27365.0,,,,27687.0,27323.0,2839.0,27414.0,-76.0,15675.0
2019-05-20,27680.0,,,,27700.0,27394.0,2671.0,27490.0,-103.0,15577.0
2019-05-17,28151.0,,,,28151.0,27500.0,1233.0,27593.0,-355.0,15211.0
2019-05-16,27780.0,,,,28010.0,27661.0,946.0,27948.0,22.0,14844.0
2019-05-15,27735.0,,,,28033.0,27696.0,701.0,27926.0,206.0,14868.0
2019-05-14,27528.0,,,,27827.0,27350.0,1011.0,27720.0,-473.0,14729.0
2019-05-10,28200.0,,,,28455.0,27810.0,1258.0,28193.0,298.0,14678.0
2019-05-09,28480.0,,,,28500.0,27888.0,1488.0,27895.0,-770.0,14340.0
2019-05-08,28560.0,,,,28847.0,28556.0,777.0,28665.0,-312.0,14192.0
2019-05-07,28978.0,,,,29106.0,28800.0,1033.0,28977.0,139.0,14349.0
2019-05-06,29259.0,,,,29259.0,28583.0,1177.0,28838.0,-899.0,14385.0
2019-05-03,29458.0,,,,29746.0,29304.0,755.0,29737.0,204.0,14385.0
2019-05-02,29293.0,,,,29605.0,29275.0,432.0,29533.0,186.0,14423.0
2019-04-30,29476.0,,,,29497.0,29247.0,1576.0,29347.0,-213.0,14074.0
2019-04-29,29511.0,,,,29720.0,29418.0,181296.0,29679.0,303.0,110987.0
2019-04-26,29244.0,,,,29482.0,29243.0,93760.0,29376.0,65.0,87495.0
2019-04-25,29430.0,,,,29638.0,29297.0,68667.0,29311.0,-246.0,43670.0
2019-04-24,29872.0,,,,29925.0,29447.0,64341.0,29557.0,-189.0,9931.0
2019-04-23,29761.0,,,,29860.0,29542.0,11618.0,29746.0,19.0,4854.0
2019-04-18,29855.0,,,,29900.0,29678.0,1267.0,29727.0,-223.0,4204.0
2019-04-17,29945.0,,,,29990.0,29807.0,1608.0,29950.0,32.0,3751.0
2019-04-16,29616.0,,,,29980.0,29493.0,1624.0,29918.0,304.0,2857.0
2019-04-15,29940.0,,,,30120.0,29560.0,1341.0,29614.0,-122.0,2613.0
2019-04-12,29688.0,,,,29840.0,29498.0,613.0,29736.0,126.0,2578.0
2019-04-11,29931.0,,,,30008.0,29590.0,895.0,29610.0,-300.0,2458.0
2019-04-10,29858.0,,,,29980.0,29744.0,944.0,29910.0,-81.0,2111.0
2019-04-09,29936.0,,,,30074.0,29855.0,850.0,29991.0,89.0,1720.0
2019-04-08,29938.0,,,,30000.0,29749.0,844.0,29902.0,114.0,1549.0
2019-04-04,29780.0,,,,29881.0,29603.0,1112.0,29788.0,44.0,1138.0
2019-04-03,29577.0,,,,29823.0,29535.0,802.0,29744.0,222.0,1107.0
2019-04-02,29450.0,,,,29527.0,29370.0,565.0,29522.0,155.0,780.0
2019-04-01,29208.0,,,,29488.0,29195.0,582.0,29367.0,471.0,530.0
2019-03-29,28650.0,,,,29000.0,28647.0,775.0,28896.0,,530.0
2019-03-28,28595.0,,,,28871.0,28575.0,170677.0,28765.0,50.0,107382.0
2019-03-27,28650.0,,,,28821.0,28587.0,100502.0,28715.0,126.0,80775.0
2019-03-26,28730.0,,,,28801.0,28460.0,69370.0,28589.0,26.0,44710.0
2019-03-25,28536.0,,,,28724.0,28466.0,48672.0,28563.0,-568.0,13528.0
2019-03-22,29250.0,,,,29316.0,28887.0,7288.0,29131.0,-29.0,9251.0
2019-03-21,29361.0,,,,29520.0,29122.0,2247.0,29160.0,-210.0,8633.0
2019-03-20,29430.0,,,,29500.0,29308.0,751.0,29370.0,-164.0,8348.0
2019-03-19,29423.0,,,,29583.0,29380.0,1847.0,29534.0,110.0,7363.0
2019-03-18,29180.0,,,,29479.0,29101.0,2167.0,29424.0,342.0,6349.0
2019-03-15,28998.0,,,,29276.0,28877.0,1385.0,29082.0,151.0,5546.0
2019-03-14,28891.0,,,,28990.0,28713.0,1127.0,28931.0,80.0,4931.0
2019-03-13,28894.0,,,,28961.0,28745.0,718.0,28851.0,-88.0,4653.0
2019-03-12,28773.0,,,,29020.0,28760.0,1251.0,28939.0,421.0,3876.0
2019-03-11,28188.0,,,,28560.0,28188.0,1319.0,28518.0,247.0,3274.0
2019-03-08,28505.0,,,,28541.0,28215.0,978.0,28271.0,-494.0,2612.0
2019-03-07,28950.0,,,,29037.0,28765.0,933.0,28765.0,-300.0,2493.0
2019-03-06,28929.0,,,,29120.0,28909.0,853.0,29065.0,138.0,1791.0
2019-03-05,28813.0,,,,29007.0,28719.0,689.0,28927.0,6.0,1581.0
2019-03-04,28903.0,,,,29285.0,28774.0,1241.0,28921.0,152.0,789.0
2019-03-01,28766.0,,,,28870.0,28695.0,375.0,28769.0,68.0,616.0
2019-02-27,28867.0,,,,29038.0,28685.0,188449.0,28737.0,-15.0,108637.0
2019-02-26,28998.0,,,,29020.0,28722.0,112605.0,28752.0,-165.0,77347.0
2019-02-25,28940.0,,,,29039.0,28758.0,77155.0,28917.0,89.0,50378.0
2019-02-22,28509.0,,,,28880.0,28434.0,42966.0,28828.0,166.0,27205.0
2019-02-21,28595.0,,,,28805.0,28377.0,6372.0,28662.0,140.0,25475.0
2019-02-20,28292.0,,,,28582.0,28292.0,6205.0,28522.0,354.0,23886.0
2019-02-19,28338.0,,,,28457.0,28142.0,2489.0,28168.0,-173.0,23007.0
2019-02-18,28232.0,,,,28392.0,28144.0,1546.0,28341.0,464.0,22502.0
2019-02-15,28189.0,,,,28242.0,27790.0,2054.0,27877.0,-470.0,21750.0
2019-02-14,28300.0,,,,28448.0,28233.0,1700.0,28347.0,-58.0,21241.0
2019-02-13,28197.0,,,,28512.0,28110.0,2177.0,28405.0,272.0,20725.0
2019-02-12,28151.0,,,,28182.0,27934.0,1956.0,28133.0,-6.0,19945.0
2019-02-11,27928.0,,,,28155.0,27767.0,1730.0,28139.0,187.0,19320.0
2019-02-08,27669.0,,,,27962.0,27492.0,869.0,27952.0,117.0,19304.0
2019-02-04,27920.0,,,,27950.0,27805.0,217.0,27835.0,-30.0,19321.0
2019-02-01,28182.0,,,,28204.0,27750.0,721.0,27865.0,-195.0,19367.0
2019-01-31,27837.0,,,,28070.0,27731.0,567.0,28060.0,414.0,19218.0
2019-01-30,27500.0,,,,27681.0,27341.0,147310.0,27638.0,103.0,100392.0
2019-01-29,27279.0,,,,27549.0,27279.0,97569.0,27535.0,20.0,76863.0
2019-01-28,27645.0,,,,27768.0,27409.0,64920.0,27515.0,-46.0,46357.0
2019-01-25,27274.0,,,,27574.0,27165.0,42007.0,27561.0,511.0,18464.0
2019-01-24,27017.0,,,,27088.0,26826.0,9123.0,27050.0,108.0,11855.0
2019-01-23,26853.0,,,,27110.0,26830.0,3030.0,26942.0,-12.0,10156.0
2019-01-22,27120.0,,,,27224.0,26798.0,3279.0,26954.0,-240.0,9105.0
2019-01-21,27175.0,,,,27300.0,26975.0,2119.0,27194.0,134.0,7559.0
2019-01-18,26982.0,,,,27100.0,26887.0,3167.0,27060.0,327.0,5766.0
2019-01-17,26913.0,,,,26983.0,26626.0,1161.0,26733.0,-128.0,5282.0
2019-01-16,26640.0,,,,26890.0,26518.0,565.0,26861.0,152.0,5122.0
2019-01-15,26488.0,,,,26819.0,26411.0,1379.0,26709.0,452.0,4271.0
2019-01-14,26517.0,,,,26538.0,26130.0,618.0,26257.0,-396.0,4114.0
2019-01-11,26680.0,,,,26687.0,26488.0,889.0,26653.0,221.0,3933.0
2019-01-10,26351.0,,,,26595.0,26190.0,887.0,26432.0,-45.0,3716.0
2019-01-09,26084.0,,,,26600.0,26084.0,863.0,26477.0,611.0,3511.0
2019-01-08,25912.0,,,,25952.0,25688.0,684.0,25866.0,40.0,3207.0
2019-01-07,25990.0,,,,26047.0,25738.0,1084.0,25826.0,262.0,3092.0
2019-01-04,24885.0,,,,25610.0,24885.0,968.0,25564.0,544.0,2558.0
2019-01-03,25033.0,,,,25196.0,24850.0,868.0,25020.0,73.0,2134.0
2019-01-02,25719.0,,,,25740.0,24964.0,2635.0,24947.0,-876.0,168.0
2018-12-31,25837.0,,,,25930.0,25680.0,283.0,25823.0,,168.0
2018-12-28,25538.0,,,,25639.0,25428.0,139871.0,25569.0,157.0,103349.0
2018-12-27,25906.0,,,,25977.0,25308.0,98385.0,25412.0,-252.0,83961.0
2018-12-24,25510.0,,,,25694.0,25438.0,28242.0,25664.0,-40.0,63960.0
2018-12-21,25511.0,,,,25836.0,25355.0,65371.0,25704.0,122.0,24262.0
2018-12-20,25885.0,,,,25922.0,25430.0,16594.0,25582.0,-393.0,14504.0
2018-12-19,25948.0,,,,25984.0,25855.0,7507.0,25975.0,107.0,9324.0
2018-12-18,25918.0,,,,26241.0,25750.0,2582.0,25868.0,-263.0,8295.0
2018-12-17,26185.0,,,,26275.0,26070.0,3715.0,26131.0,44.0,5062.0
2018-12-14,26270.0,,,,26284.0,26073.0,1349.0,26087.0,-492.0,4775.0
2018-12-13,26430.0,,,,26656.0,26363.0,1364.0,26579.0,299.0,3986.0
2018-12-12,26077.0,,,,26318.0,26070.0,597.0,26280.0,519.0,3675.0
2018-12-11,25688.0,,,,25900.0,25618.0,453.0,25761.0,11.0,3686.0
2018-12-10,25778.0,,,,25861.0,25600.0,712.0,25750.0,-370.0,3505.0
2018-12-07,26321.0,,,,26350.0,26062.0,216.0,26120.0,-84.0,3429.0
2018-12-06,26550.0,,,,26550.0,26060.0,1156.0,26204.0,-604.0,3136.0
2018-12-05,26835.0,,,,26990.0,26781.0,1698.0,26808.0,-506.0,1887.0
2018-12-04,27196.0,,,,27334.0,27094.0,734.0,27314.0,-12.0,1352.0
2018-12-03,27199.0,,,,27356.0,27000.0,1200.0,27326.0,751.0,736.0
2018-11-30,26694.0,,,,26756.0,26469.0,1672.0,26575.0,,736.0
2018-11-29,26876.0,,,,26953.0,26402.0,194714.0,26467.0,-156.0,114535.0
2018-11-28,26361.0,,,,26736.0,26310.0,111702.0,26623.0,344.0,86540.0
2018-11-27,26353.0,,,,26450.0,26156.0,74518.0,26279.0,-146.0,49838.0
2018-11-26,25989.0,,,,26450.0,25989.0,52878.0,26425.0,511.0,24423.0
2018-11-23,26000.0,,,,26071.0,25777.0,5075.0,25914.0,-37.0,22684.0
2018-11-22,26071.0,,,,26113.0,25830.0,4148.0,25951.0,28.0,21514.0
2018-11-21,25489.0,,,,25995.0,25430.0,4576.0,25923.0,120.0,20308.0
2018-11-20,25985.0,,,,26134.0,25731.0,3248.0,25803.0,-511.0,19675.0
2018-11-19,26114.0,,,,26400.0,26106.0,2519.0,26314.0,172.0,19124.0
2018-11-16,26137.0,,,,26208.0,25818.0,1059.0,26142.0,72.0,18971.0
2018-11-15,25850.0,,,,26200.0,25585.0,2633.0,26070.0,497.0,18706.0
2018-11-14,25777.0,,,,25915.0,25463.0,834.0,25573.0,-293.0,18741.0
2018-11-13,25081.0,,,,25872.0,25000.0,1905.0,25866.0,286.0,18005.0
2018-11-12,25499.0,,,,25774.0,25493.0,897.0,25580.0,83.0,17829.0
2018-11-09,25911.0,,,,25946.0,25438.0,2208.0,25497.0,-760.0,17147.0
2018-11-08,26645.0,,,,26645.0,26150.0,612.0,26257.0,67.0,17013.0
2018-11-07,26120.0,,,,26552.0,25906.0,1784.0,26190.0,121.0,16242.0
2018-11-06,26049.0,,,,26188.0,25840.0,1171.0,26069.0,135.0,15874.0
2018-11-05,26074.0,,,,26144.0,25758.0,1091.0,25934.0,-592.0,16014.0
2018-11-02,25860.0,,,,26532.0,25809.0,1763.0,26526.0,1156.0,15582.0
2018-11-01,25085.0,,,,25544.0,25072.0,1004.0,25370.0,432.0,15178.0
2018-10-31,24781.0,,,,24986.0,24717.0,709.0,24938.0,322.0,15080.0
2018-10-30,24746.0,,,,24962.0,24541.0,244739.0,24589.0,-162.0,110564.0
2018-10-29,24885.0,,,,24999.0,24578.0,134817.0,24751.0,93.0,78554.0
2018-10-26,24980.0,,,,25022.0,24524.0,75840.0,24658.0,-243.0,37480.0
2018-10-25,24750.0,,,,24998.0,24608.0,39978.0,24901.0,-320.0,16286.0
2018-10-24,25432.0,,,,25663.0,25190.0,10664.0,25221.0,-124.0,11694.0
2018-10-23,25907.0,,,,25977.0,25211.0,6010.0,25345.0,-795.0,8432.0
2018-10-22,25512.0,,,,26232.0,25500.0,4534.0,26140.0,671.0,7157.0
2018-10-19,25135.0,,,,25730.0,25078.0,2198.0,25469.0,51.0,6642.0
2018-10-18,25669.0,,,,25669.0,25229.0,1662.0,25418.0,19.0,5523.0
2018-10-16,25550.0,,,,25681.0,25223.0,1263.0,25399.0,44.0,4566.0
2018-10-15,25573.0,,,,25643.0,25348.0,2022.0,25355.0,-347.0,4152.0
2018-10-12,25390.0,,,,25787.0,25282.0,1291.0,25702.0,498.0,3003.0
2018-10-11,25400.0,,,,25465.0,25140.0,2070.0,25204.0,-974.0,1717.0
2018-10-10,26268.0,,,,26450.0,26130.0,735.0,26178.0,97.0,1319.0
2018-10-09,26151.0,,,,26345.0,26044.0,469.0,26081.0,-86.0,1162.0
2018-10-08,26422.0,,,,26761.0,26161.0,497.0,26167.0,-307.0,1067.0
2018-10-05,26388.0,,,,26629.0,26346.0,347.0,26474.0,-105.0,876.0
2018-10-04,26875.0,,,,26908.0,26518.0,918.0,26579.0,-496.0,293.0
2018-10-03,27019.0,,,,27260.0,26897.0,345.0,27075.0,66.0,287.0
2018-10-02,27767.0,,,,27767.0,27018.0,468.0,27009.0,-885.0,109.0
2018-09-28,27869.0,,,,27944.0,27670.0,207.0,27894.0,,109.0
2018-09-27,27861.0,,,,27960.0,27628.0,182119.0,27708.0,-124.0,95982.0
2018-09-26,27555.0,,,,28049.0,27553.0,134906.0,27832.0,357.0,54473.0
2018-09-24,27835.0,,,,27835.0,27395.0,53367.0,27475.0,-471.0,17897.0
2018-09-21,27660.0,,,,27987.0,27518.0,21303.0,27946.0,487.0,9320.0
2018-09-20,27541.0,,,,27629.0,27300.0,3602.0,27459.0,50.0,8223.0
2018-09-19,27240.0,,,,27490.0,27050.0,2690.0,27409.0,375.0,7013.0
2018-09-18,26713.0,,,,27160.0,26601.0,2624.0,27034.0,148.0,5520.0
2018-09-17,26900.0,,,,27022.0,26703.0,990.0,26886.0,-362.0,5078.0
2018-09-14,27225.0,,,,27338.0,27000.0,850.0,27248.0,267.0,4864.0
2018-09-13,26690.0,,,,27032.0,26610.0,2134.0,26981.0,651.0,4297.0
2018-09-12,26330.0,,,,26423.0,26180.0,676.0,26330.0,37.0,4166.0
2018-09-11,26596.0,,,,26631.0,26288.0,1037.0,26293.0,-329.0,3353.0
2018-09-10,26718.0,,,,26830.0,26369.0,819.0,26622.0,-203.0,2807.0
2018-09-07,26801.0,,,,27138.0,26580.0,609.0,26825.0,-154.0,2436.0
2018-09-06,26984.0,,,,27200.0,26778.0,707.0,26979.0,-120.0,2053.0
2018-09-05,27707.0,,,,27796.0,27104.0,2152.0,27099.0,-776.0,511.0
2018-09-04,27548.0,,,,27921.0,27457.0,290.0,27875.0,230.0,405.0
2018-09-03,27668.0,,,,27780.0,27520.0,172.0,27645.0,-116.0,331.0
2018-08-31,27691.0,,,,27868.0,27650.0,497.0,27761.0,,331.0
2018-08-30,28520.0,,,,28520.0,28043.0,155114.0,28068.0,-216.0,97978.0
2018-08-29,28274.0,,,,28399.0,28177.0,96725.0,28284.0,65.0,74480.0
2018-08-28,28430.0,,,,28476.0,28127.0,60196.0,28219.0,38.0,46521.0
2018-08-27,27854.0,,,,28199.0,27821.0,38283.0,28181.0,678.0,24465.0
2018-08-24,27433.0,,,,27699.0,27372.0,9648.0,27503.0,-114.0,20064.0
2018-08-23,27819.0,,,,27903.0,27505.0,2555.0,27617.0,-157.0,19773.0
2018-08-22,27610.0,,,,27827.0,27444.0,2943.0,27774.0,224.0,19199.0
2018-08-21,27349.0,,,,27620.0,27349.0,2016.0,27550.0,114.0,19077.0
2018-08-20,27071.0,,,,27467.0,27065.0,1898.0,27436.0,382.0,18801.0
2018-08-17,27197.0,,,,27247.0,26932.0,1081.0,27054.0,93.0,18454.0
2018-08-16,26743.0,,,,27290.0,26723.0,3283.0,26961.0,-194.0,17363.0
2018-08-15,27582.0,,,,27582.0,27090.0,890.0,27155.0,-409.0,17173.0
2018-08-14,27798.0,,,,27811.0,27362.0,956.0,27564.0,-230.0,17045.0
2018-08-13,27885.0,,,,27920.0,27635.0,877.0,27794.0,-345.0,17067.0
2018-08-10,28420.0,,,,28503.0,28120.0,917.0,28139.0,-325.0,17767.0
2018-08-09,28085.0,,,,28588.0,28021.0,6837.0,28464.0,308.0,14884.0
2018-08-08,28222.0,,,,28288.0,28077.0,1861.0,28156.0,23.0,15218.0
2018-08-07,27712.0,,,,28155.0,27700.0,2109.0,28133.0,478.0,14803.0
2018-08-06,27713.0,,,,27940.0,27560.0,806.0,27655.0,116.0,14738.0
2018-08-03,27665.0,,,,27666.0,27472.0,1001.0,27539.0,2.0,14185.0
2018-08-02,28111.0,,,,28111.0,27444.0,3063.0,27537.0,-691.0,14325.0
2018-08-01,28598.0,,,,28650.0,28100.0,2962.0,28228.0,-141.0,12451.0
2018-07-31,28545.0,,,,28575.0,28360.0,2995.0,28369.0,-219.0,11062.0
2018-07-30,28580.0,,,,28821.0,28517.0,155271.0,28676.0,-43.0,90393.0
2018-07-27,28700.0,,,,28810.0,28559.0,82994.0,28719.0,6.0,68731.0
2018-07-26,29042.0,,,,29091.0,28592.0,64632.0,28713.0,-176.0,35582.0
2018-07-25,28800.0,,,,28950.0,28730.0,42657.0,28889.0,268.0,11077.0
2018-07-24,28251.0,,,,28692.0,28200.0,7481.0,28621.0,431.0,6393.0
2018-07-23,28146.0,,,,28338.0,28048.0,2919.0,28190.0,-20.0,5341.0
2018-07-20,28015.0,,,,28272.0,27713.0,2091.0,28210.0,196.0,4801.0
2018-07-19,28199.0,,,,28291.0,27940.0,971.0,28014.0,-46.0,4283.0
2018-07-18,28380.0,,,,28380.0,27995.0,2755.0,28060.0,-109.0,3021.0
2018-07-17,28360.0,,,,28427.0,28100.0,914.0,28169.0,-312.0,2665.0
2018-07-16,28591.0,,,,28668.0,28288.0,471.0,28481.0,-55.0,2442.0
2018-07-13,28717.0,,,,28728.0,28465.0,1114.0,28536.0,77.0,1606.0
2018-07-12,28286.0,,,,28573.0,28138.0,372.0,28459.0,203.0,1418.0
2018-07-11,28138.0,,,,28320.0,27881.0,418.0,28256.0,-368.0,1266.0
2018-07-10,28879.0,,,,28981.0,28580.0,253.0,28624.0,-74.0,1196.0
2018-07-09,28500.0,,,,28810.0,28500.0,451.0,28698.0,511.0,1109.0
2018-07-06,28084.0,,,,28444.0,27848.0,904.0,28187.0,35.0,689.0
2018-07-05,28042.0,,,,28230.0,27761.0,430.0,28152.0,131.0,517.0
2018-07-04,28227.0,,,,28400.0,27916.0,111.0,28021.0,-275.0,452.0
2018-07-03,28300.0,,,,28387.0,27763.0,455.0,28296.0,-408.0,148.0
2018-06-29,28300.0,,,,28725.0,28298.0,311.0,28704.0,,148.0
2018-06-28,28200.0,,,,28389.0,27964.0,229419.0,28263.0,99.0,99658.0
2018-06-27,28812.0,,,,28863.0,28076.0,141444.0,28164.0,-595.0,74052.0
2018-06-26,28734.0,,,,28845.0,28290.0,88089.0,28759.0,9.0,39292.0
2018-06-25,29243.0,,,,29262.0,28682.0,49509.0,28750.0,-395.0,11535.0
2018-06-22,28816.0,,,,29238.0,28816.0,4683.0,29145.0,40.0,6685.0
2018-06-21,29530.0,,,,29673.0,29049.0,4225.0,29105.0,-375.0,6685.0
2018-06-20,29233.0,,,,29781.0,29160.0,2982.0,29480.0,301.0,4808.0
2018-06-19,29702.0,,,,29734.0,29078.0,3249.0,29179.0,-894.0,3530.0
2018-06-15,30230.0,,,,30284.0,30039.0,499.0,30073.0,-154.0,3565.0
2018-06-14,30480.0,,,,30549.0,30101.0,1518.0,30227.0,-336.0,2830.0
2018-06-13,30797.0,,,,30809.0,30457.0,498.0,30563.0,-294.0,2772.0
2018-06-12,30820.0,,,,31034.0,30699.0,641.0,30857.0,-4.0,2562.0
2018-06-11,30900.0,,,,30925.0,30653.0,405.0,30861.0,202.0,2486.0
2018-06-08,31209.0,,,,31209.0,30617.0,870.0,30659.0,-692.0,2194.0
2018-06-07,31234.0,,,,31350.0,31130.0,600.0,31351.0,337.0,1915.0
2018-06-06,30874.0,,,,31085.0,30869.0,668.0,31014.0,143.0,1515.0
2018-06-05,30630.0,,,,30959.0,30625.0,608.0,30871.0,162.0,1302.0
2018-06-04,30464.0,,,,30750.0,30464.0,455.0,30709.0,506.0,1136.0
2018-06-01,30188.0,,,,30271.0,30095.0,848.0,30203.0,-113.0,229.0
2018-05-31,29828.0,,,,30269.0,29820.0,337.0,30316.0,,229.0
2018-05-30,30055.0,,,,30109.0,29794.0,179754.0,29864.0,-448.0,103654.0
2018-05-29,30530.0,,,,30604.0,30308.0,106406.0,30312.0,-343.0,79456.0
2018-05-28,30634.0,,,,30750.0,30409.0,65740.0,30655.0,125.0,48232.0
2018-05-25,30540.0,,,,30639.0,30384.0,45059.0,30530.0,-59.0,20502.0
2018-05-24,30536.0,,,,30648.0,30398.0,7966.0,30589.0,164.0,17424.0
2018-05-23,31016.0,,,,31025.0,30410.0,3656.0,30425.0,-690.0,16590.0
2018-05-21,31000.0,,,,31290.0,30980.0,1752.0,31115.0,331.0,16168.0
2018-05-18,30793.0,,,,30960.0,30680.0,906.0,30784.0,8.0,15740.0
2018-05-17,31106.0,,,,31206.0,30716.0,1400.0,30776.0,-53.0,15409.0
2018-05-16,30760.0,,,,30969.0,30550.0,1554.0,30829.0,-54.0,15144.0
2018-05-15,31354.0,,,,31354.0,30865.0,3118.0,30883.0,-469.0,14405.0
2018-05-14,31163.0,,,,31360.0,31157.0,3666.0,31352.0,365.0,11858.0
2018-05-11,30834.0,,,,31034.0,30760.0,1913.0,30987.0,419.0,11524.0
2018-05-10,30375.0,,,,30583.0,30375.0,1463.0,30568.0,262.0,11245.0
2018-05-09,30093.0,,,,30306.0,30051.0,372.0,30306.0,218.0,11252.0
2018-05-08,29717.0,,,,30130.0,29717.0,557.0,30088.0,439.0,10974.0
2018-05-07,29855.0,,,,29857.0,29472.0,564.0,29649.0,-17.0,11016.0
2018-05-04,29921.0,,,,30040.0,29540.0,569.0,29666.0,-280.0,11073.0
2018-05-03,30201.0,,,,30201.0,29795.0,427.0,29946.0,-506.0,11128.0
2018-05-02,30370.0,,,,30540.0,30289.0,658.0,30452.0,-107.0,11000.0
2018-04-30,30120.0,,,,30611.0,30120.0,333.0,30559.0,610.0,10966.0
2018-04-27,30120.0,,,,30151.0,29860.0,195300.0,30063.0,191.0,104419.0
2018-04-26,30173.0,,,,30291.0,29669.0,123713.0,29872.0,-146.0,81398.0
2018-04-25,30315.0,,,,30358.0,30018.0,66750.0,30018.0,-462.0,54987.0
2018-04-24,30177.0,,,,30541.0,30097.0,54415.0,30480.0,404.0,17854.0
2018-04-23,30185.0,,,,30313.0,29986.0,14969.0,30076.0,-121.0,8288.0
2018-04-20,30452.0,,,,30713.0,30157.0,4583.0,30197.0,-394.0,5289.0
2018-04-19,30301.0,,,,30621.0,30293.0,2636.0,30591.0,449.0,3688.0
2018-04-18,30243.0,,,,30300.0,29786.0,894.0,30142.0,262.0,3601.0
2018-04-17,30191.0,,,,30350.0,29820.0,1848.0,29880.0,-133.0,3067.0
2018-04-16,30724.0,,,,30728.0,29997.0,881.0,30013.0,-678.0,2628.0
2018-04-13,30867.0,,,,30879.0,30541.0,560.0,30691.0,95.0,2231.0
2018-04-12,30903.0,,,,30970.0,30440.0,759.0,30596.0,-120.0,1883.0
2018-04-11,30627.0,,,,30824.0,30516.0,403.0,30716.0,131.0,1721.0
2018-04-10,29988.0,,,,30632.0,29980.0,1364.0,30585.0,484.0,1031.0
2018-04-09,29874.0,,,,30318.0,29757.0,342.0,30101.0,444.0,907.0
2018-04-06,29529.0,,,,29780.0,29385.0,474.0,29657.0,439.0,837.0
2018-04-04,30012.0,,,,30128.0,29178.0,736.0,29218.0,-764.0,467.0
2018-04-03,29730.0,,,,30111.0,29589.0,382.0,29982.0,117.0,407.0
2018-03-29,29848.0,,,,30008.0,29579.0,1794.0,29865.0,,407.0
2018-03-28,30402.0,,,,30597.0,29925.0,174700.0,29956.0,-797.0,107174.0
2018-03-27,30880.0,,,,30930.0,30700.0,94826.0,30753.0,240.0,72438.0
2018-03-26,29920.0,,,,30558.0,29916.0,72324.0,30513.0,382.0,30015.0
2018-03-23,30000.0,,,,30305.0,29836.0,30786.0,30131.0,-895.0,11811.0
2018-03-22,31488.0,,,,31680.0,30965.0,7231.0,31026.0,-300.0,7980.0
2018-03-21,31671.0,,,,31972.0,31310.0,2668.0,31326.0,-191.0,6994.0
2018-03-20,31290.0,,,,31555.0,31130.0,2318.0,31517.0,138.0,6380.0
2018-03-19,31500.0,,,,31650.0,31190.0,1024.0,31379.0,-47.0,6210.0
2018-03-16,31380.0,,,,31556.0,31288.0,1263.0,31426.0,-115.0,5768.0
2018-03-15,31175.0,,,,31612.0,31063.0,712.0,31541.0,80.0,5692.0
2018-03-14,31300.0,,,,31486.0,31124.0,1044.0,31461.0,-140.0,5322.0
2018-03-13,31583.0,,,,31708.0,31500.0,921.0,31601.0,0.0,4820.0
2018-03-12,31440.0,,,,31644.0,31355.0,1005.0,31601.0,602.0,4275.0
2018-03-09,30836.0,,,,31040.0,30831.0,1811.0,30999.0,334.0,2581.0
2018-03-08,30505.0,,,,30739.0,30430.0,1027.0,30665.0,461.0,1902.0
2018-03-07,30209.0,,,,30600.0,30075.0,322.0,30204.0,-280.0,1833.0
2018-03-06,30419.0,,,,30580.0,30125.0,683.0,30484.0,562.0,1484.0
2018-03-05,30413.0,,,,30649.0,29800.0,1151.0,29922.0,-621.0,1309.0
2018-03-02,30600.0,,,,30626.0,30430.0,1181.0,30543.0,-484.0,812.0
2018-03-01,30530.0,,,,31061.0,30367.0,910.0,31027.0,280.0,415.0
2018-02-28,31031.0,,,,31031.0,30692.0,844.0,30747.0,,415.0
2018-02-27,31772.0,,,,31786.0,31102.0,147220.0,31401.0,-111.0,99362.0
2018-02-26,31466.0,,,,31546.0,31268.0,91281.0,31512.0,347.0,75019.0
2018-02-23,31201.0,,,,31362.0,31102.0,79571.0,31165.0,228.0,43392.0
2018-02-22,31240.0,,,,31240.0,30875.0,38686.0,30937.0,-417.0,24343.0
2018-02-21,30870.0,,,,31375.0,30811.0,11316.0,31354.0,614.0,19514.0
2018-02-20,31208.0,,,,31258.0,30607.0,6128.0,30740.0,-218.0,18756.0
2018-02-15,30653.0,,,,31028.0,30653.0,5409.0,30958.0,654.0,17314.0
2018-02-14,29883.0,,,,30580.0,29851.0,4305.0,30304.0,618.0,16654.0
2018-02-13,29658.0,,,,30083.0,29620.0,3384.0,29686.0,272.0,15373.0
2018-02-12,29585.0,,,,29699.0,29349.0,1498.0,29414.0,93.0,15316.0
2018-02-09,29511.0,,,,29613.0,29064.0,2811.0,29321.0,-1043.0,15040.0
2018-02-08,30388.0,,,,30640.0,30168.0,1485.0,30364.0,184.0,14803.0
2018-02-07,31174.0,,,,31361.0,30066.0,2550.0,30180.0,-521.0,14434.0
2018-02-06,30889.0,,,,31202.0,30488.0,2426.0,30701.0,-1341.0,14728.0
2018-02-05,31786.0,,,,32310.0,31666.0,2046.0,32042.0,-472.0,13936.0
2018-02-02,32532.0,,,,32740.0,32275.0,1173.0,32514.0,-144.0,13210.0
2018-02-01,32820.0,,,,32980.0,32575.0,1357.0,32658.0,-190.0,13139.0
2018-01-31,32400.0,,,,32930.0,32300.0,1501.0,32848.0,190.0,12967.0
2018-01-30,32750.0,,,,32972.0,32439.0,188101.0,32655.0,-205.0,125006.0
2018-01-29,33285.0,,,,33484.0,32815.0,126681.0,32860.0,-265.0,94634.0
2018-01-26,32848.0,,,,33169.0,32766.0,82052.0,33125.0,483.0,51714.0
2018-01-25,32924.0,,,,32980.0,32583.0,49122.0,32642.0,-217.0,23423.0
2018-01-24,32813.0,,,,32962.0,32700.0,13783.0,32859.0,-12.0,16723.0
2018-01-23,32512.0,,,,32887.0,32477.0,7923.0,32871.0,561.0,13147.0
2018-01-22,32288.0,,,,32338.0,31988.0,3994.0,32310.0,125.0,11322.0
2018-01-19,32000.0,,,,32201.0,31950.0,2607.0,32185.0,174.0,10770.0
2018-01-18,32160.0,,,,32160.0,31800.0,3326.0,32011.0,94.0,8575.0
2018-01-17,31665.0,,,,31952.0,31640.0,3947.0,31917.0,49.0,7596.0
2018-01-16,31370.0,,,,31903.0,31338.0,3827.0,31868.0,593.0,5299.0
2018-01-15,31655.0,,,,31676.0,31247.0,2766.0,31275.0,-80.0,4096.0
2018-01-12,31201.0,,,,31355.0,31151.0,1299.0,31355.0,305.0,3485.0
2018-01-11,31030.0,,,,31079.0,30940.0,1616.0,31050.0,31.0,2808.0
2018-01-10,30922.0,,,,31220.0,30912.0,1543.0,31019.0,74.0,2539.0
2018-01-09,30900.0,,,,31018.0,30798.0,1416.0,30945.0,152.0,1743.0
2018-01-08,30880.0,,,,30885.0,30706.0,745.0,30793.0,67.0,1433.0
2018-01-05,30845.0,,,,30856.0,30660.0,610.0,30726.0,13.0,1137.0
2018-01-04,30690.0,,,,30750.0,30553.0,536.0,30713.0,139.0,908.0
2018-01-03,30535.0,,,,30702.0,30475.0,974.0,30574.0,80.0,715.0
2018-01-02,29979.0,,,,30500.0,29979.0,727.0,30494.0,585.0,155.0
2017-12-29,29808.0,,,,29979.0,29808.0,273.0,29909.0,,155.0
2017-12-28,29758.0,,,,29961.0,29730.0,88560.0,29940.0,221.0,125924.0
2017-12-27,29741.0,,,,29779.0,29592.0,71590.0,29719.0,61.0,95010.0
2017-12-22,29560.0,,,,29668.0,29478.0,88447.0,29658.0,250.0,41662.0
2017-12-21,29277.0,,,,29497.0,29185.0,47003.0,29408.0,68.0,15555.0
2017-12-20,29124.0,,,,29382.0,29124.0,9597.0,29340.0,48.0,10794.0
2017-12-19,29207.0,,,,29421.0,29200.0,5490.0,29292.0,120.0,8684.0
2017-12-18,29012.0,,,,29198.0,28894.0,1425.0,29172.0,340.0,7895.0
2017-12-15,29100.0,,,,29100.0,28780.0,923.0,28832.0,-407.0,7624.0
2017-12-14,29401.0,,,,29480.0,29094.0,1182.0,29239.0,-26.0,7285.0
2017-12-13,28834.0,,,,29350.0,28785.0,1203.0,29265.0,427.0,6392.0
2017-12-12,29013.0,,,,29070.0,28779.0,548.0,28838.0,-115.0,6113.0
2017-12-11,28670.0,,,,29012.0,28646.0,926.0,28953.0,290.0,5680.0
2017-12-08,28430.0,,,,28750.0,28399.0,1458.0,28663.0,301.0,5242.0
2017-12-07,28444.0,,,,28515.0,28198.0,848.0,28362.0,113.0,4835.0
2017-12-06,28900.0,,,,29010.0,28218.0,850.0,28249.0,-686.0,4315.0
2017-12-05,28952.0,,,,29186.0,28935.0,438.0,28935.0,-297.0,4059.0
2017-12-01,29395.0,,,,29415.0,29099.0,1593.0,29161.0,-197.0,2386.0
2017-11-30,29430.0,29246.0,29400.0,29325.0,29442.0,29185.0,3290.0,29701.0,-376.0,
2017-11-29,29864.0,29662.0,29673.0,29667.0,29880.0,29593.0,145519.0,29699.0,-32.0,137449.0
2017-11-28,29750.0,,,,29750.0,29412.0,109222.0,29699.0,-103.0,103163.0
2017-11-27,29997.0,,,,29997.0,29676.0,84694.0,29802.0,-137.0,61890.0
2017-11-24,29880.0,29890.0,29960.0,29939.0,29986.0,29766.0,50796.0,29856.0,83.0,40341.0
2017-11-23,30077.0,29827.0,29875.0,29860.0,30194.0,29633.0,18585.0,30068.0,-208.0,32217.0
2017-11-22,30055.0,29962.0,30114.0,30068.0,30228.0,29959.0,7793.0,30068.0,200.0,28961.0
2017-11-21,29355.0,29803.0,29870.0,29868.0,29868.0,29305.0,4759.0,29216.0,652.0,27259.0
2017-11-20,29166.0,29200.0,29236.0,29216.0,29254.0,29094.0,2176.0,29216.0,0.0,27139.0
2017-11-17,29247.0,29200.0,29220.0,29216.0,29325.0,29165.0,1803.0,29076.0,140.0,26997.0
2017-11-16,28969.0,29022.0,29124.0,29061.0,29104.0,28910.0,731.0,28915.0,146.0,27028.0
2017-11-15,29110.0,28868.0,28919.0,28907.0,29110.0,28894.0,1748.0,29195.0,-288.0,26567.0
2017-11-14,29244.0,29177.0,29204.0,29189.0,29287.0,29153.0,1402.0,29205.0,-16.0,26346.0
2017-11-10,29062.0,29050.0,29114.0,29090.0,29190.0,29022.0,1069.0,29148.0,-58.0,25992.0
2017-11-09,28992.0,29033.0,29205.0,29150.0,29185.0,28979.0,1286.0,28971.0,179.0,25878.0
2017-11-08,28880.0,28902.0,29009.0,28971.0,29143.0,28880.0,1407.0,28994.0,-23.0,25849.0
2017-11-03,28592.0,28598.0,28600.0,28600.0,28628.0,28530.0,971.0,28565.0,35.0,25635.0
2017-11-02,28550.0,28536.0,28538.0,28531.0,28628.0,28472.0,883.0,28594.0,-63.0,25622.0
2017-11-01,28363.0,28627.0,28630.0,28635.0,28635.0,28304.0,1197.0,28220.0,415.0,25495.0
2017-10-31,28249.0,28301.0,28304.0,28294.0,28354.0,28183.0,344.0,28306.0,-12.0,25454.0
2017-10-30,28555.0,28343.0,28345.0,28345.0,28628.0,28307.0,116976.0,28427.0,-82.0,124626.0
2017-10-27,28314.0,28408.0,28410.0,28409.0,28485.0,28280.0,74264.0,28265.0,144.0,100637.0
2017-10-26,28114.0,28221.0,28222.0,28220.0,28280.0,28071.0,56294.0,28283.0,-63.0,67654.0
2017-10-25,28251.0,28266.0,28269.0,28269.0,28363.0,28168.0,47763.0,28160.0,109.0,31846.0
2017-10-24,28230.0,28145.0,28148.0,28146.0,28336.0,28070.0,21912.0,28320.0,-174.0,12230.0
2017-10-23,28547.0,28292.0,28295.0,28290.0,28547.0,28215.0,2239.0,28416.0,-126.0,10280.0
2017-10-20,28357.0,28496.0,28499.0,28498.0,28526.0,28320.0,3834.0,28214.0,284.0,7708.0
2017-10-19,28751.0,28173.0,28176.0,28174.0,28765.0,28058.0,3310.0,28675.0,-501.0,6345.0
2017-10-18,28650.0,28673.0,28676.0,28675.0,28715.0,28623.0,448.0,28701.0,-26.0,6176.0
2017-10-17,28752.0,28702.0,28705.0,28703.0,28752.0,28638.0,1309.0,28715.0,-12.0,5060.0
2017-10-16,28660.0,28688.0,28691.0,28690.0,28804.0,28616.0,892.0,28457.0,233.0,4770.0
2017-10-13,28402.0,28476.0,28479.0,28473.0,28502.0,28360.0,1163.0,28437.0,36.0,3885.0
2017-10-12,28433.0,28460.0,28462.0,28460.0,28530.0,28362.0,647.0,28311.0,149.0,3660.0
2017-10-11,28598.0,28289.0,28291.0,28294.0,28600.0,28290.0,572.0,28435.0,-141.0,3721.0
2017-10-10,28333.0,28451.0,28454.0,28464.0,28464.0,28250.0,921.0,28344.0,120.0,2846.0
2017-10-09,28399.0,28318.0,28321.0,28313.0,28468.0,28256.0,1783.0,28431.0,-118.0,2125.0
2017-10-06,28580.0,28435.0,28438.0,28432.0,28605.0,28400.0,1699.0,28325.0,107.0,1024.0
2017-10-04,28176.0,28188.0,28498.0,28325.0,28474.0,28176.0,977.0,28135.0,190.0,363.0
2017-10-03,27748.0,28107.0,28110.0,28099.0,28120.0,27687.0,208.0,27506.0,593.0,226.0
2017-09-29,27438.0,,27656.0,27476.0,27524.0,27360.0,245.0,27290.0,186.0,0.0
2017-09-28,27565.0,27406.0,27407.0,27407.0,27642.0,27402.0,101999.0,27630.0,-223.0,131386.0
2017-09-27,27455.0,27651.0,27652.0,27651.0,27670.0,27432.0,64398.0,27556.0,95.0,106085.0
2017-09-26,27360.0,27528.0,27530.0,27528.0,27548.0,27281.0,70236.0,27467.0,61.0,52638.0
2017-09-25,27898.0,27511.0,27514.0,27507.0,27898.0,27450.0,56077.0,27770.0,-263.0,16455.0
2017-09-22,27996.0,27841.0,27844.0,27844.0,27996.0,27796.0,8152.0,28109.0,-265.0,10124.0
2017-09-21,28078.0,28095.0,28098.0,28093.0,28150.0,28020.0,2891.0,28110.0,-17.0,8599.0
2017-09-20,28023.0,28082.0,28085.0,28080.0,28100.0,27977.0,2385.0,28017.0,63.0,6760.0
2017-09-19,28127.0,28046.0,28049.0,28047.0,28205.0,28030.0,1780.0,28140.0,-93.0,5714.0
2017-09-18,27925.0,28117.0,28120.0,28122.0,28141.0,27888.0,1406.0,27763.0,359.0,5142.0
2017-09-15,27705.0,27729.0,27733.0,27736.0,27888.0,27428.0,1541.0,27764.0,-28.0,4483.0
2017-09-14,27793.0,27771.0,27775.0,27777.0,27840.0,27650.0,472.0,27843.0,-66.0,4194.0
2017-09-13,27953.0,27828.0,27830.0,27829.0,27959.0,27500.0,698.0,27914.0,-85.0,4023.0
2017-09-12,27998.0,27906.0,27908.0,27911.0,28009.0,27849.0,1170.0,27921.0,-10.0,3007.0
2017-09-11,27724.0,27943.0,27946.0,27945.0,27970.0,27724.0,1716.0,27652.0,293.0,2538.0
2017-09-08,27538.0,27610.0,27614.0,27621.0,27631.0,27507.0,222.0,27457.0,164.0,2460.0
2017-09-07,27730.0,27466.0,27469.0,27457.0,27755.0,27407.0,557.0,27560.0,-103.0,2175.0
2017-09-06,27600.0,27533.0,27536.0,27541.0,27617.0,27334.0,949.0,27693.0,-152.0,2247.0
2017-09-05,27737.0,27676.0,27678.0,27690.0,27800.0,27620.0,1151.0,27738.0,-48.0,1393.0
2017-09-04,27776.0,27707.0,27709.0,27710.0,27841.0,27600.0,237.0,27850.0,-140.0,1202.0
2017-09-01,27970.0,27901.0,27903.0,27899.0,28030.0,27838.0,953.0,27923.0,-24.0,569.0
2017-08-31,27906.0,27870.0,27873.0,27872.0,27927.0,27819.0,1252.0,27958.0,-86.0,0.0
2017-08-30,27750.0,27978.0,27980.0,27979.0,28008.0,27740.0,98622.0,27602.0,377.0,142156.0
2017-08-29,27690.0,27633.0,27634.0,27634.0,27702.0,27517.0,83360.0,27747.0,-113.0,110749.0
2017-08-28,27719.0,27722.0,27724.0,27725.0,27923.0,27674.0,79359.0,27773.0,-48.0,56543.0
2017-08-25,27424.0,27700.0,27703.0,27709.0,27712.0,27275.0,48565.0,27364.0,345.0,27070.0
2017-08-24,27313.0,27356.0,27358.0,27357.0,27433.0,27301.0,15939.0,27250.0,107.0,22544.0
2017-08-23,,27216.0,27400.0,,,,0.0,27250.0,,22306.0
2017-08-22,27082.0,27250.0,27252.0,27253.0,27309.0,27082.0,4593.0,26981.0,272.0,22841.0
2017-08-21,26875.0,26965.0,26969.0,26968.0,27024.0,26851.0,1720.0,26864.0,104.0,22684.0
2017-08-18,26878.0,26882.0,26886.0,26882.0,27038.0,26777.0,1520.0,27110.0,-228.0,22352.0
2017-08-17,27405.0,27159.0,27161.0,27156.0,27405.0,27085.0,2443.0,27224.0,-68.0,21916.0
2017-08-16,26977.0,27188.0,27192.0,27194.0,27220.0,26977.0,1773.0,26964.0,230.0,21713.0
2017-08-15,27130.0,26978.0,26980.0,26978.0,27205.0,26966.0,2578.0,27012.0,-34.0,21075.0
2017-08-14,26911.0,27061.0,27063.0,27055.0,27067.0,26853.0,2209.0,26682.0,373.0,20120.0
2017-08-11,26876.0,26715.0,26720.0,26715.0,27010.0,26680.0,4716.0,27249.0,-534.0,19392.0
2017-08-10,27655.0,27286.0,27290.0,27290.0,27674.0,27135.0,1704.0,27599.0,-309.0,19280.0
2017-08-09,27677.0,27619.0,27621.0,27620.0,27700.0,27477.0,2232.0,27717.0,-97.0,18093.0
2017-08-08,27526.0,27703.0,27705.0,27700.0,27720.0,27485.0,892.0,27539.0,161.0,18031.0
2017-08-07,27520.0,27556.0,27558.0,27555.0,27630.0,27516.0,744.0,27455.0,100.0,18071.0
2017-08-04,27480.0,27464.0,27469.0,27463.0,27480.0,27390.0,793.0,27419.0,44.0,17490.0
2017-08-03,27435.0,27422.0,27426.0,27419.0,27475.0,27290.0,1353.0,27475.0,-56.0,16621.0
2017-08-02,27450.0,27481.0,27483.0,27480.0,27572.0,27417.0,2883.0,27437.0,43.0,14324.0
2017-08-01,27149.0,27414.0,27417.0,27419.0,27419.0,27149.0,3741.0,27135.0,284.0,12020.0
2017-07-31,26870.0,27092.0,27094.0,27096.0,27128.0,26857.0,1209.0,26848.0,248.0,11659.0
2017-07-28,26824.0,26831.0,26836.0,26828.0,26861.0,26775.0,801.0,26949.0,-121.0,11636.0
2017-07-27,26880.0,27065.0,27067.0,27066.0,27090.0,26867.0,73945.0,26843.0,223.0,114164.0
2017-07-26,26831.0,26851.0,26853.0,26853.0,26920.0,26728.0,69159.0,26809.0,44.0,67628.0
2017-07-25,26770.0,26801.0,26804.0,26803.0,26815.0,26740.0,55513.0,26806.0,-3.0,28668.0
2017-07-24,26647.0,26790.0,26792.0,26793.0,26828.0,26625.0,23024.0,26702.0,91.0,11770.0
2017-07-21,26673.0,26670.0,26672.0,26679.0,26694.0,26600.0,7154.0,26701.0,-22.0,7793.0
2017-07-20,26705.0,26707.0,26708.0,26707.0,26726.0,26619.0,2211.0,26627.0,80.0,6817.0
2017-07-19,26498.0,26647.0,26650.0,26643.0,26660.0,26480.0,910.0,26515.0,128.0,6705.0
2017-07-18,26442.0,26448.0,26451.0,26443.0,26488.0,26370.0,872.0,26455.0,-12.0,6281.0
2017-07-17,26598.0,26442.0,26445.0,26442.0,26598.0,26348.0,1497.0,26343.0,99.0,5573.0
2017-07-14,26354.0,26340.0,26342.0,26348.0,26380.0,26280.0,720.0,26342.0,6.0,5065.0
2017-07-13,26298.0,26321.0,26324.0,26337.0,26430.0,26242.0,830.0,26044.0,293.0,4750.0
2017-07-12,25910.0,26024.0,26028.0,26044.0,26106.0,25903.0,1522.0,25908.0,136.0,3138.0
2017-07-11,25500.0,25853.0,25857.0,25857.0,25890.0,25500.0,1395.0,25460.0,397.0,2519.0
2017-07-10,25323.0,25468.0,25471.0,25460.0,25538.0,25260.0,547.0,25274.0,186.0,2115.0
2017-07-07,25234.0,25274.0,25278.0,25276.0,25330.0,25217.0,362.0,25433.0,-157.0,1939.0
2017-07-06,25480.0,25388.0,25392.0,25385.0,25541.0,25350.0,457.0,25412.0,-27.0,1742.0
2017-07-05,25232.0,25409.0,25412.0,25409.0,25426.0,25063.0,906.0,25249.0,160.0,1162.0
2017-07-04,25620.0,25298.0,25302.0,25295.0,25685.0,25105.0,783.0,25636.0,-341.0,786.0
2017-07-03,25502.0,25626.0,25628.0,25630.0,25678.0,25502.0,418.0,25542.0,88.0,378.0
2017-06-30,25570.0,25594.0,25598.0,25583.0,25607.0,25418.0,520.0,25751.0,-168.0,0.0
2017-06-29,25706.0,25797.0,25798.0,25797.0,25825.0,25683.0,79990.0,25497.0,300.0,139337.0
2017-06-28,25556.0,25562.0,25564.0,25562.0,25653.0,25439.0,88316.0,25657.0,-95.0,109622.0
2017-06-27,25780.0,25677.0,25679.0,25679.0,25780.0,25621.0,82760.0,25697.0,-18.0,53173.0
2017-06-26,25550.0,25702.0,25704.0,25705.0,25725.0,25550.0,54430.0,25523.0,182.0,21713.0
2017-06-23,25556.0,25538.0,25541.0,25538.0,25627.0,25480.0,8384.0,25558.0,-20.0,15054.0
2017-06-22,25430.0,25507.0,25510.0,25508.0,25700.0,25405.0,6617.0,25382.0,126.0,11033.0
2017-06-21,25482.0,25427.0,25430.0,25425.0,25618.0,25296.0,2179.0,25599.0,-174.0,10253.0
2017-06-20,25729.0,25614.0,25618.0,25619.0,25777.0,25579.0,1331.0,25665.0,-46.0,9761.0
2017-06-19,25354.0,25652.0,25654.0,25662.0,25683.0,25354.0,1541.0,25378.0,284.0,8619.0
2017-06-16,25374.0,25372.0,25375.0,25369.0,25450.0,25324.0,860.0,25319.0,50.0,8237.0
2017-06-15,25528.0,25314.0,25316.0,25305.0,25528.0,25290.0,1492.0,25624.0,-319.0,7651.0
2017-06-14,25640.0,25610.0,25613.0,25605.0,25670.0,25450.0,1311.0,25611.0,-6.0,6641.0
2017-06-13,25554.0,25617.0,25621.0,25614.0,25654.0,25499.0,877.0,25474.0,140.0,6064.0
2017-06-12,25690.0,25474.0,25477.0,25474.0,25700.0,25446.0,526.0,25783.0,-309.0,5851.0
2017-06-09,25830.0,25765.0,25768.0,25773.0,25835.0,25686.0,1207.0,25780.0,-7.0,4263.0
2017-06-08,25660.0,25785.0,25787.0,25780.0,25800.0,25647.0,255.0,25669.0,111.0,3615.0
2017-06-07,25719.0,25673.0,25675.0,25673.0,25760.0,25625.0,252.0,25710.0,-37.0,3320.0
2017-06-06,25554.0,25711.0,25714.0,25718.0,25720.0,25520.0,1385.0,25552.0,166.0,1682.0
2017-06-05,25602.0,25557.0,25560.0,25559.0,25668.0,25530.0,524.0,25606.0,-47.0,1130.0
2017-06-02,25543.0,25614.0,25616.0,25600.0,25660.0,25513.0,561.0,25493.0,107.0,718.0
2017-06-01,25377.0,25459.0,25462.0,25455.0,25491.0,25306.0,438.0,25370.0,85.0,361.0
2017-05-31,25434.0,25375.0,25379.0,25371.0,25491.0,25350.0,394.0,25378.0,-7.0,0.0
2017-05-29,25403.0,25475.0,25483.0,25487.0,25555.0,25377.0,65781.0,25420.0,67.0,143114.0
2017-05-26,25455.0,25436.0,25438.0,25436.0,25521.0,25385.0,60954.0,25424.0,12.0,111317.0
2017-05-25,25256.0,25431.0,25433.0,25432.0,25459.0,25240.0,74918.0,25216.0,216.0,73510.0
2017-05-24,25171.0,25200.0,25202.0,25197.0,25211.0,25098.0,48002.0,25198.0,-1.0,44555.0
2017-05-23,25179.0,25181.0,25185.0,25181.0,25238.0,25093.0,16539.0,25132.0,49.0,32822.0
2017-05-22,25078.0,25161.0,25164.0,25169.0,25214.0,24995.0,5284.0,24980.0,189.0,29638.0
2017-05-19,24970.0,25004.0,25006.0,25001.0,25038.0,24906.0,1168.0,24947.0,54.0,29267.0
2017-05-18,24866.0,24921.0,24924.0,24925.0,25032.0,24840.0,1952.0,25098.0,-173.0,28854.0
2017-05-17,25070.0,25060.0,25062.0,25062.0,25110.0,25000.0,1746.0,25102.0,-40.0,27398.0
2017-05-16,25138.0,25108.0,25110.0,25112.0,25142.0,25005.0,2257.0,25052.0,60.0,26400.0
2017-05-15,24976.0,25107.0,25111.0,25111.0,25120.0,24931.0,2714.0,24854.0,257.0,24562.0
2017-05-12,24790.0,24818.0,24821.0,24819.0,24884.0,24769.0,720.0,24859.0,-40.0,24128.0
2017-05-11,24804.0,24823.0,24825.0,24821.0,24890.0,24728.0,2040.0,24712.0,109.0,23090.0
2017-05-10,24590.0,24708.0,24710.0,24710.0,24860.0,24590.0,2910.0,24536.0,174.0,22578.0
2017-05-09,24255.0,24338.0,24600.0,24536.0,24584.0,24206.0,926.0,24241.0,295.0,22306.0
2017-05-08,24256.0,24231.0,24234.0,24228.0,24291.0,24156.0,1138.0,24150.0,78.0,22113.0
2017-05-05,24260.0,24134.0,24137.0,24152.0,24308.0,24020.0,725.0,24367.0,-215.0,22018.0
2017-05-04,24319.0,24354.0,24359.0,24365.0,24380.0,24240.0,1168.0,24361.0,4.0,21321.0
2017-05-02,24363.0,24301.0,24395.0,24365.0,24489.0,24266.0,1580.0,24358.0,7.0,20516.0
2017-04-28,24400.0,24320.0,24388.0,24355.0,24400.0,24280.0,934.0,24351.0,4.0,19840.0
2017-04-27,24302.0,24369.0,24372.0,24356.0,24419.0,24158.0,891.0,24272.0,84.0,19709.0
2017-04-26,24446.0,24490.0,24491.0,24490.0,24540.0,24408.0,75880.0,24370.0,120.0,104454.0
2017-04-25,24111.0,24357.0,24358.0,24358.0,24365.0,24098.0,97142.0,24078.0,280.0,53351.0
2017-04-24,24080.0,24049.0,24051.0,24051.0,24096.0,23823.0,62415.0,23910.0,141.0,14970.0
2017-04-21,24000.0,23924.0,23926.0,23921.0,24096.0,23862.0,10073.0,23941.0,-20.0,12016.0
2017-04-20,23667.0,23950.0,23953.0,23942.0,23950.0,23635.0,7626.0,23708.0,234.0,7684.0
2017-04-19,23750.0,23698.0,23700.0,23700.0,23750.0,23588.0,5601.0,23728.0,-28.0,4365.0
2017-04-18,24201.0,23754.0,23758.0,23757.0,24201.0,23700.0,1577.0,24130.0,-373.0,3242.0
2017-04-13,24025.0,24120.0,24167.0,24129.0,24260.0,23990.0,743.0,24186.0,-57.0,3026.0
2017-04-12,23925.0,24189.0,24192.0,24189.0,24193.0,23870.0,390.0,23964.0,225.0,2694.0
2017-04-11,24137.0,23966.0,23968.0,23998.0,24192.0,23890.0,305.0,24165.0,-167.0,2507.0
2017-04-10,24200.0,24172.0,24176.0,24174.0,24252.0,24123.0,207.0,24155.0,19.0,2398.0
2017-04-07,24137.0,24140.0,24142.0,24140.0,24170.0,23858.0,1646.0,24180.0,-40.0,1902.0
2017-04-06,24177.0,24172.0,24175.0,24185.0,24273.0,24082.0,438.0,24297.0,-112.0,1599.0
2017-04-05,24219.0,24288.0,24291.0,24292.0,24305.0,24056.0,586.0,24138.0,154.0,1382.0
2017-04-03,24087.0,23984.0,24280.0,24142.0,24160.0,24070.0,130.0,24023.0,119.0,1291.0
2017-03-31,24188.0,24039.0,24042.0,24039.0,24234.0,23998.0,1711.0,24208.0,-169.0,0.0
2017-03-30,24481.0,24308.0,24310.0,24310.0,24481.0,24245.0,83829.0,24427.0,-117.0,135157.0
2017-03-29,24499.0,24412.0,24414.0,24412.0,24526.0,24375.0,70272.0,24373.0,39.0,113213.0
2017-03-28,24367.0,24368.0,24369.0,24368.0,24416.0,24326.0,69962.0,24259.0,109.0,63127.0
2017-03-27,24250.0,24226.0,24227.0,24225.0,24463.0,24164.0,57116.0,24392.0,-167.0,33383.0
2017-03-24,24436.0,24389.0,24392.0,24388.0,24458.0,24293.0,17333.0,24362.0,26.0,21008.0
2017-03-23,24429.0,24349.0,24352.0,24352.0,24472.0,24307.0,5304.0,24310.0,42.0,16101.0
2017-03-22,24301.0,24336.0,24339.0,24326.0,24403.0,24238.0,6013.0,24616.0,-290.0,12304.0
2017-03-21,24565.0,24620.0,24622.0,24616.0,24682.0,24517.0,3293.0,24550.0,66.0,10235.0
2017-03-20,24342.0,24518.0,24521.0,24524.0,24524.0,24306.0,939.0,24305.0,219.0,10043.0
2017-03-17,24336.0,24323.0,24326.0,24324.0,24418.0,24250.0,1421.0,24334.0,-10.0,9898.0
2017-03-16,24000.0,24329.0,24331.0,24335.0,24335.0,23986.0,1859.0,23784.0,551.0,8979.0
2017-03-15,23713.0,23776.0,23778.0,23780.0,23841.0,23637.0,1657.0,23792.0,-12.0,7722.0
2017-03-14,23825.0,23817.0,23819.0,23818.0,23909.0,23766.0,523.0,23811.0,7.0,7584.0
2017-03-13,23600.0,23812.0,23815.0,23802.0,23856.0,23570.0,2578.0,23564.0,238.0,5724.0
2017-03-10,23503.0,23544.0,23546.0,23536.0,23580.0,23437.0,2010.0,23497.0,39.0,3918.0
2017-03-09,23670.0,23493.0,23496.0,23497.0,23670.0,23443.0,538.0,23783.0,-286.0,3286.0
2017-03-08,23640.0,23767.0,23770.0,23763.0,23795.0,23552.0,1161.0,23673.0,90.0,2355.0
2017-03-07,23630.0,23663.0,23666.0,23664.0,23715.0,23597.0,1020.0,23586.0,78.0,1923.0
2017-03-06,23590.0,23590.0,23592.0,23590.0,23680.0,23578.0,645.0,23556.0,34.0,1558.0
2017-03-03,23607.0,23546.0,23548.0,23555.0,23622.0,23500.0,223.0,23647.0,-92.0,1427.0
2017-03-02,24042.0,23707.0,23709.0,23705.0,24080.0,23680.0,457.0,23798.0,-93.0,1068.0
2017-03-01,23832.0,23783.0,23786.0,23780.0,23850.0,23745.0,577.0,23745.0,35.0,677.0
2017-02-28,23934.0,23740.0,23743.0,23748.0,24000.0,23741.0,783.0,23935.0,-187.0,0.0
2017-02-27,23949.0,23934.0,23936.0,23936.0,24090.0,23837.0,106556.0,24008.0,-72.0,139583.0
2017-02-24,24124.0,23997.0,23999.0,23998.0,24134.0,23970.0,69732.0,24129.0,-131.0,106351.0
2017-02-23,24080.0,24111.0,24114.0,24112.0,24206.0,24028.0,70143.0,24124.0,-12.0,62706.0
2017-02-22,23983.0,24111.0,24113.0,24113.0,24125.0,23962.0,51779.0,23902.0,211.0,33621.0
2017-02-21,24111.0,23938.0,23942.0,23940.0,24168.0,23893.0,17004.0,24121.0,-181.0,22942.0
2017-02-20,23964.0,24108.0,24110.0,24110.0,24167.0,23952.0,10266.0,23995.0,115.0,19317.0
2017-02-17,24024.0,24010.0,24013.0,24015.0,24075.0,23923.0,3282.0,24056.0,-41.0,18454.0
2017-02-16,24009.0,24044.0,24046.0,24045.0,24087.0,23931.0,1352.0,23969.0,76.0,17708.0
2017-02-15,23700.0,23919.0,23920.0,23920.0,23995.0,23700.0,6210.0,23649.0,271.0,14630.0
2017-02-14,23659.0,23651.0,23654.0,23646.0,23663.0,23557.0,1718.0,23613.0,33.0,13783.0
2017-02-13,23555.0,23607.0,23609.0,23604.0,23665.0,23536.0,972.0,23526.0,78.0,13598.0
2017-02-10,23592.0,23517.0,23520.0,23514.0,23655.0,23514.0,617.0,23430.0,84.0,12748.0
2017-02-09,23413.0,23432.0,23434.0,23437.0,23548.0,23400.0,1468.0,23425.0,12.0,11983.0
2017-02-08,23245.0,23422.0,23424.0,23425.0,23467.0,23088.0,2115.0,23258.0,167.0,11514.0
2017-02-07,23183.0,23262.0,23264.0,23264.0,23335.0,23166.0,1550.0,23250.0,14.0,10226.0
2017-02-06,23113.0,23242.0,23245.0,23239.0,23291.0,23081.0,546.0,23024.0,215.0,9883.0
2017-02-03,23181.0,23042.0,23045.0,23040.0,23186.0,22920.0,550.0,23123.0,-83.0,9713.0
2017-02-02,23265.0,23123.0,23125.0,23119.0,23400.0,23046.0,387.0,23319.0,-200.0,9716.0
2017-02-01,23166.0,23264.0,23266.0,23264.0,23269.0,23028.0,754.0,23328.0,-64.0,9179.0
2017-01-27,23254.0,23280.0,23370.0,23328.0,23351.0,23243.0,480.0,23357.0,-29.0,8957.0
2017-01-26,23160.0,23348.0,23351.0,23350.0,23350.0,23127.0,455.0,22996.0,354.0,8831.0
2017-01-25,23044.0,22985.0,22987.0,22983.0,23044.0,22900.0,53783.0,22884.0,99.0,101756.0
2017-01-24,22918.0,22898.0,22900.0,22898.0,22954.0,22871.0,79780.0,22858.0,40.0,58256.0
2017-01-23,22907.0,22841.0,22843.0,22842.0,23058.0,22810.0,48284.0,22883.0,-41.0,24054.0
2017-01-20,22954.0,22877.0,22880.0,22883.0,22968.0,22820.0,11229.0,23010.0,-127.0,17030.0
2017-01-19,23038.0,23006.0,23008.0,23011.0,23043.0,22915.0,6334.0,23075.0,-64.0,13471.0
2017-01-18,22851.0,23076.0,23078.0,23078.0,23142.0,22840.0,4567.0,22809.0,269.0,10970.0
2017-01-17,22805.0,22804.0,22808.0,22803.0,22825.0,22691.0,3455.0,22723.0,80.0,9057.0
2017-01-16,22825.0,22715.0,22718.0,22711.0,22862.0,22635.0,3360.0,22924.0,-213.0,6976.0
2017-01-13,22855.0,22924.0,22927.0,22930.0,22951.0,22845.0,4265.0,22837.0,93.0,4786.0
2017-01-12,22953.0,22828.0,22831.0,22837.0,22953.0,22745.0,1740.0,22930.0,-93.0,3883.0
2017-01-11,22759.0,22920.0,22923.0,22918.0,22930.0,22734.0,2303.0,22687.0,231.0,2691.0
2017-01-10,22500.0,22689.0,22691.0,22679.0,22695.0,22500.0,531.0,22531.0,148.0,2484.0
2017-01-09,22522.0,22529.0,22533.0,22527.0,22586.0,22435.0,1094.0,22495.0,32.0,1670.0
2017-01-06,22514.0,22503.0,22506.0,22489.0,22572.0,22425.0,500.0,22438.0,51.0,1406.0
2017-01-05,22204.0,22422.0,22425.0,22430.0,22448.0,22169.0,362.0,22049.0,381.0,1194.0
2017-01-04,22122.0,22082.0,22084.0,22087.0,22182.0,22015.0,263.0,22079.0,8.0,1077.0
2017-01-03,21896.0,22094.0,22096.0,22097.0,22142.0,21825.0,274.0,21913.0,184.0,958.0
2016-12-30,21813.0,21800.0,22000.0,21913.0,22006.0,21807.0,1178.0,21777.0,136.0,0.0
2016-12-29,21550.0,21783.0,21784.0,21783.0,21799.0,21510.0,71736.0,21731.0,52.0,112290.0
2016-12-28,21516.0,21737.0,21741.0,21739.0,21800.0,21497.0,67197.0,21551.0,188.0,81128.0
2016-12-23,21568.0,21510.0,21605.0,21551.0,21608.0,21488.0,60022.0,21621.0,-70.0,45149.0
2016-12-22,21767.0,21640.0,21643.0,21642.0,21830.0,21601.0,31427.0,21845.0,-203.0,20427.0
2016-12-21,21767.0,21843.0,21846.0,21843.0,21936.0,21749.0,13846.0,21718.0,125.0,12014.0
2016-12-20,21800.0,21750.0,21752.0,21748.0,21881.0,21675.0,6727.0,21876.0,-128.0,7904.0
2016-12-19,21979.0,21840.0,21844.0,21845.0,22022.0,21800.0,1535.0,21967.0,-122.0,6483.0
2016-12-16,22012.0,21994.0,21997.0,21988.0,22153.0,21975.0,1556.0,22115.0,-127.0,5567.0
2016-12-15,22333.0,22080.0,22083.0,22080.0,22333.0,22004.0,1597.0,22507.0,-427.0,5042.0
2016-12-14,22630.0,22496.0,22499.0,22513.0,22660.0,22490.0,538.0,22478.0,35.0,4677.0
2016-12-13,22448.0,22479.0,22482.0,22478.0,22480.0,22306.0,384.0,22415.0,63.0,4275.0
2016-12-12,22865.0,22438.0,22440.0,22443.0,22878.0,22380.0,989.0,22768.0,-325.0,3833.0
2016-12-09,22834.0,22773.0,22776.0,22772.0,22866.0,22700.0,629.0,22856.0,-84.0,3414.0
2016-12-08,23000.0,22854.0,22857.0,22875.0,23141.0,22843.0,955.0,22815.0,60.0,2880.0
2016-12-07,22817.0,22827.0,22831.0,22828.0,22868.0,22757.0,176.0,22723.0,105.0,2807.0
2016-12-06,22700.0,22710.0,22712.0,22712.0,22800.0,22676.0,496.0,22599.0,113.0,2721.0
2016-12-05,22565.0,22577.0,22581.0,22575.0,22649.0,22395.0,1003.0,22592.0,-17.0,1962.0
2016-12-02,22752.0,22600.0,22603.0,22572.0,22766.0,22572.0,322.0,22913.0,-341.0,1816.0
2016-12-01,22942.0,22919.0,22922.0,22924.0,23027.0,22893.0,424.0,22843.0,81.0,1680.0
2016-11-30,22882.0,22829.0,22833.0,22821.0,22933.0,22797.0,1788.0,22818.0,3.0,0.0
2016-11-29,22751.0,22792.0,22793.0,22793.0,22871.0,22700.0,86241.0,22800.0,-7.0,130714.0
2016-11-28,22713.0,22810.0,22812.0,22810.0,22994.0,22696.0,71613.0,22734.0,76.0,95608.0
2016-11-25,22637.0,22730.0,22731.0,22730.0,22795.0,22569.0,57309.0,22611.0,119.0,65699.0
2016-11-24,22616.0,22607.0,22609.0,22609.0,22658.0,22475.0,36904.0,22725.0,-116.0,39472.0
2016-11-23,22678.0,22686.0,22688.0,22687.0,22830.0,22645.0,20990.0,22683.0,4.0,25587.0
2016-11-22,22463.0,22694.0,22697.0,22695.0,22744.0,22460.0,8223.0,22356.0,339.0,19586.0
2016-11-21,22304.0,22350.0,22353.0,22353.0,22498.0,22222.0,2314.0,22348.0,5.0,18543.0
2016-11-18,22265.0,22320.0,22324.0,22331.0,22375.0,22130.0,1580.0,22260.0,71.0,18399.0
2016-11-17,22180.0,22230.0,22234.0,22207.0,22380.0,22129.0,1400.0,22230.0,-23.0,18190.0
2016-11-16,22477.0,22254.0,22258.0,22240.0,22498.0,22240.0,2566.0,22343.0,-103.0,17825.0
2016-11-15,22262.0,22344.0,22347.0,22347.0,22428.0,22244.0,1542.0,22299.0,48.0,17467.0
2016-11-14,22373.0,22250.0,22253.0,22244.0,22394.0,22122.0,1154.0,22506.0,-262.0,17727.0
2016-11-11,22650.0,22540.0,22544.0,22543.0,22722.0,22460.0,1325.0,22955.0,-412.0,17307.0
2016-11-10,22881.0,22845.0,22848.0,22839.0,22950.0,22797.0,1537.0,22420.0,419.0,16974.0
2016-11-09,23164.0,22463.0,22466.0,22456.0,23164.0,21920.0,4921.0,22948.0,-492.0,16348.0
2016-11-08,22988.0,22953.0,22956.0,22950.0,23015.0,22823.0,1318.0,22806.0,144.0,15352.0
2016-11-07,22638.0,22817.0,22820.0,22820.0,22885.0,22638.0,1348.0,22630.0,190.0,15128.0
2016-11-04,22644.0,22660.0,22663.0,22661.0,22780.0,22630.0,464.0,22739.0,-78.0,14877.0
2016-11-03,22755.0,22732.0,22735.0,22732.0,22868.0,22675.0,586.0,22807.0,-75.0,14795.0
2016-11-02,22906.0,22812.0,22816.0,22818.0,22950.0,22798.0,896.0,23250.0,-432.0,14562.0
2016-11-01,22967.0,23182.0,23185.0,23179.0,23300.0,22964.0,1440.0,22924.0,255.0,14004.0
2016-10-31,22800.0,22955.0,22958.0,22955.0,23065.0,22756.0,1081.0,22890.0,65.0,13631.0
2016-10-28,23085.0,22927.0,22932.0,22932.0,23151.0,22835.0,466.0,23144.0,-212.0,13630.0
2016-10-27,23295.0,23129.0,23132.0,23132.0,23333.0,22960.0,63794.0,23302.0,-170.0,109939.0
2016-10-26,23460.0,23314.0,23317.0,23315.0,23460.0,23274.0,72819.0,23605.0,-290.0,64519.0
2016-10-25,23601.0,23600.0,23603.0,23603.0,23643.0,23495.0,49093.0,23608.0,-5.0,31970.0
2016-10-24,23399.0,23599.0,23601.0,23604.0,23637.0,23220.0,26419.0,23394.0,210.0,10550.0
2016-10-21,,23329.0,23500.0,,,,0.0,23394.0,,10615.0
2016-10-20,23388.0,23390.0,23392.0,23395.0,23499.0,23353.0,2179.0,23276.0,119.0,8181.0
2016-10-19,23336.0,23253.0,23256.0,23252.0,23420.0,23193.0,949.0,23356.0,-104.0,7430.0
2016-10-18,23099.0,23364.0,23366.0,23368.0,23378.0,23099.0,2740.0,23001.0,367.0,6025.0
2016-10-17,23162.0,22995.0,22997.0,22986.0,23162.0,22922.0,1031.0,23209.0,-223.0,5366.0
2016-10-14,23090.0,23217.0,23221.0,23215.0,23309.0,23060.0,1578.0,22936.0,279.0,4866.0
2016-10-13,23400.0,22980.0,22982.0,22970.0,23400.0,22950.0,2817.0,23415.0,-445.0,2833.0
2016-10-12,23388.0,23383.0,23387.0,23384.0,23401.0,23260.0,519.0,23421.0,-37.0,2638.0
2016-10-11,24017.0,23473.0,23477.0,23474.0,24075.0,23379.0,1563.0,23828.0,-354.0,2104.0
2016-10-07,23900.0,23747.0,23901.0,23837.0,23908.0,23750.0,827.0,23926.0,-89.0,1614.0
2016-10-06,23825.0,23910.0,23913.0,23924.0,23990.0,23785.0,993.0,23750.0,174.0,1004.0
2016-10-05,23532.0,23744.0,23747.0,23750.0,23825.0,23512.0,461.0,23670.0,80.0,951.0
2016-10-04,23614.0,23654.0,23657.0,23662.0,23670.0,23511.0,172.0,23570.0,92.0,825.0
2016-10-03,23595.0,23559.0,23563.0,23573.0,23705.0,23500.0,341.0,23300.0,273.0,607.0
2016-09-30,23357.0,23286.0,23290.0,23278.0,23433.0,23211.0,247.0,23699.0,-421.0,0.0
2016-09-29,23780.0,23727.0,23729.0,23729.0,23846.0,23600.0,98126.0,23636.0,93.0,141102.0
2016-09-28,23508.0,23625.0,23627.0,23627.0,23633.0,23351.0,87091.0,23621.0,6.0,108960.0
2016-09-27,23198.0,23592.0,23594.0,23592.0,23665.0,23188.0,91437.0,23311.0,281.0,58749.0
2016-09-26,23580.0,23349.0,23351.0,23351.0,23580.0,23287.0,48846.0,23674.0,-323.0,22051.0
2016-09-23,23881.0,23674.0,23677.0,23678.0,23889.0,23623.0,13745.0,23790.0,-112.0,13325.0
2016-09-22,23861.0,23786.0,23790.0,23785.0,24073.0,23686.0,6463.0,23646.0,139.0,10238.0
2016-09-21,23502.0,23636.0,23639.0,23637.0,23715.0,23418.0,2385.0,23503.0,134.0,9692.0
2016-09-20,23497.0,23496.0,23499.0,23497.0,23530.0,23385.0,2055.0,23522.0,-25.0,8340.0
2016-09-19,23463.0,23524.0,23526.0,23526.0,23610.0,23400.0,1698.0,23339.0,187.0,7628.0
2016-09-15,23223.0,23300.0,23541.0,23339.0,23462.0,23182.0,1332.0,23241.0,98.0,6941.0
2016-09-14,23140.0,23233.0,23237.0,23235.0,23365.0,23140.0,1581.0,23235.0,,6938.0
2016-09-13,23556.0,23217.0,23221.0,23209.0,23621.0,23167.0,1230.0,23281.0,-72.0,6950.0
2016-09-12,23552.0,23313.0,23317.0,23313.0,23614.0,23283.0,1140.0,24075.0,-762.0,5950.0
2016-09-09,23852.0,24045.0,24049.0,24045.0,24360.0,23852.0,3052.0,23872.0,173.0,3976.0
2016-09-08,23685.0,23849.0,23853.0,23852.0,23877.0,23637.0,539.0,23657.0,195.0,3564.0
2016-09-07,23720.0,23689.0,23692.0,23691.0,23749.0,23635.0,1448.0,23704.0,-13.0,2667.0
2016-09-06,23560.0,23691.0,23695.0,23694.0,23722.0,23512.0,1582.0,23586.0,108.0,2037.0
2016-09-05,23438.0,23582.0,23584.0,23591.0,23631.0,23438.0,1209.0,23193.0,398.0,1553.0
2016-09-02,23089.0,23184.0,23188.0,23168.0,23256.0,23066.0,407.0,23158.0,10.0,1217.0
2016-09-01,22857.0,23098.0,23101.0,23102.0,23121.0,22760.0,185.0,22916.0,186.0,1126.0
2016-08-31,22918.0,22892.0,22895.0,22917.0,22955.0,22849.0,1179.0,22911.0,6.0,0.0
2016-08-30,22859.0,22943.0,22945.0,22943.0,23033.0,22823.0,87151.0,22770.0,173.0,126142.0
2016-08-29,22860.0,22771.0,22773.0,22773.0,22881.0,22701.0,70202.0,22874.0,-101.0,106350.0
2016-08-26,22755.0,22874.0,22877.0,22872.0,22949.0,22755.0,66567.0,22744.0,128.0,60317.0
2016-08-25,22748.0,22758.0,22760.0,22756.0,22855.0,22675.0,46247.0,22762.0,-6.0,31883.0
2016-08-24,23016.0,22776.0,22779.0,22775.0,23016.0,22635.0,15375.0,22985.0,-210.0,22781.0
2016-08-23,22860.0,22966.0,22969.0,22965.0,22968.0,22799.0,10333.0,22900.0,65.0,16406.0
2016-08-22,22882.0,22896.0,22898.0,22898.0,22957.0,22715.0,4772.0,22857.0,41.0,14338.0
2016-08-19,23045.0,22858.0,22860.0,22859.0,23090.0,22805.0,1264.0,22998.0,-139.0,13891.0
2016-08-18,22889.0,22960.0,22963.0,22968.0,23144.0,22889.0,3287.0,22685.0,283.0,13847.0
2016-08-17,22878.0,22726.0,22729.0,22726.0,22974.0,22700.0,3280.0,22863.0,-137.0,12752.0
2016-08-16,22958.0,22851.0,22853.0,22860.0,23000.0,22782.0,2706.0,22872.0,-12.0,12121.0
2016-08-15,22683.0,22862.0,22864.0,22864.0,22920.0,22651.0,1023.0,22699.0,165.0,11549.0
2016-08-12,22622.0,22690.0,22694.0,22690.0,22756.0,22622.0,919.0,22502.0,188.0,10953.0
2016-08-11,22332.0,22493.0,22495.0,22495.0,22622.0,22280.0,2212.0,22369.0,126.0,9949.0
2016-08-10,22436.0,22382.0,22385.0,22394.0,22540.0,22290.0,1916.0,22369.0,25.0,8682.0
2016-08-09,22325.0,22370.0,22373.0,22381.0,22390.0,22315.0,738.0,22395.0,-14.0,7921.0
2016-08-08,22232.0,22375.0,22379.0,22384.0,22416.0,22136.0,965.0,22063.0,321.0,7800.0
2016-08-05,21863.0,22044.0,22047.0,22060.0,22103.0,21863.0,548.0,21754.0,306.0,7424.0
2016-08-04,21800.0,21750.0,21752.0,21741.0,21800.0,21677.0,436.0,21622.0,119.0,7005.0
2016-08-03,21753.0,21643.0,21647.0,21640.0,21753.0,21620.0,603.0,22060.0,-420.0,6793.0
2016-08-02,,21820.0,22186.0,,,,0.0,22060.0,,7087.0
2016-08-01,21907.0,22000.0,22002.0,22021.0,22175.0,21906.0,1512.0,21700.0,321.0,6106.0
2016-07-29,21949.0,21750.0,21754.0,21748.0,22065.0,21720.0,717.0,22084.0,-336.0,6194.0
2016-07-28,22031.0,22074.0,22078.0,22065.0,22104.0,21963.0,513.0,22083.0,-18.0,5890.0
2016-07-27,22181.0,22125.0,22128.0,22128.0,22269.0,21992.0,66802.0,22095.0,33.0,85517.0
2016-07-26,21876.0,22093.0,22094.0,22094.0,22296.0,21836.0,63508.0,22020.0,74.0,45798.0
2016-07-25,22084.0,21976.0,21978.0,21976.0,22084.0,21864.0,41961.0,21943.0,33.0,13841.0
2016-07-22,21870.0,21939.0,21942.0,21940.0,21950.0,21817.0,5595.0,21946.0,-6.0,10184.0
2016-07-21,21879.0,21937.0,21939.0,21940.0,22091.0,21870.0,4199.0,21846.0,94.0,7469.0
2016-07-20,21601.0,21846.0,21849.0,21848.0,21883.0,21601.0,3075.0,21621.0,227.0,5776.0
2016-07-19,21696.0,21615.0,21618.0,21625.0,21712.0,21595.0,470.0,21718.0,-93.0,5442.0
2016-07-18,21611.0,21722.0,21724.0,21736.0,21806.0,21599.0,2564.0,21685.0,51.0,4340.0
2016-07-15,21556.0,21600.0,21720.0,21678.0,21720.0,21490.0,886.0,21539.0,139.0,3874.0
2016-07-14,21294.0,21535.0,21539.0,21536.0,21550.0,21210.0,1024.0,21265.0,271.0,3045.0
2016-07-13,21362.0,21276.0,21280.0,21277.0,21415.0,21250.0,748.0,21227.0,50.0,2473.0
2016-07-12,21000.0,21216.0,21220.0,21220.0,21226.0,20935.0,724.0,20830.0,390.0,1984.0
2016-07-11,20934.0,20821.0,20826.0,20815.0,20980.0,20789.0,997.0,20511.0,304.0,1270.0
2016-07-08,20569.0,20512.0,20515.0,20505.0,20585.0,20400.0,351.0,20655.0,-150.0,1224.0
2016-07-07,20575.0,20665.0,20669.0,20673.0,20688.0,20505.0,397.0,20463.0,210.0,1322.0
2016-07-06,20450.0,20435.0,20438.0,20432.0,20508.0,20233.0,1449.0,20674.0,-242.0,1174.0
2016-07-05,20873.0,20688.0,20692.0,20693.0,20911.0,20676.0,374.0,20987.0,-294.0,1101.0
2016-07-04,20950.0,20955.0,20958.0,20955.0,21144.0,20800.0,1148.0,20897.0,58.0,270.0
2016-06-30,20700.0,20794.0,20980.0,20898.0,20898.0,20573.0,415.0,20450.0,448.0,0.0
2016-06-29,20228.0,20456.0,20457.0,20457.0,20474.0,20180.0,102111.0,20155.0,302.0,92812.0
2016-06-28,19772.0,20123.0,20126.0,20125.0,20137.0,19750.0,78569.0,20110.0,15.0,61701.0
2016-06-27,19976.0,20143.0,20146.0,20147.0,20276.0,19890.0,54496.0,20158.0,-11.0,28494.0
2016-06-24,20560.0,20087.0,20093.0,20089.0,21000.0,19558.0,22554.0,20890.0,-801.0,18047.0
2016-06-23,20800.0,20880.0,20883.0,20881.0,20890.0,20690.0,6678.0,20741.0,140.0,12338.0
2016-06-22,20500.0,20711.0,20714.0,20713.0,20783.0,20425.0,7202.0,20474.0,239.0,8227.0
2016-06-21,20387.0,20485.0,20488.0,20483.0,20517.0,20334.0,3547.0,20334.0,149.0,6119.0
2016-06-20,20273.0,20329.0,20332.0,20330.0,20415.0,20115.0,1225.0,19980.0,350.0,5670.0
2016-06-17,20150.0,19996.0,20000.0,19994.0,20150.0,19925.0,667.0,19875.0,119.0,5616.0
2016-06-16,20140.0,19885.0,19889.0,19885.0,20140.0,19795.0,935.0,20273.0,-388.0,5448.0
2016-06-15,20000.0,20230.0,20232.0,20225.0,20372.0,19931.0,1649.0,20179.0,46.0,5173.0
2016-06-14,20299.0,20205.0,20208.0,20214.0,20358.0,20166.0,916.0,20380.0,-166.0,4701.0
2016-06-13,20500.0,20344.0,20348.0,20338.0,20537.0,20238.0,823.0,20812.0,-474.0,4304.0
2016-06-10,21072.0,20801.0,20804.0,20801.0,21111.0,20788.0,736.0,21119.0,-318.0,3895.0
2016-06-08,21150.0,20950.0,21488.0,21119.0,21155.0,21000.0,886.0,21106.0,13.0,3223.0
2016-06-07,20950.0,21083.0,21086.0,21089.0,21130.0,20940.0,1394.0,20795.0,294.0,2123.0
2016-06-06,20692.0,20783.0,20786.0,20786.0,20805.0,20595.0,936.0,20706.0,80.0,1545.0
2016-06-03,20735.0,20704.0,20707.0,20696.0,20823.0,20660.0,1045.0,20610.0,86.0,816.0
2016-06-02,20549.0,20601.0,20605.0,20606.0,20640.0,20430.0,694.0,20527.0,79.0,460.0
2016-06-01,20449.0,20515.0,20519.0,20518.0,20635.0,20430.0,487.0,20469.0,49.0,287.0
2016-05-31,20309.0,20469.0,20473.0,20474.0,20706.0,20309.0,427.0,20319.0,155.0,0.0
2016-05-30,20286.0,20329.0,20330.0,20329.0,20497.0,20178.0,96762.0,20281.0,48.0,109023.0
2016-05-27,20120.0,20275.0,20278.0,20275.0,20344.0,19989.0,70882.0,20095.0,180.0,82686.0
2016-05-26,20071.0,20087.0,20090.0,20087.0,20119.0,19955.0,56984.0,20071.0,16.0,55497.0
2016-05-25,19800.0,20070.0,20072.0,20075.0,20122.0,19800.0,45380.0,19560.0,515.0,30042.0
2016-05-24,19490.0,19551.0,19554.0,19547.0,19581.0,19390.0,14528.0,19540.0,7.0,17978.0
2016-05-23,19500.0,19527.0,19530.0,19530.0,19642.0,19418.0,4371.0,19564.0,-34.0,15227.0
2016-05-20,19311.0,19554.0,19557.0,19555.0,19643.0,19286.0,5670.0,19312.0,243.0,13695.0
2016-05-19,19405.0,19314.0,19317.0,19326.0,19430.0,19266.0,2550.0,19393.0,-67.0,12311.0
2016-05-18,19501.0,19404.0,19407.0,19412.0,19527.0,19345.0,2648.0,19655.0,-243.0,10792.0
2016-05-17,19580.0,19666.0,19668.0,19670.0,19723.0,19440.0,1679.0,19532.0,138.0,10208.0
2016-05-16,19245.0,19495.0,19499.0,19505.0,19588.0,19242.0,1441.0,19319.0,186.0,9674.0
2016-05-13,19452.0,19315.0,19319.0,19317.0,19600.0,19164.0,2243.0,19525.0,-208.0,9330.0
2016-05-12,19639.0,19512.0,19516.0,19515.0,19725.0,19460.0,1316.0,19628.0,-113.0,8599.0
2016-05-11,20030.0,19597.0,19601.0,19594.0,20030.0,19589.0,1449.0,19863.0,-269.0,8193.0
2016-05-10,19808.0,19849.0,19852.0,19845.0,19927.0,19592.0,699.0,19776.0,69.0,8469.0
2016-05-09,19873.0,19764.0,19768.0,19763.0,19922.0,19650.0,621.0,19706.0,57.0,8011.0
2016-05-06,19890.0,19689.0,19691.0,19674.0,19965.0,19636.0,1217.0,20012.0,-338.0,7582.0
2016-05-05,19950.0,20018.0,20022.0,20021.0,20100.0,19924.0,363.0,20027.0,-6.0,7614.0
2016-05-04,20130.0,20087.0,20090.0,20114.0,20170.0,20000.0,717.0,20270.0,-156.0,7575.0
2016-05-03,20676.0,20262.0,20265.0,20264.0,20716.0,20231.0,1348.0,20582.0,-318.0,7329.0
2016-04-29,20848.0,20550.0,20650.0,20605.0,20850.0,20568.0,410.0,20904.0,-299.0,6910.0
2016-04-28,20987.0,20931.0,20936.0,20932.0,21453.0,20845.0,1137.0,20919.0,13.0,6884.0
2016-04-27,21245.0,21198.0,21200.0,21199.0,21346.0,21182.0,62959.0,21298.0,-99.0,73894.0
2016-04-26,21234.0,21303.0,21306.0,21303.0,21334.0,20981.0,62177.0,21187.0,116.0,39304.0
2016-04-25,21253.0,21195.0,21198.0,21196.0,21334.0,21164.0,35424.0,21362.0,-166.0,13379.0
2016-04-22,21299.0,21353.0,21358.0,21358.0,21381.0,21213.0,4672.0,21478.0,-120.0,8943.0
2016-04-21,21317.0,21486.0,21490.0,21492.0,21548.0,21244.0,2961.0,21155.0,337.0,7820.0
2016-04-19,21348.0,21324.0,21327.0,21323.0,21404.0,21114.0,2494.0,21050.0,273.0,5104.0
2016-04-18,21000.0,21056.0,21059.0,21050.0,21073.0,20900.0,2072.0,21228.0,-178.0,4637.0
2016-04-15,21350.0,21225.0,21228.0,21225.0,21350.0,21149.0,1385.0,21230.0,-5.0,4202.0
2016-04-14,21325.0,21246.0,21250.0,21240.0,21415.0,21188.0,3588.0,21100.0,140.0,3020.0
2016-04-13,20608.0,21065.0,21068.0,21069.0,21089.0,20577.0,2496.0,20352.0,717.0,2021.0
2016-04-12,20289.0,20359.0,20363.0,20380.0,20438.0,20288.0,832.0,20420.0,-40.0,1651.0
2016-04-11,20135.0,20374.0,20376.0,20380.0,20450.0,20069.0,759.0,20266.0,114.0,1434.0
2016-04-08,19850.0,20241.0,20245.0,20246.0,20247.0,19850.0,411.0,20123.0,123.0,1129.0
2016-04-07,20180.0,20107.0,20110.0,20091.0,20237.0,20034.0,219.0,20029.0,62.0,1165.0
2016-04-06,19955.0,20049.0,20051.0,20085.0,20100.0,19936.0,291.0,20007.0,78.0,1111.0
2016-04-05,20256.0,20023.0,20026.0,20020.0,20256.0,19981.0,678.0,20345.0,-325.0,769.0
2016-04-01,20703.0,20200.0,20550.0,20345.0,20709.0,20345.0,560.0,20675.0,-330.0,361.0
2016-03-31,20719.0,20520.0,20800.0,20648.0,20760.0,20587.0,431.0,20721.0,-73.0,0.0
2016-03-30,20498.0,20814.0,20815.0,20814.0,20844.0,20492.0,102548.0,20363.0,451.0,93991.0
2016-03-29,20333.0,20345.0,20346.0,20345.0,20418.0,20250.0,73274.0,20306.0,39.0,64563.0
2016-03-24,20377.0,20291.0,20314.0,20306.0,20490.0,20253.0,61171.0,20630.0,-324.0,24474.0
2016-03-23,20630.0,20606.0,20609.0,20603.0,20677.0,20502.0,18761.0,20602.0,1.0,11299.0
2016-03-22,20753.0,20572.0,20575.0,20586.0,20753.0,20575.0,9091.0,20666.0,-80.0,6422.0
2016-03-21,20786.0,20677.0,20681.0,20680.0,20786.0,20606.0,4597.0,20582.0,98.0,6581.0
2016-03-18,20528.0,20613.0,20616.0,20608.0,20685.0,20509.0,2718.0,20467.0,141.0,6963.0
2016-03-17,20502.0,20470.0,20472.0,20473.0,20605.0,20430.0,3235.0,20286.0,187.0,5292.0
2016-03-16,20310.0,20267.0,20271.0,20277.0,20410.0,20170.0,1194.0,20278.0,-1.0,4743.0
2016-03-15,20323.0,20281.0,20283.0,20280.0,20360.0,20253.0,810.0,20399.0,-119.0,4168.0
2016-03-14,20400.0,20379.0,20382.0,20383.0,20480.0,20305.0,536.0,20222.0,161.0,3738.0
2016-03-11,19950.0,20220.0,20224.0,20218.0,20226.0,19832.0,781.0,19985.0,233.0,3422.0
2016-03-10,20020.0,19967.0,19970.0,19970.0,20170.0,19887.0,666.0,19976.0,-6.0,2805.0
2016-03-09,19863.0,19956.0,19960.0,19957.0,19983.0,19802.0,798.0,19944.0,13.0,2511.0
2016-03-08,20092.0,19940.0,19943.0,19945.0,20092.0,19880.0,915.0,20132.0,-187.0,1977.0
2016-03-07,20200.0,20060.0,20309.0,20100.0,20280.0,20065.0,436.0,20089.0,11.0,1862.0
2016-03-04,20000.0,20123.0,20126.0,20124.0,20142.0,19932.0,374.0,19856.0,268.0,1491.0
2016-03-03,20000.0,19835.0,19838.0,19806.0,20053.0,19750.0,318.0,19881.0,-75.0,1365.0
2016-03-02,19640.0,19904.0,19907.0,19920.0,19977.0,19640.0,1324.0,19311.0,609.0,985.0
2016-03-01,19142.0,19177.0,19180.0,19157.0,19203.0,18987.0,794.0,19046.0,111.0,490.0
2016-02-29,19232.0,19011.0,19015.0,19003.0,19277.0,18970.0,582.0,19329.0,-326.0,0.0
2016-02-26,19113.0,19180.0,19181.0,19181.0,19210.0,19045.0,93478.0,18811.0,370.0,105103.0
2016-02-25,19075.0,18780.0,18783.0,18782.0,19113.0,18758.0,60971.0,19062.0,-280.0,79816.0
2016-02-24,19278.0,19076.0,19078.0,19078.0,19280.0,18981.0,38011.0,19324.0,-246.0,48805.0
2016-02-23,19449.0,19361.0,19363.0,19360.0,19455.0,19222.0,26469.0,19382.0,-22.0,22412.0
2016-02-22,19265.0,19335.0,19339.0,19329.0,19473.0,19265.0,13247.0,19260.0,69.0,13982.0
2016-02-19,19144.0,19192.0,19194.0,19189.0,19256.0,19117.0,3768.0,19225.0,-36.0,12223.0
2016-02-18,19340.0,19206.0,19208.0,19205.0,19487.0,19188.0,1561.0,18842.0,363.0,11575.0
2016-02-17,19085.0,18876.0,18879.0,18877.0,19231.0,18860.0,1731.0,19058.0,-181.0,10733.0
2016-02-16,18910.0,19008.0,19011.0,19015.0,19188.0,18840.0,1802.0,18758.0,257.0,10326.0
2016-02-15,18570.0,18783.0,18786.0,18781.0,18830.0,18540.0,1487.0,18305.0,476.0,10636.0
2016-02-12,18200.0,18276.0,18280.0,18265.0,18400.0,18158.0,970.0,18307.0,-42.0,9808.0
2016-02-11,18306.0,18392.0,18396.0,18384.0,18510.0,17977.0,1108.0,19241.0,-857.0,9416.0
2016-02-05,19179.0,19100.0,19300.0,19241.0,19330.0,19150.0,435.0,19089.0,152.0,9477.0
2016-02-04,19099.0,19216.0,19220.0,19200.0,19273.0,19072.0,897.0,18906.0,294.0,9275.0
2016-02-03,18933.0,18937.0,18940.0,18890.0,18950.0,18680.0,828.0,19374.0,-484.0,8772.0
2016-02-02,19345.0,19415.0,19418.0,19426.0,19538.0,19295.0,450.0,19399.0,27.0,8769.0
2016-02-01,19563.0,19493.0,19497.0,19500.0,19630.0,19345.0,1188.0,19670.0,-170.0,8809.0
2016-01-29,19135.0,19516.0,19519.0,19514.0,19572.0,18985.0,652.0,19215.0,299.0,8923.0
2016-01-28,18971.0,18958.0,18961.0,18950.0,19134.0,18916.0,971.0,18919.0,31.0,8835.0
2016-01-27,19254.0,19093.0,19096.0,19102.0,19312.0,18911.0,62898.0,18891.0,211.0,74048.0
2016-01-26,19029.0,18838.0,18841.0,18840.0,19072.0,18811.0,37591.0,19239.0,-399.0,42499.0
2016-01-25,19211.0,19328.0,19331.0,19330.0,19500.0,19211.0,21966.0,19090.0,240.0,18716.0
2016-01-22,18954.0,19085.0,19088.0,19095.0,19140.0,18763.0,7142.0,18744.0,351.0,12839.0
2016-01-21,19040.0,18623.0,18625.0,18620.0,19250.0,18550.0,5398.0,18851.0,-231.0,8516.0
2016-01-20,19379.0,18883.0,18886.0,18873.0,19379.0,18772.0,3423.0,19618.0,-745.0,5733.0
2016-01-19,19280.0,19463.0,19465.0,19465.0,19529.0,19174.0,1459.0,19285.0,180.0,5000.0
2016-01-18,19172.0,19338.0,19342.0,19358.0,19433.0,19141.0,922.0,19461.0,-103.0,5044.0
2016-01-15,19784.0,19505.0,19509.0,19500.0,19784.0,19485.0,828.0,19815.0,-315.0,4554.0
2016-01-14,19632.0,19855.0,19858.0,19864.0,19871.0,19485.0,2256.0,20064.0,-200.0,3385.0
2016-01-13,20042.0,20040.0,20044.0,20040.0,20223.0,19962.0,515.0,19698.0,342.0,3289.0
2016-01-12,20000.0,19753.0,19757.0,19762.0,20108.0,19688.0,534.0,19950.0,-188.0,3328.0
2016-01-11,19900.0,19945.0,19948.0,19946.0,20063.0,19829.0,568.0,20406.0,-460.0,3096.0
2016-01-08,20440.0,20505.0,20508.0,20488.0,20586.0,20318.0,176.0,20355.0,133.0,3099.0
2016-01-07,20765.0,20373.0,20377.0,20357.0,20828.0,20284.0,1131.0,20866.0,-509.0,2259.0
2016-01-06,21215.0,20946.0,20949.0,20958.0,21215.0,20893.0,538.0,21154.0,-196.0,2108.0
2016-01-05,21190.0,21168.0,21170.0,21166.0,21395.0,21062.0,1528.0,21134.0,32.0,1289.0
2016-01-04,21780.0,21340.0,21344.0,21358.0,21780.0,21180.0,1037.0,21917.0,-559.0,196.0
2015-12-31,21942.0,21890.0,21930.0,21913.0,21988.0,21873.0,212.0,21925.0,-12.0,0.0
2015-12-30,22156.0,21914.0,21915.0,21915.0,22170.0,21875.0,67567.0,22065.0,-150.0,89087.0
2015-12-29,21920.0,22003.0,22005.0,22004.0,22039.0,21841.0,48353.0,21862.0,142.0,70773.0
2015-12-28,22130.0,21880.0,21882.0,21880.0,22205.0,21841.0,30538.0,22183.0,-303.0,48397.0
2015-12-24,22299.0,22159.0,22189.0,22183.0,22317.0,22155.0,10517.0,22126.0,57.0,42960.0
2015-12-23,21898.0,22073.0,22077.0,22073.0,22142.0,21850.0,20565.0,21839.0,234.0,20900.0
2015-12-22,21875.0,21807.0,21809.0,21800.0,21875.0,21726.0,9643.0,21805.0,-5.0,11046.0
2015-12-21,21663.0,21810.0,21813.0,21800.0,21860.0,21588.0,2877.0,21800.0,,6550.0
2015-12-18,21673.0,21800.0,21803.0,21802.0,21960.0,21613.0,2567.0,21843.0,-41.0,4687.0
2015-12-17,21800.0,21829.0,21832.0,21834.0,22022.0,21776.0,1360.0,21751.0,83.0,3991.0
2015-12-16,21522.0,21709.0,21712.0,21718.0,21777.0,21507.0,1175.0,21345.0,373.0,3839.0
2015-12-15,21272.0,21347.0,21351.0,21350.0,21422.0,21239.0,867.0,21326.0,24.0,3174.0
2015-12-14,21000.0,21251.0,21255.0,21250.0,21319.0,21000.0,1035.0,21405.0,-155.0,2935.0
2015-12-11,21730.0,21479.0,21481.0,21482.0,21746.0,21479.0,549.0,21648.0,-166.0,2519.0
2015-12-10,21720.0,21717.0,21720.0,21733.0,21871.0,21666.0,283.0,21794.0,-61.0,2384.0
2015-12-09,21782.0,21793.0,21795.0,21790.0,21863.0,21730.0,505.0,21841.0,-51.0,2071.0
2015-12-08,22051.0,21789.0,21793.0,21803.0,22051.0,21730.0,1081.0,22296.0,-493.0,1214.0
2015-12-07,22359.0,22299.0,22302.0,22301.0,22397.0,22251.0,139.0,22175.0,126.0,853.0
2015-12-04,22132.0,22174.0,22176.0,22176.0,22220.0,22078.0,185.0,22440.0,-264.0,679.0
2015-12-03,22318.0,22428.0,22431.0,22428.0,22500.0,22280.0,98.0,22501.0,-73.0,600.0
2015-12-02,22515.0,22543.0,22546.0,22545.0,22591.0,22399.0,398.0,22405.0,140.0,384.0
2015-12-01,22161.0,22400.0,22403.0,22445.0,22493.0,22120.0,171.0,21931.0,514.0,261.0
2015-11-30,21980.0,22111.0,22116.0,22125.0,22164.0,21888.0,266.0,22004.0,121.0,0.0
2015-11-27,22588.0,21980.0,22010.0,21999.0,22588.0,21970.0,125075.0,22527.0,-528.0,88471.0
2015-11-26,22634.0,22476.0,22478.0,22478.0,23100.0,22450.0,51071.0,22513.0,-35.0,68267.0
2015-11-25,22508.0,22593.0,22594.0,22593.0,22650.0,22447.0,39831.0,22540.0,53.0,47342.0
2015-11-24,22736.0,22572.0,22574.0,22573.0,22736.0,22425.0,25636.0,22712.0,-139.0,21968.0
2015-11-23,22824.0,22717.0,22721.0,22719.0,22836.0,22643.0,9601.0,22785.0,-66.0,15320.0
2015-11-20,22540.0,22750.0,22850.0,22790.0,22844.0,22448.0,3775.0,22505.0,285.0,13538.0
2015-11-19,22427.0,22544.0,22546.0,22547.0,22574.0,22407.0,2560.0,22154.0,393.0,13605.0
2015-11-18,22350.0,22188.0,22192.0,22190.0,22365.0,22140.0,623.0,22284.0,-94.0,13790.0
2015-11-17,22240.0,22331.0,22334.0,22332.0,22490.0,22236.0,3156.0,22052.0,280.0,13313.0
2015-11-16,21880.0,21993.0,21996.0,22005.0,22080.0,21848.0,1849.0,22333.0,-328.0,12234.0
2015-11-13,22541.0,22300.0,22421.0,22333.0,22543.0,22280.0,944.0,22923.0,-590.0,11874.0
2015-11-12,22302.0,22828.0,22830.0,22828.0,22864.0,22302.0,723.0,22375.0,453.0,11602.0
2015-11-11,22253.0,22349.0,22352.0,22354.0,22436.0,22253.0,451.0,22388.0,-34.0,11545.0
2015-11-10,22441.0,22361.0,22365.0,22370.0,22474.0,22330.0,1056.0,22633.0,-263.0,11453.0
2015-11-09,22721.0,22513.0,22850.0,22637.0,22954.0,22623.0,645.0,22761.0,-124.0,11204.0
2015-11-06,22900.0,22700.0,23050.0,22735.0,22914.0,22735.0,472.0,22986.0,-251.0,11160.0
2015-11-05,23083.0,23044.0,23047.0,23050.0,23178.0,22942.0,713.0,23132.0,-82.0,11372.0
2015-11-04,22700.0,23092.0,23096.0,23105.0,23366.0,22680.0,1150.0,22600.0,505.0,10996.0
2015-11-03,22535.0,22607.0,22610.0,22616.0,22689.0,22526.0,235.0,22371.0,245.0,11120.0
2015-11-02,22500.0,22390.0,22394.0,22402.0,22590.0,22250.0,750.0,22697.0,-295.0,10954.0
2015-10-30,22770.0,22600.0,22880.0,22697.0,22857.0,22634.0,954.0,22777.0,-80.0,10881.0
2015-10-29,23058.0,22856.0,22858.0,22852.0,23069.0,22791.0,441.0,22983.0,-131.0,10656.0
2015-10-28,23041.0,22981.0,22983.0,22982.0,23128.0,22961.0,42243.0,23075.0,-93.0,63560.0
2015-10-27,23128.0,23083.0,23085.0,23084.0,23154.0,22897.0,39696.0,23045.0,39.0,31121.0
2015-10-26,23413.0,23112.0,23114.0,23115.0,23413.0,23059.0,17715.0,23177.0,-62.0,12389.0
2015-10-23,23280.0,23078.0,23190.0,23174.0,23280.0,23088.0,8325.0,22839.0,335.0,6923.0
2015-10-22,22751.0,22790.0,22794.0,22809.0,22862.0,22710.0,1522.0,22918.0,-109.0,5942.0
2015-10-20,22990.0,22860.0,22950.0,22955.0,23013.0,22780.0,2286.0,23033.0,-78.0,4624.0
2015-10-19,23040.0,22976.0,22979.0,22976.0,23043.0,22870.0,720.0,23092.0,-116.0,4217.0
2015-10-16,23050.0,23000.0,23400.0,23093.0,23112.0,22929.0,481.0,22903.0,190.0,3903.0
2015-10-15,22614.0,22829.0,22834.0,22825.0,22916.0,22548.0,392.0,22457.0,368.0,3614.0
2015-10-14,22333.0,22411.0,22415.0,22457.0,22543.0,22308.0,256.0,22512.0,-55.0,3390.0
2015-10-13,22510.0,22580.0,22583.0,22600.0,22744.0,22448.0,375.0,22648.0,-48.0,3127.0
2015-10-12,22478.0,22578.0,22584.0,22581.0,22735.0,22478.0,650.0,22396.0,185.0,2242.0
2015-10-09,22563.0,22250.0,22800.0,22396.0,22750.0,22338.0,779.0,22413.0,-17.0,1815.0
2015-10-08,22580.0,22241.0,22246.0,22193.0,22580.0,22150.0,669.0,22464.0,-271.0,1471.0
2015-10-07,21783.0,22256.0,22260.0,22230.0,22350.0,21745.0,786.0,21754.0,476.0,826.0
2015-10-06,22083.0,21707.0,21710.0,21702.0,22083.0,21679.0,450.0,21827.0,-125.0,603.0
2015-10-05,21764.0,21741.0,21746.0,21739.0,21958.0,21697.0,334.0,21489.0,250.0,522.0
2015-10-02,21159.0,21200.0,,21472.0,21500.0,21094.0,222.0,20776.0,696.0,406.0
2015-09-30,20761.0,20741.0,20830.0,20778.0,20880.0,20641.0,478.0,20432.0,346.0,0.0
2015-09-29,20600.0,20418.0,20421.0,20421.0,20606.0,20249.0,63516.0,21199.0,-778.0,81367.0
2015-09-25,21001.0,21170.0,21201.0,21199.0,21297.0,20901.0,58168.0,21150.0,49.0,54791.0
2015-09-24,21351.0,20985.0,20990.0,20990.0,21355.0,20983.0,32197.0,21299.0,-309.0,21388.0
2015-09-23,21454.0,21204.0,21210.0,21200.0,21533.0,20888.0,11380.0,21567.0,-367.0,10175.0
2015-09-22,21771.0,21994.0,21998.0,21996.0,22100.0,21709.0,4507.0,21658.0,338.0,5867.0
2015-09-21,21619.0,21610.0,21616.0,21605.0,21719.0,21439.0,1484.0,22061.0,-456.0,4526.0
2015-09-18,21694.0,22000.0,22091.0,22044.0,22071.0,21670.0,836.0,21710.0,334.0,4334.0
2015-09-17,22034.0,21714.0,21720.0,21695.0,22147.0,21606.0,1120.0,21961.0,-266.0,3858.0
2015-09-16,21650.0,21923.0,21930.0,21907.0,22039.0,21530.0,418.0,21315.0,592.0,3698.0
2015-09-15,21444.0,21382.0,21386.0,21372.0,21550.0,21353.0,198.0,21457.0,-85.0,3664.0
2015-09-14,21572.0,21420.0,21424.0,21434.0,21650.0,21312.0,536.0,21349.0,85.0,3458.0
2015-09-10,21516.0,21439.0,21444.0,21427.0,21662.0,21391.0,473.0,21950.0,-523.0,3333.0
2015-09-09,21508.0,21902.0,21907.0,21891.0,21980.0,21354.0,837.0,21272.0,619.0,3193.0
2015-09-08,20477.0,20831.0,20837.0,20811.0,20900.0,20370.0,1667.0,20364.0,447.0,2710.0
2015-09-07,20383.0,20624.0,20630.0,20632.0,20912.0,20383.0,1012.0,20559.0,73.0,1493.0
2015-09-04,20770.0,,20788.0,20600.0,20950.0,20496.0,523.0,20638.0,-38.0,1116.0
2015-09-02,20900.0,,21098.0,20635.0,21135.0,20585.0,480.0,20836.0,-201.0,948.0
2015-09-01,21306.0,21290.0,21295.0,21297.0,21438.0,21206.0,301.0,21422.0,-125.0,669.0
2015-08-31,21550.0,21416.0,21423.0,21428.0,21550.0,21221.0,892.0,21484.0,-56.0,0.0
2015-08-28,22148.0,21505.0,21547.0,21536.0,22150.0,21384.0,67929.0,21698.0,-162.0,90787.0
2015-08-27,21545.0,21603.0,21609.0,21606.0,21625.0,21287.0,38758.0,21018.0,588.0,75050.0
2015-08-26,21288.0,21148.0,21153.0,21141.0,21611.0,20972.0,37152.0,21475.0,-334.0,43975.0
2015-08-25,20670.0,21028.0,21035.0,21021.0,21745.0,20670.0,24562.0,21014.0,7.0,19347.0
2015-08-24,21600.0,21147.0,21151.0,21147.0,21663.0,20969.0,8361.0,22363.0,-1216.0,11988.0
2015-08-21,22220.0,21950.0,22403.0,22363.0,22385.0,21981.0,4656.0,22569.0,-206.0,9824.0
2015-08-20,22792.0,22510.0,22513.0,22504.0,22868.0,22410.0,2197.0,22967.0,-463.0,8621.0
2015-08-19,23385.0,23068.0,23077.0,23070.0,23423.0,22992.0,1457.0,23332.0,-262.0,8628.0
2015-08-18,23779.0,23364.0,23371.0,23376.0,23884.0,23300.0,922.0,23685.0,-309.0,8550.0
2015-08-17,23845.0,23739.0,23742.0,23735.0,23845.0,23565.0,1043.0,23851.0,-116.0,8340.0
2015-08-14,23888.0,23823.0,23902.0,23851.0,24020.0,23817.0,594.0,23945.0,-94.0,8458.0
2015-08-13,23780.0,23884.0,23889.0,23875.0,23970.0,23680.0,1085.0,23623.0,252.0,8578.0
2015-08-12,24200.0,23682.0,23687.0,23690.0,24200.0,23690.0,884.0,24293.0,-603.0,8647.0
2015-08-11,24555.0,24419.0,24424.0,24417.0,24726.0,24400.0,760.0,24311.0,106.0,8312.0
2015-08-10,24295.0,24368.0,24372.0,24360.0,24460.0,23900.0,482.0,24365.0,-5.0,8137.0
2015-08-07,24059.0,24330.0,24436.0,24365.0,24500.0,24059.0,430.0,24229.0,136.0,8151.0
2015-08-06,24378.0,24209.0,24214.0,24205.0,24391.0,24150.0,192.0,24383.0,-178.0,8044.0
2015-08-05,24250.0,24331.0,24336.0,24321.0,24397.0,24209.0,138.0,24180.0,141.0,8008.0
2015-08-04,24077.0,24234.0,24239.0,24243.0,24376.0,24064.0,290.0,24195.0,48.0,8313.0
2015-08-03,24446.0,24269.0,24273.0,24240.0,24446.0,24042.0,558.0,24445.0,-205.0,7950.0
2015-07-31,24560.0,24000.0,24558.0,24445.0,24599.0,24338.0,375.0,24342.0,103.0,7617.0
2015-07-30,24660.0,24393.0,24398.0,24379.0,24741.0,24348.0,376.0,24486.0,-107.0,7447.0
2015-07-29,24555.0,24580.0,24585.0,24584.0,24666.0,24400.0,28674.0,24420.0,164.0,70017.0
2015-07-28,24278.0,24521.0,24526.0,24526.0,24947.0,24123.0,43616.0,24285.0,241.0,43488.0
2015-07-27,24834.0,24247.0,24251.0,24250.0,24860.0,24181.0,20682.0,25108.0,-858.0,22445.0
2015-07-24,25236.0,25080.0,25132.0,25117.0,25236.0,24976.0,11747.0,25335.0,-218.0,12845.0
2015-07-23,25222.0,25376.0,25380.0,25376.0,25455.0,25214.0,2452.0,25176.0,200.0,11174.0
2015-07-22,25360.0,25156.0,25160.0,25170.0,25360.0,25090.0,3517.0,25468.0,-298.0,8411.0
2015-07-21,25321.0,25489.0,25493.0,25493.0,25566.0,25250.0,3056.0,25346.0,147.0,5694.0
2015-07-20,25417.0,25312.0,25316.0,25318.0,25432.0,25220.0,902.0,25372.0,-54.0,5187.0
2015-07-17,25116.0,25300.0,25500.0,25357.0,25500.0,25092.0,1068.0,25025.0,332.0,4995.0
2015-07-16,24948.0,24918.0,25162.0,25025.0,25070.0,24786.0,579.0,24981.0,44.0,4861.0
