Date,Open,High,Low,Settle,Volume,Prev. Day Open Interest
2020-02-14,7401.0,7424.5,7339.5,7359.0,100035.0,730384.0
2020-02-13,7476.5,7480.0,7356.0,7390.0,134641.0,724215.0
2020-02-12,7428.0,7492.0,7428.0,7469.0,77091.0,720137.0
2020-02-11,7417.0,7465.0,7411.5,7444.5,77938.0,724265.0
2020-02-10,7379.5,7402.5,7361.0,7382.5,73299.0,716295.0
2020-02-07,7440.0,7448.0,7375.0,7401.5,76393.0,710425.0
2020-02-06,7437.0,7474.0,7419.0,7445.0,79116.0,705764.0
2020-02-05,7345.0,7447.5,7333.0,7419.5,107320.0,705942.0
2020-02-04,7260.5,7378.5,7260.5,7375.0,101429.0,706511.0
2020-02-03,7216.5,7300.0,7211.5,7275.0,121137.0,704491.0
2020-01-31,7370.0,7378.0,7164.0,7217.5,133756.0,704965.0
2020-01-30,7403.5,7404.0,7291.0,7316.0,129246.0,700289.0
2020-01-29,7415.0,7450.0,7396.0,7425.5,68819.0,703607.0
2020-01-28,7339.5,7426.5,7339.5,7417.5,102530.0,712036.0
2020-01-27,7441.5,7452.5,7326.5,7346.0,127544.0,708723.0
2020-01-24,7501.0,7579.0,7474.0,7526.5,103531.0,704706.0
2020-01-23,7499.5,7509.5,7437.5,7439.5,90066.0,702907.0
2020-01-22,7536.5,7575.0,7496.0,7500.5,87091.0,708631.0
2020-01-21,7594.0,7594.0,7484.5,7544.5,95097.0,710010.0
2020-01-20,7625.5,7629.5,7575.5,7586.0,55069.0,709792.0
2020-01-17,7570.0,7627.5,7557.0,7612.5,91411.0,702915.0
2020-01-16,7573.5,7592.5,7531.0,7542.0,81555.0,701884.0
2020-01-15,7558.5,7580.5,7543.0,7575.0,69453.0,701503.0
2020-01-14,7577.0,7586.5,7522.0,7562.0,91459.0,701780.0
2020-01-13,7523.0,7572.0,7516.0,7545.5,74504.0,699075.0
2020-01-10,7565.0,7570.0,7499.0,7529.5,71793.0,694813.0
2020-01-09,7531.0,7565.0,7518.0,7531.5,71066.0,697673.0
2020-01-08,7447.0,7545.5,7426.5,7505.5,89728.0,702403.0
2020-01-07,7530.0,7558.0,7498.0,7508.5,73673.0,702203.0
2020-01-06,7515.0,7536.5,7463.0,7505.0,80498.0,710626.0
2020-01-03,7573.5,7574.5,7487.0,7549.5,80618.0,710924.0
2020-01-02,7513.0,7571.0,7491.5,7545.5,91329.0,714672.0
2019-12-31,7513.5,7520.0,7473.0,7499.0,35560.0,715112.0
2019-12-30,7580.0,7587.0,7512.0,7536.0,63261.0,714515.0
2019-12-27,7599.0,7625.5,7567.5,7586.5,59354.0,715552.0
2019-12-26,,,,7578.0,,715208.0
2019-12-24,7567.0,7582.5,7554.0,7578.0,17852.0,716298.0
2019-12-23,7522.0,7573.0,7500.0,7564.0,59822.0,715314.0
2019-12-20,7531.0,7553.5,7505.0,7520.0,112102.0,721983.0
2019-12-19,7556.0,7583.0,7525.5,7575.5,110287.0,122224.0
2019-12-18,7513.5,7558.5,7498.5,7555.0,172871.0,231056.0
2019-12-17,7511.0,7544.5,7497.0,7524.5,322192.0,448058.0
2019-12-16,7387.5,7555.0,7373.5,7547.0,303431.0,582379.0
2019-12-13,7265.0,7431.0,7241.5,7350.0,232449.0,633502.0
2019-12-12,7227.0,7309.5,7218.5,7288.0,172904.0,693551.0
2019-12-11,7207.5,7253.0,7194.0,7215.5,94241.0,709428.0
2019-12-10,7237.0,7243.5,7136.5,7216.5,106664.0,716636.0
2019-12-09,7213.5,7256.5,7210.0,7229.5,69809.0,726604.0
2019-12-06,7159.0,7246.0,7148.5,7240.5,87668.0,729877.0
2019-12-05,7194.0,7202.5,7129.5,7142.0,98197.0,733851.0
2019-12-04,7172.0,7202.0,7132.5,7179.5,114227.0,735493.0
2019-12-03,7298.5,7309.5,7134.5,7167.0,155000.0,741010.0
2019-12-02,7373.0,7403.5,7276.0,7285.5,105389.0,744455.0
2019-11-29,7420.0,7424.5,7339.0,7365.0,78199.0,746950.0
2019-11-28,7414.5,7421.5,7387.5,7415.0,39045.0,746921.0
2019-11-27,7409.5,7442.0,7404.0,7420.0,74558.0,743152.0
2019-11-26,7397.5,7425.0,7379.0,7404.5,81269.0,744253.0
2019-11-25,7344.0,7398.0,7339.5,7393.0,71219.0,737001.0
2019-11-22,7249.0,7340.5,7243.0,7322.0,98285.0,739928.0
2019-11-21,7223.5,7248.5,7191.0,7230.0,87353.0,749140.0
2019-11-20,7315.0,7315.5,7210.0,7258.0,131615.0,746996.0
2019-11-19,7299.0,7399.0,7289.0,7309.5,103663.0,749466.0
2019-11-18,7296.0,7329.0,7285.5,7296.0,67325.0,743899.0
2019-11-15,7324.0,7335.5,7235.5,7291.0,94403.0,744212.0
2019-11-14,7328.0,7349.0,7277.0,7296.0,66112.0,743777.0
2019-11-13,7326.0,7344.0,7280.0,7334.0,80753.0,745251.0
2019-11-12,7316.5,7371.5,7303.5,7356.5,70523.0,744592.0
2019-11-11,7349.0,7353.0,7237.0,7303.5,94440.0,752160.0
2019-11-08,7382.0,7382.0,7329.0,7341.5,68081.0,754054.0
2019-11-07,7373.0,7415.0,7367.0,7379.0,88513.0,750557.0
2019-11-06,7345.5,7380.5,7338.5,7363.5,64865.0,749436.0
2019-11-05,7353.0,7385.0,7343.0,7366.0,70392.0,752363.0
2019-11-04,7300.5,7370.5,7290.5,7342.5,83237.0,748117.0
2019-11-01,7248.0,7291.0,7238.5,7266.0,85154.0,751829.0
2019-10-31,7318.5,7318.5,7217.0,7246.0,112037.0,751182.0
2019-10-30,7273.5,7319.0,7252.5,7309.5,69581.0,750723.0
2019-10-29,7324.0,7324.0,7240.5,7276.5,81638.0,750057.0
2019-10-28,7307.5,7324.5,7268.0,7314.5,65643.0,748913.0
2019-10-25,7292.0,7314.5,7255.5,7296.5,78015.0,747969.0
2019-10-24,7244.0,7318.0,7226.0,7304.0,88745.0,749589.0
2019-10-23,7180.0,7242.5,7162.5,7239.0,89979.0,745188.0
2019-10-22,7150.5,7208.0,7122.5,7189.5,85203.0,741378.0
2019-10-21,7131.5,7175.0,7119.0,7144.5,75320.0,741652.0
2019-10-18,7163.5,7174.5,7108.5,7138.0,92922.0,742945.0
2019-10-17,7143.0,7215.5,7134.5,7174.5,120457.0,745614.0
2019-10-16,7181.5,7194.0,7123.0,7148.0,111703.0,749825.0
2019-10-15,7211.5,7219.0,7150.5,7197.5,114722.0,750860.0
2019-10-14,7217.0,7233.5,7168.0,7185.0,78456.0,759201.0
2019-10-11,7137.0,7229.0,7117.5,7218.5,140966.0,762333.0
2019-10-10,7115.0,7188.5,7086.0,7173.0,106260.0,762340.0
2019-10-09,7105.5,7166.0,7105.5,7135.0,77860.0,762080.0
2019-10-08,7158.5,7195.0,7104.0,7128.0,97632.0,757869.0
2019-10-07,7129.0,7184.5,7100.0,7165.0,77880.0,759891.0
2019-10-04,7085.0,7140.0,7045.0,7116.5,104208.0,765196.0
2019-10-03,7074.0,7088.5,6970.5,7045.5,166213.0,777319.0
2019-10-02,7288.5,7297.0,7052.5,7088.5,163097.0,781156.0
2019-10-01,7391.0,7398.5,7273.0,7324.0,105912.0,779762.0
2019-09-30,7373.5,7405.0,7366.0,7383.5,100177.0,777480.0
2019-09-27,7337.0,7406.0,7321.0,7388.5,94808.0,770298.0
2019-09-26,7272.0,7352.0,7237.5,7319.5,115799.0,763313.0
2019-09-25,7238.0,7277.0,7174.5,7247.5,93829.0,759728.0
2019-09-24,7325.5,7327.0,7208.0,7252.5,86513.0,757926.0
2019-09-23,7315.5,7326.0,7245.5,7293.0,76853.0,757355.0
2019-09-20,7300.0,7341.0,7275.0,7305.5,111932.0,755702.0
2019-09-19,7307.0,7373.5,7287.5,7364.5,102176.0,116853.0
2019-09-18,7315.5,7351.5,7299.0,7319.5,158051.0,264380.0
2019-09-17,7338.0,7351.5,7292.5,7319.5,220392.0,532501.0
2019-09-16,7307.0,7368.5,7306.5,7348.5,156307.0,686872.0
2019-09-13,7370.5,7382.5,7318.0,7375.5,199046.0,769459.0
2019-09-12,7382.5,7385.0,7304.5,7344.0,125740.0,791871.0
2019-09-11,7283.0,7355.0,7277.0,7340.0,135156.0,796672.0
2019-09-10,7246.0,7287.5,7202.0,7270.5,88037.0,798398.0
2019-09-09,7301.5,7329.5,7208.0,7232.5,84788.0,804763.0
2019-09-06,7264.0,7300.0,7246.5,7283.5,67623.0,807255.0
2019-09-05,7297.5,7354.0,7251.5,7269.5,101522.0,809931.0
2019-09-04,7264.5,7326.5,7256.0,7302.5,86937.0,807205.0
2019-09-03,7270.5,7310.5,7231.0,7253.0,120911.0,807254.0
2019-09-02,7201.0,7310.0,7197.5,7281.5,75225.0,798749.0
2019-08-30,7188.0,7234.5,7174.0,7180.5,100010.0,797627.0
2019-08-29,7099.0,7194.5,7080.0,7177.0,76397.0,796881.0
2019-08-28,7072.0,7126.0,7041.0,7119.5,89897.0,793532.0
2019-08-27,7107.0,7108.0,7036.5,7077.0,107806.0,798031.0
2019-08-26,,,,7104.0,,798322.0
2019-08-23,7116.0,7182.0,7018.5,7104.0,109101.0,797858.0
2019-08-22,7191.0,7199.0,7096.0,7107.5,104437.0,804104.0
2019-08-21,7085.0,7205.0,7078.0,7187.5,71931.0,799809.0
2019-08-20,7162.0,7221.0,7092.5,7110.0,96303.0,796731.0
2019-08-19,7140.0,7205.0,7121.5,7184.5,86990.0,798576.0
2019-08-16,7067.5,7120.0,7062.0,7106.5,98028.0,795168.0
2019-08-15,7073.5,7135.0,7007.5,7047.5,157369.0,791961.0
2019-08-14,7251.5,7251.5,7072.0,7093.5,131940.0,787393.0
2019-08-13,7183.0,7246.0,7129.0,7220.0,112720.0,788596.0
2019-08-12,7246.0,7268.5,7164.0,7200.0,82707.0,789273.0
2019-08-09,7242.0,7268.5,7199.0,7204.0,96834.0,791051.0
2019-08-08,7175.0,7261.0,7143.5,7230.5,118191.0,793886.0
2019-08-07,7111.0,7185.5,7082.0,7123.5,123514.0,794493.0
2019-08-06,7007.0,7171.0,6999.0,7104.0,159936.0,800461.0
2019-08-05,7297.5,7311.0,7093.5,7152.5,182470.0,805663.0
2019-08-02,7432.5,7442.0,7311.5,7336.0,171506.0,813711.0
2019-08-01,7500.0,7543.5,7418.5,7512.5,115455.0,812621.0
2019-07-31,7590.0,7597.5,7457.5,7535.5,116436.0,813819.0
2019-07-30,7626.0,7666.0,7563.5,7590.0,104677.0,805972.0
2019-07-29,7495.0,7647.0,7483.5,7633.5,132193.0,789924.0
2019-07-26,7415.0,7499.0,7411.0,7486.0,66688.0,785088.0
2019-07-25,7452.5,7478.5,7396.0,7435.5,114247.0,786095.0
2019-07-24,7502.5,7503.5,7410.0,7443.5,85678.0,790732.0
2019-07-23,7457.5,7533.5,7451.0,7504.5,86416.0,786136.0
2019-07-22,7452.0,7484.5,7423.5,7445.5,57363.0,785775.0
2019-07-19,7428.5,7481.0,7407.5,7441.0,78452.0,785227.0
2019-07-18,7446.0,7458.0,7415.5,7429.0,73673.0,788724.0
2019-07-17,7490.0,7512.5,7453.0,7466.5,62776.0,788428.0
2019-07-16,7473.0,7525.5,7462.0,7511.0,65489.0,783736.0
2019-07-15,7428.0,7484.0,7420.0,7478.5,65557.0,779653.0
2019-07-12,7470.0,7480.5,7428.5,7437.5,52001.0,780282.0
2019-07-11,7487.0,7497.0,7437.0,7450.0,62930.0,775352.0
2019-07-10,7484.0,7496.5,7451.5,7470.0,75268.0,768121.0
2019-07-09,7489.0,7491.0,7453.5,7474.5,65149.0,767568.0
2019-07-08,7493.5,7510.0,7469.5,7490.5,50072.0,765498.0
2019-07-05,7549.0,7549.0,7479.0,7490.5,67273.0,763681.0
2019-07-04,7555.0,7561.5,7535.0,7540.5,37235.0,759314.0
2019-07-03,7502.5,7560.0,7496.0,7548.0,68361.0,752632.0
2019-07-02,7442.5,7502.5,7435.5,7498.0,85026.0,748118.0
2019-07-01,7425.0,7467.5,7400.5,7437.5,91474.0,733179.0
2019-06-28,7352.5,7375.5,7331.0,7369.0,75716.0,731911.0
2019-06-27,7342.0,7377.0,7310.5,7339.5,67578.0,730555.0
2019-06-26,7329.5,7367.0,7326.0,7350.0,50722.0,733112.0
2019-06-25,7341.0,7360.5,7301.0,7356.0,62210.0,733021.0
2019-06-24,7313.5,7366.5,7306.5,7341.0,63186.0,732967.0
2019-06-21,7366.0,7388.5,7307.5,7318.0,115144.0,738976.0
2019-06-20,7435.0,7462.5,7414.5,7434.5,86742.0,121389.0
2019-06-19,7457.0,7460.0,7390.0,7402.0,183142.0,235613.0
2019-06-18,7374.5,7470.5,7345.0,7457.0,203115.0,463894.0
2019-06-17,7374.0,7376.0,7325.5,7364.5,246160.0,675608.0
2019-06-14,7368.0,7385.5,7316.5,7348.0,97584.0,721800.0
2019-06-13,7367.5,7401.0,7340.5,7368.0,76366.0,728443.0
2019-06-12,7387.5,7392.0,7327.0,7365.5,73055.0,731491.0
2019-06-11,7366.0,7420.0,7358.0,7397.0,89664.0,732112.0
2019-06-10,7354.0,7382.0,7346.0,7376.0,64889.0,728148.0
2019-06-07,7268.5,7346.0,7261.0,7324.0,89927.0,721391.0
2019-06-06,7223.0,7283.5,7211.0,7257.0,82152.0,721477.0
2019-06-05,7227.5,7251.0,7191.5,7209.5,77580.0,720003.0
2019-06-04,7160.0,7218.5,7128.0,7212.5,94181.0,720165.0
2019-06-03,7108.0,7184.0,7069.0,7175.0,97274.0,719042.0
2019-05-31,7181.0,7190.5,7121.0,7151.0,114992.0,716324.0
2019-05-30,7183.0,7229.0,7170.5,7213.0,76171.0,712815.0
2019-05-29,7236.5,7236.5,7136.5,7165.0,103587.0,711098.0
2019-05-28,7296.0,7303.0,7225.5,7262.5,97627.0,711115.0
2019-05-27,,,,7263.5,,711329.0
2019-05-24,7210.0,7292.0,7209.5,7263.5,72110.0,705827.0
2019-05-23,7316.0,7316.0,7198.0,7218.0,98480.0,705903.0
2019-05-22,7343.0,7360.5,7299.0,7329.0,78211.0,695381.0
2019-05-21,7298.0,7356.0,7294.0,7312.5,71062.0,691383.0
2019-05-20,7347.5,7357.0,7252.5,7288.0,76731.0,688943.0
2019-05-17,7338.0,7341.0,7292.5,7335.5,90931.0,691986.0
2019-05-16,7264.0,7349.0,7234.0,7337.0,99171.0,695927.0
2019-05-15,7212.0,7277.0,7185.0,7259.0,109310.0,693421.0
2019-05-14,7100.0,7222.5,7095.0,7195.5,93938.0,698678.0
2019-05-13,7187.0,7191.5,7107.5,7130.0,89719.0,699535.0
2019-05-10,7206.0,7243.5,7148.0,7174.5,82122.0,699183.0
2019-05-09,7218.5,7228.5,7151.5,7153.5,105559.0,701836.0
2019-05-08,7170.5,7236.5,7170.5,7222.0,114229.0,710102.0
2019-05-07,7267.5,7326.5,7167.0,7206.0,134995.0,710078.0
2019-05-06,,,,7329.0,,710501.0
2019-05-03,7296.5,7371.5,7292.5,7329.0,73581.0,709575.0
2019-05-02,7279.5,7348.0,7279.0,7301.5,88735.0,709968.0
2019-05-01,7399.5,7411.0,7294.5,7332.0,50105.0,711608.0
2019-04-30,7405.0,7408.0,7344.0,7371.5,80329.0,710626.0
2019-04-29,7394.5,7412.5,7356.5,7393.0,53976.0,706857.0
2019-04-26,7389.0,7400.0,7351.0,7377.5,61533.0,701460.0
2019-04-25,7420.0,7435.5,7358.0,7383.5,80706.0,698160.0
2019-04-24,7468.5,7468.5,7401.5,7414.0,76685.0,699898.0
2019-04-23,7437.5,7474.0,7411.0,7466.5,77356.0,699649.0
2019-04-22,,,,7407.5,,699671.0
2019-04-18,7413.0,7437.0,7381.0,7407.5,73563.0,701404.0
2019-04-17,7400.0,7421.0,7388.0,7412.0,68876.0,698671.0
2019-04-16,7387.5,7429.5,7380.0,7414.5,77111.0,698442.0
2019-04-15,7392.5,7392.5,7362.5,7379.0,55038.0,697647.0
2019-04-12,7377.0,7398.5,7357.5,7370.0,66824.0,698523.0
2019-04-11,7358.5,7386.0,7325.5,7362.0,79957.0,696042.0
2019-04-10,7359.5,7378.0,7344.0,7357.5,72722.0,689601.0
2019-04-09,7399.0,7414.5,7348.0,7368.5,89118.0,687625.0
2019-04-08,7404.5,7404.5,7355.5,7375.0,82981.0,685870.0
2019-04-05,7346.0,7400.0,7337.0,7395.5,76069.0,684600.0
2019-04-04,7333.0,7355.0,7304.5,7341.5,76730.0,683328.0
2019-04-03,7302.0,7354.5,7295.5,7341.0,80877.0,683647.0
2019-04-02,7255.5,7331.0,7255.5,7322.0,88595.0,675019.0
2019-04-01,7235.0,7279.0,7221.5,7248.0,82954.0,678959.0
2019-03-29,7191.5,7220.0,7160.5,7211.5,96431.0,667465.0
2019-03-28,7117.0,7193.0,7112.5,7162.5,72210.0,662184.0
2019-03-27,7130.5,7151.0,7081.5,7107.5,80609.0,656778.0
2019-03-26,7122.5,7144.5,7092.0,7127.5,71164.0,654743.0
2019-03-25,7081.5,7131.0,7068.0,7107.5,88857.0,659652.0
2019-03-22,7282.5,7282.5,7108.5,7130.0,109808.0,658871.0
2019-03-21,7239.0,7294.5,7216.5,7285.0,100692.0,651516.0
2019-03-20,7205.0,7259.5,7190.5,7217.0,88928.0,648407.0
2019-03-19,7208.5,7267.5,7202.5,7246.0,78678.0,649814.0
2019-03-18,7149.5,7221.5,7142.0,7209.5,67507.0,647506.0
2019-03-15,7102.5,7161.5,7102.5,7148.5,94160.0,641324.0
2019-03-14,7140.5,7216.5,7133.0,7191.5,93483.0,125708.0
2019-03-13,7152.5,7181.5,7121.5,7146.5,175476.0,259997.0
2019-03-12,7140.0,7165.5,7080.0,7159.0,215502.0,456992.0
2019-03-11,7125.5,7181.0,7108.5,7127.5,171900.0,584001.0
2019-03-08,7134.0,7141.0,7074.5,7112.0,142004.0,634432.0
2019-03-07,7158.0,7191.5,7124.0,7143.0,119451.0,654634.0
2019-03-06,7153.5,7197.5,7149.5,7183.0,93879.0,649188.0
2019-03-05,7118.0,7178.0,7101.5,7173.5,88541.0,647096.0
2019-03-04,7123.0,7153.5,7081.0,7119.0,101018.0,651446.0
2019-03-01,7078.0,7117.0,7077.0,7087.0,103252.0,653541.0
2019-02-28,7076.0,7086.5,7027.0,7075.5,124429.0,657831.0
2019-02-27,7107.5,7127.5,7054.0,7080.5,111265.0,656082.0
2019-02-26,7137.5,7143.5,7063.0,7134.5,112257.0,650293.0
2019-02-25,7169.0,7186.5,7127.5,7158.0,66347.0,652032.0
2019-02-22,7145.0,7195.5,7136.5,7160.0,71977.0,654481.0
2019-02-21,7190.0,7213.5,7114.5,7134.5,106956.0,655377.0
2019-02-20,7136.5,7199.0,7121.5,7182.5,100452.0,656704.0
2019-02-19,7180.0,7189.0,7116.5,7131.0,112109.0,656499.0
2019-02-18,7201.5,7203.5,7163.0,7169.5,65801.0,658548.0
2019-02-15,7158.5,7217.5,7134.5,7194.5,103461.0,663171.0
2019-02-14,7125.5,7188.5,7122.0,7161.5,102422.0,658113.0
2019-02-13,7096.5,7142.0,7081.0,7127.5,93945.0,659154.0
2019-02-12,7066.0,7105.5,7057.0,7074.5,71506.0,667292.0
2019-02-11,7037.5,7086.5,7022.5,7070.5,87175.0,664759.0
2019-02-08,7045.0,7053.0,7000.5,7012.5,81053.0,660338.0
2019-02-07,7095.5,7124.5,7026.0,7039.0,107080.0,656929.0
2019-02-06,7109.5,7121.0,7081.0,7108.0,90504.0,656185.0
2019-02-05,6993.5,7124.0,6989.0,7110.0,114592.0,655712.0
2019-02-04,6965.0,7003.5,6939.0,6966.5,82901.0,650985.0
2019-02-01,6926.5,6971.0,6902.0,6961.0,94684.0,654236.0
2019-01-31,6878.5,6933.0,6869.0,6902.5,120516.0,653174.0
2019-01-30,6809.0,6907.0,6789.5,6872.5,103741.0,652680.0
2019-01-29,6686.0,6812.0,6686.0,6770.0,104545.0,648297.0
2019-01-28,6730.0,6752.5,6671.0,6689.5,83476.0,647444.0
2019-01-25,6773.5,6799.0,6731.0,6748.5,95535.0,638336.0
2019-01-24,6784.0,6795.0,6740.5,6767.0,91690.0,638625.0
2019-01-23,6808.5,6836.0,6749.0,6783.0,96016.0,639211.0
2019-01-22,6906.5,6914.0,6787.0,6837.5,80673.0,639482.0
2019-01-21,6939.0,6939.0,6895.0,6901.5,42597.0,640469.0
2019-01-18,6793.5,6941.5,6793.5,6914.5,107786.0,638017.0
2019-01-17,6795.0,6799.5,6736.0,6772.0,75814.0,637330.0
2019-01-16,6817.5,6851.5,6782.0,6794.5,79419.0,639351.0
2019-01-15,6817.5,6880.0,6786.0,6838.0,82044.0,637195.0
2019-01-14,6837.0,6847.0,6778.5,6785.5,72529.0,637119.0
2019-01-11,6891.5,6941.5,6838.0,6851.0,82964.0,634580.0
2019-01-10,6830.0,6909.0,6798.5,6866.0,83829.0,633966.0
2019-01-09,6840.0,6885.0,6829.0,6856.5,86206.0,633207.0
2019-01-08,6768.0,6840.0,6739.5,6819.5,90212.0,636643.0
2019-01-07,6791.0,6811.5,6713.5,6743.5,86122.0,648333.0
2019-01-04,6625.0,6801.5,6618.0,6774.5,110717.0,648796.0
2019-01-03,6637.5,6692.5,6616.5,6641.0,96220.0,659443.0
2019-01-02,6695.0,6701.5,6537.0,6667.0,103397.0,658242.0
2018-12-31,6698.0,6698.0,6655.0,6659.0,28308.0,661246.0
2018-12-28,6593.0,6695.0,6564.5,6666.5,123106.0,658292.0
2018-12-27,6633.0,6692.5,6475.0,6529.5,134692.0,659948.0
2018-12-26,,,,6611.5,,662670.0
2018-12-24,6579.0,6632.5,6570.0,6611.5,22489.0,662233.0
2018-12-21,6635.5,6684.5,6560.5,6639.0,188391.0,643295.0
2018-12-20,6696.5,6766.0,6632.5,6718.0,170155.0,126353.0
2018-12-19,6695.0,6794.5,6663.5,6783.5,190090.0,216365.0
2018-12-18,6749.0,6765.0,6684.5,6716.5,244747.0,411388.0
2018-12-17,6820.5,6856.0,6693.5,6787.0,213097.0,537873.0
2018-12-14,6841.5,6869.5,6789.5,6834.0,129264.0,588992.0
2018-12-13,6859.0,6912.5,6847.0,6878.0,134540.0,628442.0
2018-12-12,6845.0,6904.5,6827.5,6890.0,124165.0,632378.0
2018-12-11,6759.0,6860.5,6743.5,6835.0,126095.0,638837.0
2018-12-10,6746.5,6819.0,6713.5,6733.0,148802.0,645412.0
2018-12-07,6787.0,6870.5,6734.5,6793.5,145637.0,638985.0
2018-12-06,6896.5,6896.5,6671.0,6677.5,207930.0,639546.0
2018-12-05,6949.0,6979.5,6910.0,6935.0,77062.0,645833.0
2018-12-04,7085.0,7100.0,6926.5,7032.0,115553.0,640201.0
2018-12-03,7068.5,7148.5,7046.0,7078.5,135685.0,641416.0
2018-11-30,7051.5,7051.5,6960.5,6969.0,139926.0,622815.0
2018-11-29,7070.0,7082.5,7019.0,7058.0,118297.0,623075.0
2018-11-28,7040.0,7077.5,6988.5,7008.5,79800.0,619031.0
2018-11-27,7016.5,7087.0,6984.5,7023.5,83983.0,619627.0
2018-11-26,6953.0,7052.5,6953.0,7045.0,95498.0,609563.0
2018-11-23,6975.0,6990.0,6913.5,6954.0,61845.0,611388.0
2018-11-22,7050.0,7059.0,6946.0,6967.0,66234.0,611045.0
2018-11-21,6925.0,7061.0,6917.5,7048.5,98213.0,603805.0
2018-11-20,6982.5,7003.5,6897.0,6946.5,123882.0,592864.0
2018-11-19,7015.5,7066.0,6964.5,6998.0,92959.0,592864.0
2018-11-16,7081.5,7088.5,6962.5,7026.0,128184.0,592118.0
2018-11-15,7004.0,7094.0,6973.5,7023.0,157615.0,584932.0
2018-11-14,7028.0,7094.5,6958.0,7013.0,124239.0,576563.0
2018-11-13,7019.0,7083.0,6995.0,7036.0,99585.0,572048.0
2018-11-12,7100.0,7155.5,7024.0,7041.0,84471.0,566129.0
2018-11-09,7101.5,7115.5,7050.0,7088.0,85261.0,567656.0
2018-11-08,7129.0,7152.5,7094.0,7114.0,83678.0,565507.0
2018-11-07,7025.5,7130.5,7023.5,7079.0,91227.0,565835.0
2018-11-06,7091.0,7099.5,7001.5,7018.5,95867.0,571295.0
2018-11-05,7068.0,7116.0,7052.0,7086.5,79436.0,576145.0
2018-11-02,7095.5,7170.5,7046.5,7070.0,105634.0,581168.0
2018-11-01,7089.0,7139.5,7050.5,7071.0,130695.0,579767.0
2018-10-31,7053.0,7137.0,7051.5,7111.0,135535.0,587763.0
2018-10-30,6965.0,7061.0,6956.0,7021.0,117984.0,595924.0
2018-10-29,6934.5,7060.5,6891.5,7005.5,135813.0,595986.0
2018-10-26,6900.0,6954.5,6824.0,6875.0,164503.0,601889.0
2018-10-25,6879.0,7003.0,6860.5,6974.0,129949.0,605883.0
2018-10-24,6984.0,7023.5,6865.0,6941.0,111741.0,608563.0
2018-10-23,7007.5,7011.0,6900.5,6945.5,144838.0,609826.0
2018-10-22,6991.5,7088.0,6979.0,7021.0,90375.0,609078.0
2018-10-19,6983.5,7044.5,6983.0,7025.0,105580.0,606188.0
2018-10-18,7030.0,7052.0,6954.5,7007.5,99073.0,611656.0
2018-10-17,7051.5,7068.0,6991.0,7017.0,99457.0,610865.0
2018-10-16,6998.5,7058.0,6970.0,7032.0,95704.0,613238.0
2018-10-15,6991.5,7017.0,6933.0,7003.5,94289.0,604177.0
2018-10-12,6941.0,7047.0,6927.0,6970.0,168855.0,603938.0
2018-10-11,7059.0,7062.0,6892.0,6983.0,238123.0,597539.0
2018-10-10,7183.0,7209.0,7060.0,7125.5,130503.0,594306.0
2018-10-09,7215.0,7220.5,7150.0,7209.0,113507.0,602253.0
2018-10-08,7285.5,7290.5,7189.5,7207.0,96086.0,599201.0
2018-10-05,7388.0,7415.5,7264.0,7291.5,107667.0,602963.0
2018-10-04,7478.0,7500.0,7362.5,7390.0,103333.0,605030.0
2018-10-03,7449.5,7499.0,7441.0,7484.0,73451.0,597693.0
2018-10-02,7464.0,7464.0,7408.5,7446.5,83326.0,600367.0
2018-10-01,7491.0,7491.0,7424.0,7467.5,82648.0,600296.0
2018-09-28,7502.0,7521.5,7438.0,7486.5,116008.0,599486.0
2018-09-27,7456.0,7523.0,7448.5,7514.0,82466.0,602136.0
2018-09-26,7439.0,7485.5,7439.0,7475.5,76234.0,607129.0
2018-09-25,7416.0,7479.0,7407.5,7467.5,77008.0,609600.0
2018-09-24,7421.0,7449.5,7411.5,7425.0,75883.0,608204.0
2018-09-21,7352.5,7465.5,7344.0,7438.5,139348.0,597944.0
2018-09-20,7342.5,7387.5,7323.0,7365.5,125264.0,124997.0
2018-09-19,7310.0,7346.0,7278.0,7328.5,177124.0,225168.0
2018-09-18,7233.5,7322.5,7228.5,7296.0,234123.0,419458.0
2018-09-17,7308.0,7319.5,7265.0,7300.0,125242.0,552903.0
2018-09-14,7299.0,7324.0,7281.5,7307.0,115043.0,598407.0
2018-09-13,7294.0,7320.5,7274.5,7279.0,95399.0,618939.0
2018-09-12,7269.0,7326.0,7251.0,7309.5,109169.0,631862.0
2018-09-11,7276.0,7296.0,7221.0,7269.5,93022.0,624875.0
2018-09-10,7272.0,7310.5,7257.0,7280.5,81928.0,629720.0
2018-09-07,7322.0,7337.5,7228.0,7278.5,130910.0,641085.0
2018-09-06,7384.0,7399.5,7309.0,7317.0,105591.0,652691.0
2018-09-05,7450.0,7453.0,7351.0,7381.5,123832.0,650641.0
2018-09-04,7482.0,7529.0,7431.0,7453.5,90597.0,651422.0
2018-09-03,7440.0,7512.0,7423.0,7498.0,70028.0,655827.0
2018-08-31,7479.0,7504.5,7413.0,7424.0,105260.0,659167.0
2018-08-30,7558.5,7570.0,7482.0,7507.5,86261.0,663246.0
2018-08-29,7617.0,7640.5,7538.0,7557.5,92005.0,660685.0
2018-08-28,7599.5,7633.0,7588.5,7623.0,82399.0,657903.0
2018-08-27,,,,7579.0,,658506.0
2018-08-24,7543.0,7582.5,7531.0,7579.0,54394.0,660267.0
2018-08-23,7566.0,7598.0,7532.0,7560.0,65953.0,660513.0
2018-08-22,7530.0,7600.5,7510.0,7572.0,68433.0,660848.0
2018-08-21,7581.5,7594.0,7543.5,7565.5,64601.0,664830.0
2018-08-20,7551.0,7609.5,7541.0,7593.0,70157.0,664185.0
2018-08-17,7541.5,7573.5,7505.0,7546.0,81198.0,664584.0
2018-08-16,7476.5,7566.5,7476.5,7556.0,86852.0,667153.0
2018-08-15,7615.0,7626.5,7451.0,7458.0,129556.0,670302.0
2018-08-14,7638.0,7652.0,7576.0,7602.0,72554.0,671245.0
2018-08-13,7644.5,7644.5,7591.0,7628.0,73891.0,672126.0
2018-08-10,7733.0,7733.0,7633.5,7645.0,92904.0,681363.0
2018-08-09,7714.0,7757.5,7692.0,7723.0,69275.0,681970.0
2018-08-08,7649.5,7731.5,7647.5,7714.0,83386.0,673278.0
2018-08-07,7614.0,7693.5,7601.5,7667.0,78855.0,667023.0
2018-08-06,7607.5,7635.5,7576.0,7600.5,58327.0,667628.0
2018-08-03,7568.0,7621.5,7529.5,7606.0,81598.0,667931.0
2018-08-02,7577.5,7594.0,7475.0,7517.5,119744.0,673567.0
2018-08-01,7688.0,7697.5,7571.0,7589.0,116036.0,680140.0
2018-07-31,7628.0,7723.5,7622.5,7703.0,111593.0,672323.0
2018-07-30,7614.5,7658.0,7590.5,7643.0,59029.0,672863.0
2018-07-27,7619.0,7658.0,7607.0,7644.5,67465.0,675082.0
2018-07-26,7614.5,7626.0,7580.5,7609.0,72190.0,672301.0
2018-07-25,7644.5,7654.0,7576.5,7593.0,85782.0,681206.0
2018-07-24,7615.5,7678.5,7584.5,7660.0,85895.0,670891.0
2018-07-23,7597.5,7616.0,7557.5,7595.0,56217.0,670537.0
2018-07-20,7626.5,7643.5,7568.0,7617.5,83501.0,669654.0
2018-07-19,7611.0,7642.5,7597.5,7626.5,68614.0,663784.0
2018-07-18,7596.5,7626.5,7587.5,7617.5,70726.0,659185.0
2018-07-17,7550.0,7621.5,7518.5,7573.0,75534.0,660762.0
2018-07-16,7618.5,7628.0,7502.0,7537.0,76832.0,658430.0
2018-07-13,7618.5,7656.5,7596.5,7605.0,58889.0,658204.0
2018-07-12,7526.0,7614.0,7526.0,7593.0,67920.0,652931.0
2018-07-11,7612.0,7612.0,7505.5,7532.5,92663.0,655688.0
2018-07-10,7650.0,7654.5,7614.5,7636.0,66656.0,650605.0
2018-07-09,7567.0,7651.5,7562.0,7632.5,77191.0,646068.0
2018-07-06,7552.0,7589.0,7508.0,7548.0,67092.0,646773.0
2018-07-05,7513.0,7564.5,7501.5,7540.5,70962.0,646740.0
2018-07-04,7511.5,7527.0,7497.5,7507.5,35095.0,646939.0
2018-07-03,7502.5,7571.5,7482.5,7522.0,85110.0,650777.0
2018-07-02,7572.0,7574.0,7475.0,7496.0,103173.0,649741.0
2018-06-29,7594.5,7647.0,7553.5,7601.5,117967.0,652368.0
2018-06-28,7530.0,7595.5,7513.5,7551.0,109108.0,649979.0
2018-06-27,7499.5,7574.5,7446.5,7546.0,116798.0,639967.0
2018-06-26,7429.0,7516.5,7427.5,7492.0,92463.0,638643.0
2018-06-25,7590.0,7609.5,7421.5,7441.5,115627.0,643982.0
2018-06-22,7484.0,7632.0,7482.5,7622.0,104366.0,635717.0
2018-06-21,7594.0,7617.5,7480.5,7491.0,103936.0,637448.0
2018-06-20,7568.5,7638.0,7551.0,7574.0,98244.0,629179.0
2018-06-19,7575.5,7575.5,7475.0,7536.0,96696.0,622122.0
2018-06-18,7586.5,7598.5,7533.0,7564.5,77342.0,622347.0
2018-06-15,7707.5,7716.0,7560.5,7581.5,148459.0,625827.0
2018-06-14,7688.5,7795.5,7650.0,7788.5,156670.0,126579.0
2018-06-13,7691.0,7744.5,7675.0,7708.5,197128.0,228985.0
2018-06-12,7754.0,7768.0,7694.0,7708.0,282349.0,417849.0
2018-06-11,7686.5,7772.5,7681.5,7749.5,183588.0,526443.0
2018-06-08,7682.0,7715.0,7636.5,7679.0,169656.0,578423.0
2018-06-07,7724.5,7770.0,7664.0,7711.5,165496.0,613348.0
2018-06-06,7677.0,7732.0,7659.0,7702.5,104903.0,630209.0
2018-06-05,7722.5,7732.0,7656.5,7678.0,90352.0,629989.0
2018-06-04,7696.0,7761.0,7689.5,7726.5,97071.0,633034.0
2018-06-01,7674.5,7735.5,7672.5,7684.5,106303.0,637184.0
2018-05-31,7691.5,7717.0,7638.0,7670.0,153328.0,641110.0
2018-05-30,7605.0,7706.0,7593.0,7654.5,108708.0,650520.0
2018-05-29,7694.0,7694.0,7575.0,7620.0,141837.0,644165.0
2018-05-28,,,,7720.5,,644244.0
2018-05-25,7725.0,7753.0,7686.5,7720.5,97863.0,636950.0
2018-05-24,7783.0,7796.0,7694.0,7721.0,118131.0,630082.0
2018-05-23,7846.5,7856.5,7746.0,7768.5,137051.0,621979.0
2018-05-22,7839.5,7885.5,7829.0,7879.5,111527.0,618189.0
2018-05-21,7766.0,7855.5,7766.0,7846.5,92022.0,615654.0
2018-05-18,7763.5,7774.0,7734.0,7761.0,101883.0,669438.0
2018-05-17,7733.0,7781.0,7696.5,7762.5,98983.0,620179.0
2018-05-16,7693.0,7736.0,7688.0,7719.5,78998.0,621671.0
2018-05-15,7693.0,7728.0,7661.5,7709.0,99059.0,623598.0
2018-05-14,7707.0,7707.0,7663.0,7686.0,77687.0,624097.0
2018-05-11,7689.5,7706.0,7667.0,7704.0,85594.0,626892.0
2018-05-10,7657.0,7690.0,7606.0,7681.5,114342.0,630463.0
2018-05-09,7532.5,7662.5,7519.0,7611.5,147374.0,626656.0
2018-05-08,7546.0,7557.0,7497.0,7522.0,105607.0,620018.0
2018-05-07,,,,7523.0,,620458.0
2018-05-04,7502.0,7544.0,7473.5,7523.0,86317.0,617094.0
2018-05-03,7492.5,7511.0,7446.0,7460.5,116379.0,616070.0
2018-05-02,7492.0,7525.0,7471.0,7506.5,115143.0,619586.0
2018-05-01,7469.0,7502.5,7449.0,7470.5,66880.0,622485.0
2018-04-30,7486.0,7499.0,7445.5,7460.0,109098.0,624813.0
2018-04-27,7405.0,7471.5,7375.0,7458.5,99576.0,631065.0
2018-04-26,7341.5,7401.5,7309.0,7372.0,99527.0,631561.0
2018-04-25,7332.0,7351.5,7280.0,7326.5,104680.0,632707.0
2018-04-24,7367.0,7383.0,7296.0,7365.5,99617.0,630655.0
2018-04-23,7322.0,7354.0,7304.5,7348.0,83352.0,629884.0
2018-04-20,7292.5,7320.5,7285.0,7309.0,95975.0,630425.0
2018-04-19,7268.0,7301.0,7240.5,7274.0,91991.0,629072.0
2018-04-18,7174.5,7267.5,7170.0,7257.5,83865.0,632628.0
2018-04-17,7137.0,7184.5,7124.0,7172.5,75630.0,637242.0
2018-04-16,7212.0,7228.5,7124.0,7139.5,88591.0,631272.0
2018-04-13,7190.0,7208.0,7173.5,7200.0,70097.0,633032.0
2018-04-12,7174.5,7203.0,7160.0,7188.5,70742.0,631106.0
2018-04-11,7179.5,7202.5,7160.5,7184.0,82937.0,628970.0
2018-04-10,7104.0,7199.0,7095.0,7189.0,93297.0,633585.0
2018-04-09,7092.0,7146.5,7071.5,7114.0,80142.0,639925.0
2018-04-06,7091.0,7141.0,7041.0,7097.5,97924.0,637013.0
2018-04-05,7030.0,7147.5,7019.0,7122.0,113513.0,636134.0
2018-04-04,6954.5,7025.5,6888.5,6952.5,108897.0,635558.0
2018-04-03,6888.0,6982.0,6888.0,6954.0,116848.0,637958.0
2018-04-02,,,,6993.5,,639210.0
2018-03-29,6943.5,7026.0,6928.0,6993.5,119940.0,638032.0
2018-03-28,6846.0,6977.0,6836.0,6943.5,147024.0,632524.0
2018-03-27,6864.5,6957.5,6827.0,6906.5,121063.0,629075.0
2018-03-26,6790.0,6872.5,6780.0,6799.0,109414.0,626738.0
2018-03-23,6777.0,6867.5,6766.5,6847.0,144559.0,611437.0
2018-03-22,6948.0,6954.5,6804.5,6862.0,136183.0,605611.0
2018-03-21,6969.0,6987.0,6910.0,6948.5,79934.0,599236.0
2018-03-20,6974.0,6994.5,6954.5,6989.5,86745.0,591927.0
2018-03-19,7057.5,7068.5,6936.5,6954.0,114981.0,579974.0
2018-03-16,7054.0,7102.5,7038.5,7077.0,113207.0,574624.0
2018-03-15,7106.0,7163.5,7105.5,7146.0,154692.0,91543.0
2018-03-14,7117.5,7175.0,7103.5,7141.0,196549.0,232393.0
2018-03-13,7196.5,7222.0,7102.5,7132.0,325481.0,429216.0
2018-03-12,7241.0,7251.0,7185.5,7210.5,161531.0,526380.0
2018-03-09,7204.5,7238.5,7185.5,7217.5,168685.0,583057.0
2018-03-08,7127.5,7213.5,7127.5,7203.5,102563.0,600545.0
2018-03-07,7108.0,7170.5,7071.5,7145.5,89163.0,602882.0
2018-03-06,7144.0,7188.0,7126.5,7140.5,95786.0,608298.0
2018-03-05,7103.5,7143.0,7050.5,7106.0,108225.0,609424.0
2018-03-02,7120.5,7152.0,7052.0,7070.0,133551.0,608891.0
2018-03-01,7204.5,7219.0,7085.0,7149.0,155199.0,605738.0
2018-02-28,7244.5,7277.5,7188.5,7226.0,115847.0,609940.0
2018-02-27,7311.0,7319.5,7221.5,7263.5,84410.0,610954.0
2018-02-26,7251.0,7309.0,7242.5,7283.0,70612.0,607723.0
2018-02-23,7228.5,7262.0,7203.5,7227.0,65701.0,604979.0
2018-02-22,7198.5,7248.0,7169.0,7245.0,105985.0,606895.0
2018-02-21,7193.5,7264.0,7174.5,7254.0,82609.0,605592.0
2018-02-20,7229.5,7232.5,7165.5,7210.0,81061.0,610599.0
2018-02-19,7271.0,7293.5,7202.5,7209.0,47233.0,612025.0
2018-02-16,7227.5,7270.5,7217.0,7259.0,106189.0,618624.0
2018-02-15,7197.5,7232.0,7169.5,7196.0,104218.0,623069.0
2018-02-14,7145.0,7198.5,7084.0,7164.0,137779.0,610673.0
2018-02-13,7131.5,7155.5,7102.0,7113.5,102032.0,612500.0
2018-02-12,7079.5,7154.0,7076.5,7121.0,130150.0,611488.0
2018-02-09,7040.0,7109.5,6919.5,7016.0,206531.0,610064.0
2018-02-08,7161.0,7200.0,7034.5,7105.5,193865.0,626077.0
2018-02-07,7180.0,7251.0,7100.5,7221.0,194419.0,641409.0
2018-02-06,6976.5,7247.5,6860.0,7099.5,325128.0,649258.0
2018-02-05,7272.0,7332.5,7052.0,7281.0,163043.0,658699.0
2018-02-02,7424.0,7440.5,7335.0,7385.0,102122.0,659253.0
2018-02-01,7481.0,7507.5,7415.0,7428.0,121491.0,662587.0
2018-01-31,7520.0,7549.5,7463.5,7467.0,109879.0,664572.0
2018-01-30,7606.5,7606.5,7519.5,7542.5,107418.0,663961.0
2018-01-29,7653.5,7656.5,7594.5,7616.5,76549.0,657266.0
2018-01-26,7581.0,7643.0,7567.5,7611.0,80407.0,658252.0
2018-01-25,7595.0,7607.5,7553.5,7556.0,97101.0,656017.0
2018-01-24,7680.0,7682.5,7567.0,7605.0,105294.0,653083.0
2018-01-23,7679.0,7692.0,7656.0,7676.5,90317.0,653983.0
2018-01-22,7669.0,7684.5,7648.0,7653.0,69978.0,657543.0
2018-01-19,7645.0,7685.0,7632.5,7674.0,85164.0,655321.0
2018-01-18,7677.0,7686.0,7628.5,7637.0,88212.0,647388.0
2018-01-17,7673.5,7692.0,7653.5,7660.5,85538.0,639118.0
2018-01-16,7708.0,7735.0,7656.5,7690.5,100430.0,631962.0
2018-01-15,7745.0,7745.0,7704.5,7711.0,37462.0,633148.0
2018-01-12,7718.0,7735.5,7693.0,7721.5,84145.0,630351.0
2018-01-11,7681.0,7716.0,7676.0,7707.0,64751.0,632297.0
2018-01-10,7674.0,7698.5,7657.5,7680.5,76647.0,631992.0
2018-01-09,7655.0,7676.5,7647.5,7670.5,63399.0,633989.0
2018-01-08,7674.0,7674.0,7632.0,7638.0,61108.0,633212.0
2018-01-05,7649.5,7670.5,7630.5,7653.5,67076.0,631222.0
2018-01-04,7638.0,7645.5,7614.0,7638.0,79897.0,633520.0
2018-01-03,7599.0,7639.0,7587.0,7620.5,72888.0,634273.0
2018-01-02,7639.5,7650.5,7571.0,7585.5,91130.0,631928.0
2017-12-29,7568.5,7650.0,7563.5,7638.0,45089.0,635419.0
2017-12-28,7562.0,7581.5,7556.0,7566.0,43217.0,633637.0
2017-12-27,7527.5,7574.0,7524.0,7560.0,55960.0,630665.0
2017-12-26,,,,7529.0,,630738.0
2017-12-22,7525.5,7555.5,7521.0,7529.0,32359.0,630148.0
2017-12-21,7465.5,7550.5,7457.0,7542.0,79562.0,638238.0
2017-12-20,7481.5,7491.0,7451.0,7460.5,76507.0,641671.0
2017-12-19,7486.5,7504.5,7468.0,7483.0,73916.0,639487.0
2017-12-18,7460.0,7487.5,7430.5,7474.5,83910.0,636267.0
2017-12-15,7382.0,7444.0,7374.5,7427.0,122143.0,626840.0
2017-12-14,7490.0,7494.5,7448.0,7461.5,125821.0,151812.0
2017-12-13,7481.5,7511.5,7470.0,7503.5,204533.0,261645.0
2017-12-12,7472.0,7503.0,7446.0,7498.5,236650.0,459846.0
2017-12-11,7400.0,7461.5,7400.0,7444.0,224604.0,559886.0
2017-12-08,7322.0,7412.5,7306.5,7396.0,137603.0,587997.0
2017-12-07,7346.0,7370.0,7301.0,7317.5,112426.0,619009.0
2017-12-06,7318.0,7369.0,7278.0,7346.0,86683.0,623413.0
2017-12-05,7317.0,7372.5,7306.5,7330.5,108427.0,629515.0
2017-12-04,7361.5,7370.0,7312.0,7339.5,103613.0,631240.0
2017-12-01,7300.0,7353.5,7276.5,7302.5,146059.0,640845.0
2017-11-30,7373.0,7416.5,7309.0,7329.0,156958.0,624689.0
2017-11-29,7439.5,7443.5,7352.0,7393.0,120921.0,625794.0
2017-11-28,7388.0,7473.0,7382.0,7466.5,138296.0,623775.0
2017-11-27,7424.0,7438.5,7380.5,7388.0,78420.0,643371.0
2017-11-24,7417.5,7425.0,7388.0,7414.5,59047.0,644164.0
2017-11-23,7408.5,7424.0,7371.0,7414.0,51032.0,643358.0
2017-11-22,7401.0,7454.0,7396.5,7408.5,82809.0,644020.0
2017-11-21,7390.5,7415.5,7359.5,7404.0,75212.0,639555.0
2017-11-20,7375.5,7394.0,7342.5,7385.0,74597.0,643301.0
2017-11-17,7389.5,7399.0,7348.5,7375.0,83326.0,646108.0
2017-11-16,7365.0,7394.0,7361.0,7381.5,76991.0,647199.0
2017-11-15,7374.5,7395.0,7336.0,7359.5,107169.0,641890.0
2017-11-14,7408.5,7419.0,7375.5,7393.0,71112.0,642211.0
2017-11-13,7427.0,7454.5,7382.5,7399.0,78698.0,643729.0
2017-11-10,7467.5,7481.0,7401.0,7414.5,88664.0,642733.0
2017-11-09,7507.0,7520.0,7437.0,7467.0,95179.0,644325.0
2017-11-08,7470.5,7508.5,7466.0,7498.0,69961.0,643062.0
2017-11-07,7538.5,7560.0,7465.5,7489.0,76677.0,647576.0
2017-11-06,7538.0,7543.5,7495.5,7536.5,48882.0,653039.0
2017-11-03,7543.0,7550.5,7512.0,7530.5,65363.0,652222.0
2017-11-02,7435.0,7541.0,7424.0,7529.0,116541.0,657593.0
2017-11-01,7469.5,7503.0,7436.0,7459.5,96701.0,668746.0
2017-10-31,7452.5,7486.5,7450.0,7467.5,75087.0,666856.0
2017-10-30,7470.0,7472.0,7444.5,7452.5,58140.0,671846.0
2017-10-27,7469.5,7491.5,7454.0,7479.5,69932.0,674002.0
2017-10-26,7430.0,7467.0,7414.5,7457.0,78234.0,676169.0
2017-10-25,7489.5,7497.0,7397.0,7413.0,107391.0,678847.0
2017-10-24,7480.5,7506.0,7475.0,7500.0,56885.0,675833.0
2017-10-23,7504.0,7511.5,7467.0,7494.5,51170.0,676880.0
2017-10-20,7504.5,7528.5,7484.5,7487.5,79314.0,679802.0
2017-10-19,7508.0,7512.0,7453.5,7489.0,84317.0,684519.0
2017-10-18,7508.0,7524.0,7490.5,7510.0,51277.0,684741.0
2017-10-17,7501.5,7519.5,7473.5,7499.5,69409.0,685381.0
2017-10-16,7524.0,7525.5,7485.0,7503.0,60127.0,686451.0
2017-10-13,7500.0,7523.5,7488.5,7519.0,68825.0,687523.0
2017-10-12,7501.5,7532.5,7491.0,7523.0,68600.0,690099.0
2017-10-11,7513.0,7514.5,7488.0,7494.5,23002.0,699934.0
2017-10-10,7463.0,7512.0,7457.0,7498.0,79848.0,705087.0
2017-10-09,7500.0,7508.0,7445.0,7466.5,63674.0,704013.0
2017-10-06,7474.0,7489.0,7471.0,7482.5,67284.0,704904.0
2017-10-05,7433.5,7473.0,7425.0,7461.0,79070.0,701765.0
2017-10-04,7426.0,7435.5,7412.0,7429.0,60048.0,702319.0
2017-10-03,7391.0,7428.5,7383.5,7426.0,62205.0,703359.0
2017-10-02,7344.0,7400.0,7334.0,7389.0,82466.0,706122.0
2017-09-29,7279.5,7341.5,7278.0,7329.5,101015.0,701750.0
2017-09-28,7283.0,7288.5,7246.5,7277.0,73311.0,708546.0
2017-09-27,7237.0,7287.0,7230.0,7267.0,91044.0,708887.0
2017-09-26,7262.5,7270.0,7229.5,7232.5,74322.0,713599.0
2017-09-25,7265.0,7279.0,7228.0,7265.5,62396.0,715732.0
2017-09-22,7214.5,7279.5,7190.5,7264.5,84294.0,715254.0
2017-09-21,7248.0,7251.5,7210.5,7226.0,60744.0,719438.0
2017-09-20,7234.0,7254.5,7206.0,7223.0,77052.0,723437.0
2017-09-19,7226.5,7244.5,7200.0,7231.0,79196.0,728370.0
2017-09-18,7170.0,7221.5,7170.0,7213.5,78518.0,736146.0
2017-09-15,7241.0,7254.0,7153.0,7169.0,134947.0,740443.0
2017-09-14,7385.5,7400.0,7286.5,7301.5,148862.0,98234.0
2017-09-13,7400.5,7403.0,7335.0,7388.0,199885.0,230132.0
2017-09-12,7430.0,7436.5,7386.0,7407.5,183669.0,498415.0
2017-09-11,7387.5,7435.5,7385.5,7407.5,157036.0,667041.0
2017-09-08,7396.5,7396.5,7357.0,7379.0,127913.0,720086.0
2017-09-07,7352.5,7413.5,7347.5,7395.5,91576.0,729425.0
2017-09-06,7336.5,7374.5,7313.0,7348.5,89539.0,745620.0
2017-09-05,7422.0,7433.0,7327.5,7369.5,93405.0,756328.0
2017-09-04,7418.0,7431.0,7394.0,7410.5,52623.0,760714.0
2017-09-01,7432.0,7457.0,7416.0,7443.5,70202.0,760669.0
2017-08-31,7379.0,7440.0,7370.0,7432.5,98891.0,752388.0
2017-08-30,7360.0,7377.0,7343.5,7365.0,64486.0,753100.0
2017-08-29,7361.0,7370.5,7280.5,7333.0,112922.0,764016.0
2017-08-28,,,,7407.5,,764260.0
2017-08-25,7406.0,7436.0,7391.0,7407.5,63878.0,761131.0
2017-08-24,7371.0,7434.0,7370.5,7415.5,78898.0,754719.0
2017-08-23,7386.5,7391.5,7348.5,7379.0,74436.0,753790.0
2017-08-22,7315.5,7384.5,7315.5,7377.5,68688.0,752251.0
2017-08-21,7311.0,7324.5,7286.0,7308.0,67613.0,753235.0
2017-08-18,7330.0,7352.5,7293.0,7319.5,106064.0,758336.0
2017-08-17,7403.0,7426.5,7332.5,7388.5,74799.0,760088.0
2017-08-16,7377.5,7431.5,7370.0,7419.0,79493.0,754193.0
2017-08-15,7355.5,7402.5,7337.0,7372.5,68880.0,753204.0
2017-08-14,7297.0,7362.0,7294.5,7347.5,72514.0,753506.0
2017-08-11,7331.0,7339.5,7276.0,7287.5,106258.0,754103.0
2017-08-10,7462.5,7467.0,7335.0,7368.5,91988.0,759415.0
2017-08-09,7453.0,7460.5,7417.5,7443.0,97284.0,753777.0
2017-08-08,7480.5,7496.5,7449.5,7486.5,60213.0,750804.0
2017-08-07,7467.0,7482.0,7458.5,7474.5,47183.0,747107.0
2017-08-04,7406.5,7465.0,7402.5,7456.5,64840.0,742642.0
2017-08-03,7359.0,7428.5,7325.5,7421.5,86387.0,733049.0
2017-08-02,7375.0,7378.5,7322.5,7343.5,66884.0,735026.0
2017-08-01,7316.0,7375.5,7316.0,7358.0,80060.0,725718.0
2017-07-31,7299.0,7359.5,7290.0,7310.0,91628.0,724513.0
2017-07-28,7356.5,7360.0,7274.5,7299.0,101726.0,735785.0
2017-07-27,7387.5,7398.5,7339.5,7378.0,75137.0,735527.0
2017-07-26,7378.0,7422.5,7369.5,7387.0,71105.0,732584.0
2017-07-25,7322.5,7389.5,7322.5,7378.0,86541.0,732734.0
2017-07-24,7391.0,7391.0,7290.5,7294.5,123669.0,752534.0
2017-07-21,7434.5,7452.0,7367.5,7390.5,98801.0,749904.0
2017-07-20,7371.5,7440.0,7370.0,7426.0,93601.0,742030.0
2017-07-19,7344.5,7381.0,7313.5,7358.0,70137.0,739513.0
2017-07-18,7339.5,7355.5,7292.0,7327.5,75698.0,746226.0
2017-07-17,7320.0,7366.5,7318.5,7349.5,59959.0,750635.0
2017-07-14,7356.5,7369.5,7296.5,7301.0,69012.0,759302.0
2017-07-13,7351.0,7368.5,7341.5,7351.5,62530.0,762951.0
2017-07-12,7292.0,7378.5,7285.5,7358.0,89781.0,759282.0
2017-07-11,7298.5,7323.5,7241.0,7260.0,77238.0,760823.0
2017-07-10,7307.5,7328.5,7280.5,7310.0,65524.0,760497.0
2017-07-07,7251.5,7307.5,7249.5,7280.5,66871.0,761137.0
2017-07-06,7311.5,7318.5,7239.5,7273.5,79882.0,768370.0
2017-07-05,7281.5,7323.5,7279.5,7300.0,78768.0,773298.0
2017-07-04,7298.5,7320.0,7273.5,7308.5,54289.0,777744.0
2017-07-03,7262.5,7324.5,7254.0,7313.0,84000.0,783497.0
2017-06-30,7285.5,7317.5,7232.5,7242.5,113025.0,794711.0
2017-06-29,7362.0,7393.5,7245.5,7293.0,111333.0,797337.0
2017-06-28,7338.0,7384.0,7316.5,7330.0,109670.0,804453.0
2017-06-27,7399.5,7399.5,7341.5,7371.0,79758.0,798002.0
2017-06-26,7370.0,7419.5,7362.0,7391.5,59617.0,794788.0
2017-06-23,7362.0,7380.5,7333.0,7370.0,57785.0,793413.0
2017-06-22,7372.0,7399.5,7335.0,7380.0,66262.0,798416.0
2017-06-21,7415.0,7415.0,7352.0,7397.0,85373.0,792263.0
2017-06-20,7483.0,7499.0,7385.5,7418.0,85937.0,795168.0
2017-06-19,7440.0,7479.0,7432.0,7466.0,58912.0,792682.0
2017-06-16,7364.5,7437.0,7364.5,7394.5,128542.0,800001.0
2017-06-15,7476.0,7485.0,7377.0,7424.0,170907.0,132518.0
2017-06-14,7505.0,7544.5,7459.5,7491.5,190951.0,271762.0
2017-06-13,7531.0,7551.0,7489.0,7496.0,225073.0,574990.0
2017-06-12,7505.0,7540.0,7478.0,7510.5,114871.0,692568.0
2017-06-09,7395.0,7545.5,7395.0,7523.5,145281.0,741129.0
2017-06-08,7476.0,7490.5,7445.5,7451.5,88747.0,796918.0
2017-06-07,7512.5,7544.5,7461.5,7466.5,109031.0,799602.0
2017-06-06,7525.0,7532.5,7491.0,7509.0,91969.0,791239.0
2017-06-05,7550.0,7553.0,7508.0,7513.5,61743.0,785943.0
2017-06-02,7565.0,7589.0,7528.0,7531.0,84219.0,785647.0
2017-06-01,7525.0,7565.0,7517.5,7536.0,85151.0,780716.0
2017-05-31,7514.0,7571.0,7498.5,7508.0,131549.0,777394.0
2017-05-30,7537.5,7537.5,7480.5,7508.5,84462.0,773870.0
2017-05-29,,,,7535.0,,774068.0
2017-05-26,7504.0,7538.5,7494.0,7535.0,73073.0,771770.0
2017-05-25,7508.0,7525.0,7480.5,7501.0,67672.0,772403.0
2017-05-24,7489.5,7505.5,7458.0,7496.5,59136.0,767754.0
2017-05-23,7483.5,7506.0,7462.5,7480.5,73497.0,766835.0
2017-05-22,7479.5,7501.5,7465.0,7478.5,70534.0,769669.0
2017-05-19,7455.5,7473.0,7437.5,7447.0,96724.0,770462.0
2017-05-18,7431.0,7468.5,7372.5,7419.5,133871.0,765684.0
2017-05-17,7460.0,7497.0,7413.5,7464.0,117474.0,755602.0
2017-05-16,7425.0,7498.0,7413.0,7487.5,89012.0,749924.0
2017-05-15,7406.5,7429.0,7396.0,7416.5,67586.0,750376.0
2017-05-12,7360.5,7403.0,7347.0,7392.0,70313.0,745503.0
2017-05-11,7342.0,7365.0,7331.0,7351.0,98073.0,745015.0
2017-05-10,7278.0,7349.5,7270.5,7338.5,86939.0,740896.0
2017-05-09,7259.0,7311.0,7249.0,7297.5,79276.0,736801.0
2017-05-08,7264.0,7286.0,7234.0,7241.0,77801.0,733999.0
2017-05-05,7206.5,7265.0,7176.0,7241.5,75398.0,731825.0
2017-05-04,7205.0,7232.5,7176.0,7200.0,86052.0,729041.0
2017-05-03,7199.5,7205.0,7167.0,7177.0,62070.0,731863.0
2017-05-02,7166.5,7212.5,7160.0,7195.5,88300.0,732376.0
2017-05-01,,,,7165.0,,732930.0
2017-04-28,7192.0,7197.0,7143.5,7165.0,93695.0,730705.0
2017-04-27,7210.0,7218.0,7173.0,7181.0,74928.0,734450.0
2017-04-26,7214.5,7247.5,7205.5,7242.5,73482.0,733037.0
2017-04-25,7202.5,7235.0,7201.5,7225.0,77281.0,732196.0
2017-04-24,7101.5,7225.5,7086.5,7209.0,132303.0,732102.0
2017-04-21,7063.5,7078.5,7046.5,7067.5,102729.0,733751.0
2017-04-20,7050.0,7071.5,7039.5,7065.0,107561.0,748177.0
2017-04-19,7050.0,7092.0,7033.5,7060.0,117183.0,753905.0
2017-04-18,7284.0,7289.0,7048.0,7102.0,163690.0,756516.0
2017-04-17,,,,7262.5,,756891.0
2017-04-13,7277.0,7290.0,7238.5,7262.5,89987.0,762990.0
2017-04-12,7324.5,7342.0,7276.0,7290.0,81373.0,767676.0
2017-04-11,7287.5,7347.5,7269.5,7308.5,131800.0,757909.0
2017-04-10,7300.0,7302.5,7274.5,7293.5,64618.0,755068.0
2017-04-07,7245.5,7298.0,7204.0,7285.5,88737.0,751533.0
2017-04-06,7218.0,7261.0,7196.0,7245.5,104147.0,752990.0
2017-04-05,7277.0,7294.0,7224.5,7265.0,87199.0,749121.0
2017-04-04,7237.5,7273.5,7222.5,7248.5,75360.0,750517.0
2017-04-03,7269.0,7282.0,7191.0,7223.0,88708.0,747849.0
2017-03-31,7293.5,7293.5,7250.0,7275.5,101831.0,747876.0
2017-03-30,7303.0,7317.0,7268.5,7300.0,69194.0,750656.0
2017-03-29,7280.5,7309.5,7237.5,7294.0,81014.0,752584.0
2017-03-28,7240.0,7292.0,7210.5,7270.0,75731.0,749656.0
2017-03-27,7234.0,7237.5,7180.5,7220.0,96366.0,748859.0
2017-03-24,7280.0,7281.5,7236.0,7259.5,74859.0,749740.0
2017-03-23,7266.5,7274.0,7234.0,7269.5,80917.0,753777.0
2017-03-22,7264.0,7272.0,7229.0,7256.5,108498.0,755979.0
2017-03-21,7350.5,7368.5,7270.0,7307.5,103696.0,754914.0
2017-03-20,7341.5,7362.5,7327.5,7359.5,57023.0,754120.0
2017-03-17,7340.0,7375.0,7329.0,7348.0,102014.0,756450.0
2017-03-16,7392.5,7445.5,7387.0,7416.0,166033.0,113228.0
2017-03-15,7354.5,7389.0,7349.0,7364.0,196262.0,262794.0
2017-03-14,7364.5,7381.0,7330.0,7346.5,184960.0,481372.0
2017-03-13,7329.5,7369.0,7329.0,7362.5,168149.0,629820.0
2017-03-10,7329.0,7364.0,7323.0,7343.0,131196.0,696120.0
2017-03-09,7315.5,7316.5,7255.0,7310.0,116964.0,737276.0
2017-03-08,7313.5,7342.0,7301.0,7338.0,96744.0,745544.0
2017-03-07,7349.0,7356.5,7318.0,7326.5,66488.0,748089.0
2017-03-06,7337.5,7354.0,7325.0,7337.5,66150.0,749659.0
2017-03-03,7360.0,7371.5,7337.5,7357.5,74602.0,748215.0
2017-03-02,7360.0,7380.0,7357.0,7370.0,71305.0,748981.0
2017-03-01,7264.0,7383.0,7260.5,7363.0,130904.0,740354.0
2017-02-28,7258.0,7271.0,7231.0,7265.5,85286.0,739640.0
2017-02-27,7250.0,7270.0,7224.0,7245.5,77871.0,733565.0
2017-02-24,7264.0,7264.0,7176.0,7237.0,104708.0,731753.0
2017-02-23,7272.0,7295.0,7246.5,7252.0,86116.0,736839.0
2017-02-22,7253.5,7275.5,7233.0,7262.0,103582.0,732666.0
2017-02-21,7256.0,7262.0,7228.0,7243.0,72702.0,735743.0
2017-02-20,7274.5,7285.0,7243.0,7265.0,44477.0,742000.0
2017-02-17,7250.0,7277.0,7214.0,7252.5,95244.0,745039.0
2017-02-16,7253.0,7262.0,7221.0,7237.0,77924.0,749517.0
2017-02-15,7228.0,7258.0,7220.0,7247.5,91624.0,740709.0
2017-02-14,7217.0,7227.5,7184.5,7208.0,78064.0,737695.0
2017-02-13,7210.0,7232.5,7190.5,7223.5,76000.0,736598.0
2017-02-10,7170.5,7209.5,7170.0,7188.5,96445.0,739244.0
2017-02-09,7123.5,7177.5,7116.0,7171.5,85719.0,738479.0
2017-02-08,7111.5,7129.0,7078.5,7125.0,90858.0,737675.0
2017-02-07,7108.5,7161.5,7095.5,7112.5,83139.0,734135.0
2017-02-06,7111.5,7143.0,7097.0,7108.5,74535.0,738637.0
2017-02-03,7091.5,7137.0,7062.5,7134.0,78459.0,740665.0
2017-02-02,7041.0,7098.5,7025.0,7078.0,103063.0,740412.0
2017-02-01,7065.5,7105.5,7033.5,7037.5,93087.0,739789.0
2017-01-31,7062.0,7098.0,7031.0,7045.5,107119.0,740167.0
2017-01-30,7093.0,7100.0,7039.5,7045.0,90451.0,741416.0
2017-01-27,7096.5,7122.0,7085.5,7119.0,70812.0,744435.0
2017-01-26,7109.5,7128.0,7085.5,7090.0,72696.0,747690.0
2017-01-25,7111.5,7142.5,7088.0,7108.0,85427.0,755895.0
2017-01-24,7107.5,7122.5,7080.5,7089.0,75217.0,761359.0
2017-01-23,7110.0,7121.5,7066.5,7085.5,86454.0,763650.0
2017-01-20,7154.5,7159.5,7114.0,7132.0,94609.0,764748.0
2017-01-19,7195.0,7197.0,7127.0,7137.5,85315.0,767027.0
2017-01-18,7150.5,7192.5,7148.5,7180.5,83927.0,773287.0
2017-01-17,7250.5,7259.0,7151.0,7163.0,131543.0,754388.0
2017-01-16,7273.0,7297.0,7253.0,7258.0,59957.0,752382.0
2017-01-13,7263.5,7275.0,7241.5,7265.5,80494.0,756197.0
2017-01-12,7234.0,7265.5,7198.5,7231.0,93234.0,741422.0
2017-01-11,7205.0,7263.5,7191.5,7223.0,102077.0,745727.0
2017-01-10,7169.0,7221.0,7159.5,7216.5,82519.0,740636.0
2017-01-09,7165.0,7179.5,7141.5,7175.5,74929.0,735520.0
2017-01-06,7130.5,7163.5,7115.5,7137.5,65362.0,733051.0
2017-01-05,7133.5,7148.0,7107.5,7124.0,77764.0,738624.0
2017-01-04,7129.5,7138.0,7103.5,7120.0,69691.0,740511.0
2017-01-03,7069.5,7144.0,7064.5,7111.5,106384.0,734259.0
2017-01-02,,,,7050.0,,735358.0
2016-12-30,7039.5,7077.0,7025.0,7050.0,44228.0,738191.0
2016-12-29,7018.0,7062.5,7012.5,7052.5,50182.0,734379.0
2016-12-28,7003.5,7047.5,7001.5,7040.5,62176.0,728777.0
2016-12-27,,,,7004.0,,728803.0
2016-12-23,6988.5,7009.0,6984.5,7004.0,18028.0,727581.0
2016-12-22,6968.5,7000.5,6955.5,6988.5,54409.0,725311.0
2016-12-21,6972.0,6994.5,6962.5,6974.0,55142.0,723245.0
2016-12-20,6951.0,6985.0,6931.5,6980.5,59416.0,726929.0
2016-12-19,6944.0,6967.5,6923.5,6949.5,63237.0,729622.0
2016-12-16,6944.0,6975.5,6918.5,6928.0,118406.0,724882.0
2016-12-15,6953.5,7012.0,6927.0,7000.0,151079.0,139446.0
2016-12-14,6964.0,6986.5,6925.5,6964.0,178650.0,250673.0
2016-12-13,6878.0,6980.0,6870.5,6977.5,222287.0,482641.0
2016-12-12,6986.0,6996.0,6868.0,6877.5,154786.0,631100.0
2016-12-09,6929.5,6977.0,6927.5,6953.0,106826.0,672649.0
2016-12-08,6918.5,6950.0,6891.0,6929.5,113951.0,702311.0
2016-12-07,6800.0,6939.0,6795.5,6892.5,130149.0,713278.0
2016-12-06,6745.0,6814.0,6719.5,6776.0,100412.0,722414.0
2016-12-05,6696.0,6800.0,6681.5,6756.0,125317.0,725564.0
2016-12-02,6717.5,6744.5,6676.0,6739.5,90501.0,734100.0
2016-12-01,6778.0,6790.0,6685.5,6748.0,143469.0,741624.0
2016-11-30,6772.0,6845.5,6756.5,6781.5,149283.0,739277.0
2016-11-29,6785.5,6799.0,6727.0,6766.0,100560.0,742768.0
2016-11-28,6828.5,6841.0,6766.0,6791.5,105103.0,735885.0
2016-11-25,6822.5,6851.5,6815.0,6837.0,53144.0,733796.0
2016-11-24,6822.0,6837.0,6788.5,6824.0,46537.0,735316.0
2016-11-23,6845.0,6873.5,6769.5,6808.5,94466.0,732022.0
2016-11-22,6791.5,6844.5,6785.0,6808.5,79851.0,727283.0
2016-11-21,6776.5,6814.5,6744.5,6764.5,92427.0,727364.0
2016-11-18,6799.5,6804.0,6731.0,6774.0,94033.0,727805.0
2016-11-17,6741.5,6800.0,6736.5,6782.5,77740.0,728155.0
2016-11-16,6824.0,6827.5,6723.5,6741.5,97506.0,738741.0
2016-11-15,6766.0,6813.0,6755.5,6783.0,95048.0,743796.0
2016-11-14,6752.5,6806.5,6722.0,6748.0,128498.0,742673.0
2016-11-11,6826.0,6843.0,6698.0,6713.5,144118.0,753780.0
2016-11-10,6903.0,6989.0,6788.5,6826.5,160852.0,755896.0
2016-11-09,6866.0,6932.0,6491.5,6874.5,184696.0,756226.0
2016-11-08,6789.5,6849.0,6762.5,6817.0,86048.0,760452.0
2016-11-07,6680.0,6789.5,6678.5,6764.0,101999.0,770570.0
2016-11-04,6740.0,6748.5,6628.0,6666.0,120716.0,781073.0
2016-11-03,6828.0,6847.5,6723.0,6768.5,111863.0,782511.0
2016-11-02,6870.5,6879.5,6797.5,6821.0,103772.0,783389.0
2016-11-01,6902.5,6964.5,6850.5,6876.5,114972.0,781878.0
2016-10-31,6927.0,6958.5,6902.0,6929.0,96711.0,783131.0
2016-10-28,6952.0,6979.5,6895.5,6968.0,114147.0,782473.0
2016-10-27,6905.0,6983.5,6882.0,6956.5,107034.0,777357.0
2016-10-26,6974.0,6975.0,6885.5,6927.0,114353.0,783051.0
2016-10-25,6972.5,7039.0,6969.5,6983.5,92149.0,775493.0
2016-10-24,7012.5,7040.0,6951.5,6959.5,100011.0,780706.0
2016-10-21,7009.5,7030.5,6981.0,6985.0,91178.0,778283.0
2016-10-20,6991.0,7020.5,6969.0,6989.5,86801.0,779462.0
2016-10-19,6971.5,6997.5,6938.5,6983.0,72256.0,781747.0
2016-10-18,6911.5,6997.5,6911.5,6957.5,95570.0,775463.0
2016-10-17,6976.0,6993.5,6899.5,6902.5,99894.0,777709.0
2016-10-14,6959.0,7019.5,6946.5,6976.0,93662.0,777024.0
2016-10-13,7001.5,7001.5,6892.0,6944.0,127001.0,765553.0
2016-10-12,7052.5,7057.0,6977.5,6981.0,99234.0,762986.0
2016-10-11,7068.5,7093.5,7017.0,7026.5,97377.0,758052.0
2016-10-10,7030.0,7068.5,6987.0,7060.5,83287.0,749670.0
2016-10-07,7008.0,7044.5,6977.5,7016.5,137298.0,750833.0
2016-10-06,6997.0,7023.5,6963.5,6977.0,98508.0,745751.0
2016-10-05,7010.5,7043.0,6985.0,6996.0,115865.0,746469.0
2016-10-04,6930.0,7091.5,6930.0,7079.5,229011.0,705678.0
2016-10-03,6870.5,6958.5,6858.5,6946.0,98928.0,694910.0
2016-09-30,6830.5,6884.5,6770.5,6857.5,140855.0,695050.0
2016-09-29,6859.0,6904.0,6813.0,6877.5,109362.0,685941.0
2016-09-28,6783.5,6866.5,6765.0,6804.0,95461.0,677957.0
2016-09-27,6776.0,6832.0,6728.5,6761.5,91043.0,674138.0
2016-09-26,6866.5,6868.5,6765.5,6782.5,104787.0,673396.0
2016-09-23,6868.0,6882.0,6844.0,6873.5,77207.0,682062.0
2016-09-22,6833.0,6899.5,6821.5,6871.0,99557.0,668252.0
2016-09-21,6778.0,6840.0,6777.5,6803.5,80759.0,669447.0
2016-09-20,6743.0,6830.5,6743.0,6796.5,96624.0,673955.0
2016-09-19,6724.0,6778.0,6714.5,6770.5,95356.0,665500.0
2016-09-16,6687.0,6707.5,6651.5,6663.5,142621.0,660895.0
2016-09-15,6668.5,6751.0,6640.5,6736.0,142631.0,117549.0
2016-09-14,6675.5,6721.0,6654.5,6686.0,183096.0,224845.0
2016-09-13,6751.0,6757.5,6647.0,6669.5,228177.0,418569.0
2016-09-12,6707.5,6766.5,6655.0,6702.5,210053.0,592674.0
2016-09-09,6850.5,6860.5,6732.5,6776.0,117728.0,638185.0
2016-09-08,6841.0,6890.5,6818.5,6860.0,116598.0,674473.0
2016-09-07,6838.0,6855.0,6813.0,6837.5,96765.0,687255.0
2016-09-06,6888.0,6898.5,6817.0,6820.0,97384.0,699163.0
2016-09-05,6892.0,6926.0,6867.5,6885.0,73216.0,709720.0
2016-09-02,6771.5,6930.0,6754.0,6925.5,158469.0,687144.0
2016-09-01,6782.0,6827.0,6722.0,6745.0,108463.0,685922.0
2016-08-31,6825.0,6831.5,6762.0,6786.0,101661.0,686464.0
2016-08-30,6840.0,6852.5,6807.0,6826.5,76595.0,689641.0
2016-08-29,,,,6844.0,,689659.0
2016-08-26,6818.0,6859.0,6769.5,6844.0,79497.0,693401.0
2016-08-25,6822.5,6828.0,6777.5,6818.0,80561.0,695427.0
2016-08-24,6864.0,6865.5,6809.0,6829.5,76038.0,698740.0
2016-08-23,6843.0,6884.0,6837.5,6874.0,75259.0,694509.0
2016-08-22,6860.5,6885.0,6810.0,6813.0,87849.0,693912.0
2016-08-19,6880.0,6880.0,6839.0,6856.0,73484.0,692898.0
2016-08-18,6894.5,6900.0,6848.0,6866.5,73383.0,690337.0
2016-08-17,6887.5,6911.0,6839.5,6855.5,81440.0,683551.0
2016-08-16,6925.0,6932.0,6880.5,6895.5,82580.0,678502.0
2016-08-15,6909.0,6947.5,6901.0,6943.0,58737.0,668427.0
2016-08-12,6898.5,6922.5,6886.5,6911.5,70708.0,667765.0
2016-08-11,6808.0,6909.0,6800.0,6889.5,90024.0,656897.0
2016-08-10,6794.0,6820.5,6770.5,6812.5,83699.0,647261.0
2016-08-09,6772.0,6817.5,6762.0,6804.0,69532.0,645581.0
2016-08-08,6748.5,6784.0,6734.5,6764.0,69224.0,644999.0
2016-08-05,6707.0,6758.0,6691.0,6740.5,106414.0,650338.0
2016-08-04,6605.0,6715.0,6568.5,6689.5,143444.0,647632.0
2016-08-03,6606.5,6623.5,6565.0,6583.0,104595.0,659464.0
2016-08-02,6626.5,6642.0,6577.5,6595.0,101669.0,653399.0
2016-08-01,6688.0,6717.0,6612.5,6648.5,90319.0,655475.0
2016-07-29,6692.0,6692.0,6637.5,6676.5,103851.0,656661.0
2016-07-28,6690.0,6711.5,6658.0,6684.0,89798.0,652762.0
2016-07-27,6685.5,6726.0,6675.0,6694.0,79246.0,653388.0
2016-07-26,6662.0,6692.0,6647.0,6678.5,74440.0,652452.0
2016-07-25,6682.5,6703.0,6637.0,6654.0,68053.0,655032.0
2016-07-22,6640.0,6685.0,6608.5,6674.5,80708.0,648809.0
2016-07-21,6651.5,6679.0,6623.5,6656.0,75302.0,650666.0
2016-07-20,6649.5,6685.0,6637.0,6678.5,79024.0,653512.0
2016-07-19,6651.0,6659.0,6606.5,6642.5,79022.0,655384.0
2016-07-18,6622.0,6663.5,6611.0,6652.5,89189.0,661544.0
2016-07-15,6605.5,6626.0,6558.0,6610.0,104067.0,666855.0
2016-07-14,6634.5,6692.5,6594.5,6609.0,129642.0,660149.0
2016-07-13,6623.0,6667.0,6594.5,6640.5,105707.0,653298.0
2016-07-12,6618.0,6652.0,6606.5,6624.5,106905.0,641784.0
2016-07-11,6553.0,6644.0,6540.0,6630.5,106417.0,636066.0
2016-07-08,6481.0,6554.5,6461.0,6549.0,94841.0,628624.0
2016-07-07,6482.5,6528.0,6452.0,6490.5,117020.0,626652.0
2016-07-06,6496.5,6527.5,6377.0,6415.5,162587.0,623304.0
2016-07-05,6509.0,6510.0,6418.5,6500.5,154135.0,591979.0
2016-07-04,6524.5,6574.0,6459.0,6468.5,73799.0,588626.0
2016-07-01,6501.5,6561.5,6445.0,6525.0,155536.0,579481.0
2016-06-30,6296.0,6529.0,6252.5,6422.5,211723.0,573465.0
2016-06-29,6137.0,6322.0,6104.0,6282.5,180141.0,559989.0
2016-06-28,5954.5,6147.0,5921.5,6070.0,150515.0,556156.0
2016-06-27,5904.5,6070.5,5822.5,5918.5,212070.0,550666.0
2016-06-24,6192.0,6217.0,5675.0,6103.0,297237.0,528951.0
2016-06-23,6264.5,6334.0,6220.5,6285.5,115193.0,532248.0
2016-06-22,6182.0,6263.5,6166.0,6251.5,128421.0,526549.0
2016-06-21,6105.0,6226.5,6097.0,6193.0,118715.0,533653.0
2016-06-20,6061.0,6180.5,6060.0,6150.5,131244.0,535162.0
2016-06-17,5862.5,5998.0,5862.5,5952.0,146306.0,534855.0
2016-06-16,5958.0,5995.0,5894.0,5963.5,158778.0,104812.0
2016-06-15,5926.5,6007.5,5925.0,5980.0,191047.0,203701.0
2016-06-14,6028.0,6043.5,5905.5,5922.0,285769.0,365213.0
2016-06-13,6080.0,6102.5,6015.0,6059.5,184456.0,476985.0
2016-06-10,6230.5,6231.5,6077.0,6120.0,163785.0,497267.0
2016-06-09,6287.0,6297.0,6217.5,6229.0,108992.0,517295.0
2016-06-08,6250.5,6299.0,6249.0,6292.5,85059.0,529476.0
2016-06-07,6260.0,6315.0,6254.5,6268.0,92271.0,539234.0
2016-06-06,6214.0,6294.0,6214.0,6276.0,103843.0,538841.0
2016-06-03,6214.5,6244.0,6159.0,6195.0,107859.0,542596.0
2016-06-02,6197.5,6213.0,6163.0,6185.0,106228.0,551167.0
2016-06-01,6210.0,6222.0,6136.0,6169.0,115588.0,546530.0
2016-05-31,6260.0,6278.0,6194.0,6219.5,112791.0,554524.0
2016-05-30,6251.0,6251.0,6251.0,6251.0,,554543.0
2016-05-27,6253.5,6263.5,6236.0,6251.0,59934.0,556937.0
2016-05-26,6251.0,6268.5,6230.5,6253.0,80963.0,559495.0
2016-05-25,6230.5,6264.0,6230.0,6251.5,93397.0,557929.0
2016-05-24,6118.0,6227.0,6092.0,6216.5,117201.0,561390.0
2016-05-23,6144.5,6158.5,6105.5,6132.5,81503.0,561408.0
2016-05-20,6078.5,6144.0,6073.5,6135.0,113631.0,570409.0
2016-05-19,6112.0,6121.5,6033.0,6044.5,131968.0,569253.0
2016-05-18,6111.5,6141.5,6080.5,6136.0,114703.0,568905.0
2016-05-17,6134.5,6186.0,6099.0,6130.0,109994.0,574433.0
2016-05-16,6050.5,6146.0,6050.5,6120.5,57984.0,569652.0
2016-05-13,6096.0,6112.0,6027.5,6105.0,99577.0,569143.0
2016-05-12,6107.5,6164.5,6057.5,6069.5,119035.0,574365.0
2016-05-11,6120.0,6136.0,6092.5,6129.5,78915.0,577832.0
2016-05-10,6076.0,6144.0,6073.0,6110.5,91141.0,577789.0
2016-05-09,6121.5,6141.0,6068.5,6074.5,82438.0,576929.0
2016-05-06,6080.0,6120.0,6014.5,6087.5,99050.0,573985.0
2016-05-05,6086.0,6115.5,6061.5,6069.0,80772.0,569578.0
2016-05-04,6156.5,6162.0,6054.0,6060.0,115177.0,565879.0
2016-05-03,6247.0,6254.5,6114.5,6148.0,133878.0,561475.0
2016-05-02,6212.0,6212.0,6212.0,6212.0,,562954.0
2016-04-29,6238.0,6250.0,6187.5,6212.0,129026.0,561540.0
2016-04-28,6283.5,6295.0,6180.0,6270.5,129895.0,563243.0
2016-04-27,6238.5,6296.0,6205.5,6268.0,97314.0,568486.0
2016-04-26,6228.0,6250.5,6218.0,6240.0,90506.0,569231.0
2016-04-25,6275.5,6277.5,6200.0,6211.0,102452.0,577276.0
2016-04-22,6299.0,6323.0,6240.5,6251.5,106644.0,586741.0
2016-04-21,6369.0,6387.0,6299.5,6342.0,118440.0,595471.0
2016-04-20,6350.5,6383.5,6316.5,6370.5,94992.0,606054.0
2016-04-19,6301.5,6370.0,6292.0,6357.0,109848.0,609802.0
2016-04-18,6276.0,6310.5,6213.5,6305.0,85846.0,614118.0
2016-04-15,6315.0,6330.0,6281.0,6297.0,96490.0,623645.0
2016-04-14,6325.0,6329.5,6288.0,6316.0,98140.0,624130.0
2016-04-13,6215.0,6323.5,6205.5,6301.5,130967.0,615888.0
2016-04-12,6127.5,6212.0,6118.5,6189.5,104428.0,617794.0
2016-04-11,6150.0,6179.0,6112.0,6158.5,87008.0,620186.0
2016-04-08,6061.0,6166.0,6061.0,6151.0,100019.0,620481.0
2016-04-07,6133.5,6154.0,6056.5,6077.0,109860.0,617804.0
2016-04-06,6037.0,6131.0,6035.0,6100.5,105687.0,610059.0
2016-04-05,6090.0,6099.0,6002.5,6041.0,110250.0,610351.0
2016-04-04,6082.5,6146.0,6070.5,6104.0,93259.0,616417.0
2016-04-01,6099.5,6107.0,6018.0,6085.5,126590.0,611496.0
2016-03-31,6143.5,6147.0,6091.5,6113.0,113937.0,609242.0
2016-03-30,6091.5,6163.5,6086.0,6147.5,103044.0,606176.0
2016-03-29,6062.5,6100.0,6010.5,6039.0,97954.0,603718.0
2016-03-28,6057.5,6057.5,6057.5,6057.5,,620391.0
2016-03-24,6109.0,6111.5,6029.5,6057.5,101990.0,598504.0
2016-03-23,6117.5,6155.0,6097.0,6137.5,82433.0,596613.0
2016-03-22,6131.5,6137.5,6046.0,6129.5,116211.0,590450.0
2016-03-21,6115.0,6153.5,6089.5,6120.5,78300.0,589027.0
2016-03-18,6146.5,6176.5,6109.5,6134.5,131216.0,589356.0
2016-03-17,6196.0,6231.0,6124.5,6186.5,190188.0,134345.0
2016-03-16,6160.0,6186.5,6127.5,6169.0,235136.0,271312.0
2016-03-15,6158.5,6162.5,6107.0,6135.0,207778.0,426541.0
2016-03-14,6144.5,6192.0,6133.0,6165.5,149326.0,529158.0
2016-03-11,6059.0,6158.5,6054.5,6134.0,132775.0,569899.0
2016-03-10,6135.0,6198.0,5999.5,6038.5,206679.0,579146.0
2016-03-09,6111.0,6164.5,6104.5,6143.0,104499.0,583396.0
2016-03-08,6156.5,6163.0,6088.0,6115.0,116289.0,595563.0
2016-03-07,6168.5,6203.5,6112.5,6166.5,91549.0,600744.0
2016-03-04,6142.5,6208.5,6137.5,6181.0,113919.0,597839.0
2016-03-03,6117.0,6163.0,6095.5,6108.5,97635.0,597067.0
2016-03-02,6152.0,6190.5,6075.0,6121.5,117438.0,599965.0
2016-03-01,6025.0,6161.0,6010.0,6124.5,127141.0,607102.0
2016-02-29,6065.5,6084.0,6010.0,6058.5,118973.0,614673.0
2016-02-26,6037.0,6094.0,6020.0,6080.0,110771.0,623927.0
2016-02-25,5937.5,6030.0,5891.0,5992.0,119271.0,624806.0
2016-02-24,5920.5,5935.0,5814.0,5832.5,128183.0,625923.0
2016-02-23,5984.0,5996.5,5921.5,5929.0,88897.0,627428.0
2016-02-22,5925.5,6038.5,5925.0,6012.5,87827.0,631069.0
2016-02-19,5935.0,5975.0,5888.0,5913.5,91176.0,628200.0
2016-02-18,5999.5,6005.0,5920.0,5945.5,117123.0,633817.0
2016-02-17,5856.5,6017.0,5815.0,5973.5,131155.0,630541.0
2016-02-16,5786.5,5853.0,5762.0,5802.5,116318.0,641891.0
2016-02-15,5685.0,5796.0,5684.5,5783.0,84176.0,
2016-02-12,5530.0,5685.0,5512.5,5653.5,144168.0,639858.0
2016-02-11,5554.0,5583.0,5448.0,5496.5,186779.0,629523.0
2016-02-10,5594.0,5661.5,5562.5,5616.5,147197.0,628804.0
2016-02-09,5649.0,5688.5,5542.5,5595.5,177065.0,615023.0
2016-02-08,5820.0,5835.0,5606.0,5637.5,159437.0,623008.0
2016-02-05,5842.5,5894.5,5770.0,5793.5,129232.0,602531.0
2016-02-04,5849.5,5895.0,5778.5,5851.0,147491.0,597733.0
2016-02-03,5824.5,5869.0,5735.0,5787.0,155033.0,596636.0
2016-02-02,5980.5,5997.5,5814.0,5862.5,136987.0,595131.0
2016-02-01,6063.0,6069.5,5939.0,6003.0,131591.0,593523.0
2016-01-29,5881.5,6076.0,5862.0,6007.0,159530.0,589192.0
2016-01-28,5871.0,5969.0,5835.0,5878.5,148703.0,585042.0
2016-01-27,5859.0,5974.5,5817.0,5913.5,122017.0,578953.0
2016-01-26,5792.5,5888.0,5716.5,5865.0,113079.0,570794.0
2016-01-25,5885.0,5902.5,5779.5,5821.0,104247.0,570067.0
2016-01-22,5732.0,5899.5,5708.0,5858.5,134222.0,577969.0
2016-01-21,5707.5,5769.0,5603.5,5711.5,165141.0,586079.0
2016-01-20,5782.5,5787.5,5545.5,5604.5,168520.0,574311.0
2016-01-19,5744.0,5861.5,5738.5,5815.5,116101.0,569782.0
2016-01-18,5727.5,5798.5,5710.5,5728.0,91560.0,563702.0
2016-01-15,5917.0,5917.0,5682.5,5736.0,176803.0,558691.0
2016-01-14,5801.5,5948.0,5772.5,5877.0,151035.0,550819.0
2016-01-13,5893.5,5957.5,5782.0,5892.5,110827.0,548512.0
2016-01-12,5863.5,5934.0,5806.5,5875.5,112416.0,548279.0
2016-01-11,5800.0,5889.5,5789.0,5831.0,119654.0,544565.0
2016-01-08,5846.5,5960.0,5825.0,5872.5,133832.0,547302.0
2016-01-07,6000.0,6014.5,5823.5,5894.5,173142.0,538679.0
2016-01-06,6094.0,6100.5,5960.0,6012.0,115046.0,531247.0
2016-01-05,6100.0,6118.0,6026.5,6072.0,97738.0,529354.0
2016-01-04,6174.5,6192.5,6016.0,6022.0,148848.0,522328.0
2015-12-31,6206.0,6220.0,6182.5,6198.0,15678.0,522240.0
2015-12-30,6259.5,6261.0,6203.0,6226.0,50460.0,524008.0
2015-12-29,6213.0,6276.0,6181.0,6253.0,69879.0,528182.0
2015-12-28,6212.0,6212.0,6212.0,6212.0,,528491.0
2015-12-24,6209.5,6219.0,6185.0,6212.0,13961.0,528775.0
2015-12-23,6074.0,6218.5,6069.5,6195.5,78058.0,530986.0
2015-12-22,6018.0,6081.5,5979.5,6027.5,72496.0,529870.0
2015-12-21,5962.5,6065.5,5946.0,5999.0,81645.0,529526.0
2015-12-18,6020.5,6057.0,5949.0,6005.0,131111.0,528403.0
2015-12-17,6127.5,6168.0,6091.5,6117.0,148258.0,138596.0
2015-12-16,6028.0,6150.0,6022.0,6057.0,188535.0,241884.0
2015-12-15,5948.0,6037.5,5915.0,6023.0,250865.0,388506.0
2015-12-14,5934.5,6011.0,5863.0,5875.0,261286.0,472407.0
2015-12-11,6078.0,6087.0,5918.5,5964.5,181133.0,516481.0
2015-12-10,6082.5,6126.5,6067.0,6098.0,124713.0,552290.0
2015-12-09,6143.5,6175.0,6048.5,6135.5,112696.0,559366.0
2015-12-08,6235.5,6256.5,6119.0,6143.5,130097.0,561278.0
2015-12-07,6285.5,6288.5,6208.5,6216.0,83344.0,563235.0
2015-12-04,6239.0,6295.5,6218.5,6231.0,115521.0,561810.0
2015-12-03,6397.5,6447.0,6199.0,6292.0,182706.0,557169.0
2015-12-02,6420.5,6449.5,6374.0,6427.0,81722.0,564832.0
2015-12-01,6380.5,6426.0,6366.5,6398.5,87611.0,562400.0
2015-11-30,6369.0,6390.0,6330.0,6352.5,85854.0,563262.0
2015-11-27,6382.5,6391.5,6345.0,6380.0,54983.0,564076.0
2015-11-26,6343.5,6402.0,6333.0,6396.5,51298.0,567263.0
2015-11-25,6288.0,6347.5,6287.5,6335.0,76279.0,569000.0
2015-11-24,6292.0,6312.0,6219.0,6276.0,98427.0,
2015-11-23,6319.0,6327.0,6264.0,6315.0,74955.0,571388.0
2015-11-20,6325.0,6361.5,6305.0,6335.0,86609.0,568030.0
2015-11-19,6312.5,6367.0,6302.0,6335.5,95349.0,562325.0
2015-11-18,6244.5,6308.5,6218.5,6275.5,82760.0,565304.0
2015-11-17,6210.5,6271.5,6199.5,6253.5,98744.0,569135.0
2015-11-16,6058.0,6223.5,6038.0,6129.0,93851.0,572148.0
2015-11-13,6136.0,6157.5,6078.5,6109.5,106091.0,578151.0
2015-11-12,6263.5,6295.0,6119.5,6178.5,113897.0,568971.0
2015-11-11,6266.5,6309.5,6252.0,6275.5,72872.0,569565.0
2015-11-10,6285.5,6313.0,6230.0,6251.5,82188.0,563321.0
2015-11-09,6353.0,6364.5,6260.0,6275.5,88615.0,559199.0
2015-11-06,6348.0,6378.5,6313.0,6333.0,90161.0,557516.0
2015-11-05,6371.0,6405.5,6337.5,6344.5,93212.0,556502.0
2015-11-04,6370.0,6438.5,6368.5,6389.5,95260.0,556994.0
2015-11-03,6375.0,6391.0,6321.0,6350.5,67403.0,555455.0
2015-11-02,6299.0,6381.0,6290.5,6339.0,73315.0,555363.0
2015-10-30,6381.5,6395.5,6314.0,6320.0,88358.0,554483.0
2015-10-29,6425.0,6426.5,6335.5,6367.0,88033.0,550386.0
2015-10-28,6347.0,6435.0,6333.5,6422.0,82104.0,546178.0
2015-10-27,6393.5,6394.5,6335.5,6348.5,67759.0,548671.0
2015-10-26,6421.5,6432.5,6382.0,6399.5,59580.0,549776.0
2015-10-23,6390.5,6467.5,6377.5,6419.5,104234.0,548311.0
2015-10-22,6288.0,6387.0,6282.0,6357.5,95850.0,547266.0
2015-10-21,6308.5,6359.0,6284.5,6315.0,76063.0,546541.0
2015-10-20,6322.0,6339.0,6289.0,6324.0,57969.0,549011.0
2015-10-19,6356.5,6379.5,6301.5,6318.0,59259.0,511269.0
2015-10-16,6369.5,6380.0,6326.5,6348.5,77996.0,557330.0
2015-10-15,6243.5,6368.0,6238.5,6313.0,97712.0,560319.0
2015-10-14,6265.0,6287.5,6227.5,6250.0,88161.0,556374.0
2015-10-13,6350.0,6354.5,6263.0,6312.5,87182.0,551904.0
2015-10-12,6366.0,6385.5,6323.0,6344.0,64766.0,553627.0
2015-10-09,6392.0,6426.0,6358.5,6390.5,93110.0,560089.0
2015-10-08,6338.0,6404.0,6274.0,6350.5,83176.0,556236.0
2015-10-07,6263.0,6367.0,6258.0,6293.5,98863.0,557627.0
2015-10-06,6311.0,6314.0,6223.0,6302.5,83341.0,555830.0
2015-10-05,6203.0,6314.0,6181.0,6258.0,105952.0,555939.0
2015-10-02,6057.5,6204.5,6019.0,6099.0,130648.0,548433.0
2015-10-01,6035.5,6143.5,6003.5,6046.0,121829.0,545107.0
2015-09-30,5941.5,6050.0,5930.5,6018.5,132919.0,545707.0
2015-09-29,5864.5,5921.0,5840.0,5890.0,113609.0,548259.0
2015-09-28,6037.5,6067.5,5877.0,5934.5,100000.0,549764.0
2015-09-25,6005.0,6099.0,5999.0,6084.0,115852.0,549129.0
2015-09-24,5978.5,6022.5,5911.5,5922.0,115192.0,550072.0
2015-09-23,5884.5,6035.0,5865.0,6002.0,117434.0,550407.0
2015-09-22,6080.0,6092.0,5893.5,5907.5,134895.0,546104.0
2015-09-21,6043.5,6136.0,6035.5,6086.0,83096.0,545677.0
2015-09-18,6156.5,6156.5,6029.0,6066.5,146481.0,546255.0
2015-09-17,6261.0,6266.0,6147.0,6201.5,133490.0,96585.0
2015-09-16,6164.0,6257.0,6161.0,6243.5,199573.0,197524.0
2015-09-15,6097.0,6178.0,6017.5,6151.0,189709.0,371857.0
2015-09-14,6160.0,6194.0,6064.0,6100.5,202224.0,467711.0
2015-09-11,6171.5,6179.0,6112.0,6124.0,100269.0,500864.0
2015-09-10,6178.5,6218.5,6125.0,6157.5,128837.0,531000.0
2015-09-09,6230.0,6296.0,6142.0,6213.5,115510.0,543761.0
2015-09-08,6081.0,6192.5,6063.5,6147.5,89481.0,549194.0
2015-09-07,6053.0,6120.5,6051.0,6071.5,43399.0,554984.0
2015-09-04,6104.0,6136.5,6005.0,6048.5,109964.0,551555.0
2015-09-03,6125.5,6211.0,6111.0,6192.0,103585.0,548846.0
2015-09-02,6058.0,6157.5,6011.5,6091.0,143944.0,544926.0
2015-09-01,6130.0,6244.5,5977.5,6045.5,172804.0,547698.0
2015-08-31,6217.0,6217.0,6217.0,6217.0,,547994.0
2015-08-28,6189.0,6253.5,6144.5,6217.0,116362.0,549559.0
2015-08-27,6085.0,6229.0,6063.5,6199.0,160497.0,544013.0
2015-08-26,6034.5,6089.5,5933.5,5995.5,172052.0,539130.0
2015-08-25,5929.0,6110.0,5916.5,6087.5,225091.0,546320.0
2015-08-24,6000.5,6062.0,5761.0,5902.5,319010.0,546763.0
2015-08-21,6278.0,6339.0,6117.5,6202.0,155686.0,541766.0
2015-08-20,6390.5,6403.5,6303.5,6363.5,117943.0,544947.0
2015-08-19,6492.5,6502.5,6378.5,6397.5,105615.0,542106.0
2015-08-18,6552.0,6560.0,6494.5,6526.5,68814.0,539792.0
2015-08-17,6579.0,6587.0,6497.0,6545.0,66224.0,546973.0
2015-08-14,6550.0,6594.5,6533.5,6550.0,58302.0,547021.0
2015-08-13,6596.0,6627.0,6543.5,6557.0,88992.0,548768.0
2015-08-12,6580.0,6590.0,6490.0,6522.5,130494.0,544776.0
2015-08-11,6677.0,6677.0,6606.0,6621.0,74498.0,542434.0
2015-08-10,6706.5,6720.5,6607.5,6686.0,94764.0,537932.0
2015-08-07,6705.5,6711.5,6672.5,6682.5,56827.0,536122.0
2015-08-06,6668.0,6720.0,6658.5,6701.5,65454.0,540000.0
2015-08-05,6632.0,6713.0,6632.0,6695.0,78495.0,531838.0
2015-08-04,6618.5,6665.0,6589.5,6631.0,71115.0,532175.0
2015-08-03,6625.5,6659.5,6582.0,6631.5,71028.0,531493.0
2015-07-31,6623.0,6657.5,6593.5,6654.0,77669.0,529901.0
2015-07-30,6586.0,6647.0,6578.5,6623.0,85394.0,533429.0
2015-07-29,6524.0,6594.5,6521.0,6573.0,69671.0,537231.0
2015-07-28,6468.0,6538.0,6468.0,6505.0,77048.0,534053.0
2015-07-27,6514.5,6536.5,6436.0,6461.5,85495.0,538592.0
2015-07-24,6587.5,6634.0,6487.5,6522.5,73090.0,539774.0
2015-07-23,6658.0,6665.0,6572.5,6597.0,64765.0,542566.0
2015-07-22,6692.0,6692.5,6598.5,6614.0,77187.0,542644.0
2015-07-21,6751.5,6753.0,6697.0,6711.5,58891.0,544425.0
2015-07-20,6725.0,6762.5,6717.5,6740.5,49827.0,543693.0
2015-07-17,6737.0,6754.0,6712.0,6722.0,55617.0,543727.0
2015-07-16,6719.5,6754.0,6700.5,6738.5,68163.0,543905.0
2015-07-15,6694.0,6725.5,6669.0,6705.5,62355.0,550635.0
2015-07-14,6681.5,6706.5,6657.5,6696.5,58755.0,553298.0
2015-07-13,6609.5,6721.0,6576.5,6677.5,86441.0,558258.0
2015-07-10,6569.0,6641.5,6568.5,6623.0,99756.0,569131.0
2015-07-09,6450.0,6543.0,6446.5,6524.5,93141.0,570341.0
2015-07-08,6410.0,6463.5,6381.0,6434.5,102940.0,572485.0
2015-07-07,6494.0,6500.5,6375.0,6383.5,111279.0,573867.0
2015-07-06,6465.0,6520.0,6448.0,6480.5,92629.0,572592.0
2015-07-03,6582.5,6583.0,6518.5,6537.5,51318.0,574892.0
2015-07-02,6530.0,6596.0,6528.0,6579.5,74053.0,576018.0
2015-07-01,6494.0,6585.5,6494.0,6547.0,132715.0,582660.0
2015-06-30,6519.0,6551.5,6442.5,6494.0,159174.0,585113.0
2015-06-29,6547.0,6640.5,6458.0,6577.5,127569.0,581832.0
2015-06-26,6739.0,6743.0,6679.0,6706.5,88603.0,584333.0
2015-06-25,6787.5,6821.0,6740.0,6764.0,86311.0,584659.0
2015-06-24,6799.0,6824.5,6772.5,6798.0,76827.0,588141.0
2015-06-23,6771.0,6807.0,6771.0,6791.0,69944.0,586804.0
2015-06-22,6684.0,6776.5,6679.0,6771.0,102459.0,589045.0
2015-06-19,6626.5,6709.5,6626.5,6659.5,99930.0,585480.0
2015-06-18,6655.0,6743.0,6624.0,6702.5,147583.0,83698.0
2015-06-17,6713.0,6729.0,6655.0,6686.0,157174.0,189075.0
2015-06-16,6712.5,6723.5,6654.0,6709.5,176765.0,369718.0
2015-06-15,6757.5,6773.5,6701.0,6713.0,136523.0,470490.0
2015-06-12,6831.5,6834.5,6759.0,6789.5,110519.0,521089.0
2015-06-11,6818.0,6871.0,6803.5,6846.5,82484.0,538684.0
2015-06-10,6730.0,6836.0,6722.5,6814.5,127123.0,575583.0
2015-06-09,6775.0,6795.5,6718.0,6744.0,88295.0,575485.0
2015-06-08,6797.0,6817.5,6754.0,6788.0,75045.0,574907.0
2015-06-05,6835.0,6842.5,6775.5,6802.0,97778.0,569708.0
2015-06-04,6914.0,6920.0,6800.5,6858.5,129794.0,570683.0
2015-06-03,6914.0,6975.5,6887.0,6941.5,98384.0,579060.0
2015-06-02,6951.0,6963.5,6857.5,6913.5,117730.0,588581.0
2015-06-01,7012.0,7030.0,6927.0,6931.5,100408.0,594778.0
2015-05-29,7039.5,7062.0,6950.5,6964.5,132439.0,600859.0
2015-05-28,7017.0,7040.0,6996.0,7027.5,62825.0,598788.0
2015-05-27,6952.0,7044.5,6934.5,7024.0,101810.0,586409.0
2015-05-26,7022.0,7041.0,6917.0,6936.5,99938.0,590825.0
2015-05-25,7026.5,7026.5,7026.5,7026.5,,591155.0
2015-05-22,7001.0,7052.5,6999.0,7026.5,59695.0,584941.0
2015-05-21,6983.5,7018.0,6980.5,7006.5,53826.0,581290.0
2015-05-20,6985.5,7007.5,6942.5,6990.0,73932.0,580728.0
2015-05-19,6969.0,6996.5,6955.5,6975.0,76373.0,577040.0
2015-05-18,6958.0,7004.0,6913.5,6953.5,77431.0,575659.0
2015-05-15,6959.5,6995.5,6919.5,6950.5,78178.0,571143.0
2015-05-14,6914.0,6970.0,6866.5,6960.5,79083.0,573295.0
2015-05-13,6914.5,6963.5,6891.0,6916.0,89817.0,568254.0
2015-05-12,6996.0,7010.0,6856.5,6907.5,134627.0,580105.0
2015-05-11,7022.0,7058.0,6976.5,6998.5,98857.0,571683.0
2015-05-08,6940.0,7033.0,6938.0,7012.0,142452.0,566917.0
2015-05-07,6884.0,6893.5,6777.5,6868.0,131682.0,574659.0
2015-05-06,6913.0,6939.0,6860.5,6899.0,102052.0,578324.0
2015-05-05,7011.0,7018.5,6885.5,6905.5,122394.0,579477.0
2015-05-04,6944.5,6944.5,6944.5,6944.5,,580146.0
2015-05-01,6909.5,7001.5,6880.5,6944.5,47649.0,581011.0
2015-04-30,6926.5,6954.0,6870.0,6929.0,126667.0,592300.0
2015-04-29,7000.0,7023.0,6890.0,6919.5,118923.0,592062.0
2015-04-28,7033.5,7049.0,6944.0,6976.0,99846.0,600123.0
2015-04-27,7035.0,7085.5,6984.0,7050.5,97045.0,597675.0
2015-04-24,7017.0,7065.5,7012.5,7032.5,77002.0,597859.0
2015-04-23,6995.0,7046.0,6957.5,7008.5,82085.0,596290.0
2015-04-22,7021.0,7043.0,6947.5,6983.5,88357.0,601411.0
2015-04-21,7004.5,7058.5,6982.0,7021.0,71166.0,602082.0
2015-04-20,6970.0,7022.5,6962.0,7004.5,70142.0,602571.0
2015-04-17,7030.0,7057.0,6927.5,6946.5,139135.0,619513.0
2015-04-16,7059.5,7081.5,7002.5,7023.5,84374.0,604049.0
2015-04-15,7026.5,7061.0,7005.5,7048.0,68966.0,602939.0
2015-04-14,7007.5,7038.0,6995.0,7023.0,85759.0,598530.0
2015-04-13,7030.0,7033.0,6989.0,7012.0,61139.0,598993.0
2015-04-10,6975.0,7045.5,6974.5,7043.5,79754.0,596377.0
2015-04-09,6902.0,6994.0,6901.0,6957.5,78177.0,592136.0
2015-04-08,6880.0,6959.0,6875.0,6879.5,86819.0,595325.0
2015-04-07,6802.0,6912.5,6795.0,6895.0,93205.0,590914.0
2015-04-06,6764.0,6764.0,6764.0,6764.0,,603013.0
2015-04-02,6750.0,6796.0,6735.0,6764.0,63999.0,593719.0
2015-04-01,6685.0,6799.0,6683.0,6749.5,111028.0,599823.0
2015-03-31,6836.5,6853.0,6703.5,6727.0,138027.0,610132.0
2015-03-30,6828.0,6860.0,6806.5,6841.5,76977.0,611892.0
2015-03-27,6839.0,6858.0,6783.5,6795.5,91743.0,609912.0
2015-03-26,6901.0,6925.5,6822.5,6837.5,129019.0,609866.0
2015-03-25,6959.0,6980.0,6915.0,6947.5,79319.0,600430.0
2015-03-24,6972.0,7009.5,6948.0,6978.5,80328.0,594626.0
2015-03-23,6976.0,6988.5,6934.0,6970.5,77686.0,593179.0
2015-03-20,6927.5,6987.0,6900.0,6963.0,106805.0,581261.0
2015-03-19,6966.5,6984.5,6929.0,6973.0,135548.0,111715.0
2015-03-18,6836.0,6987.5,6822.0,6933.5,184374.0,220109.0
2015-03-17,6789.5,6853.0,6788.5,6829.5,203920.0,425333.0
2015-03-16,6764.0,6810.5,6749.5,6795.5,125812.0,527806.0
2015-03-13,6760.5,6769.0,6702.5,6728.5,105964.0,577029.0
2015-03-12,6722.5,6792.0,6722.5,6752.5,124967.0,593904.0
2015-03-11,6699.0,6722.0,6676.5,6698.5,102832.0,612381.0
2015-03-10,6845.0,6853.0,6675.0,6694.0,154738.0,606982.0
2015-03-09,6864.0,6879.5,6841.0,6861.0,73385.0,609685.0
2015-03-06,6945.0,6946.0,6861.5,6896.0,89457.0,618607.0
2015-03-05,6895.0,6953.0,6886.5,6941.5,78252.0,612202.0
2015-03-04,6871.0,6904.0,6830.5,6877.5,97223.0,605365.0
2015-03-03,6913.0,6934.0,6845.0,6867.5,83776.0,602383.0
2015-03-02,6934.0,6944.5,6893.5,6905.0,79735.0,599428.0
2015-02-27,6917.0,6939.0,6892.5,6920.0,106119.0,597902.0
2015-02-26,6906.0,6927.5,6888.0,6915.5,79696.0,587752.0
2015-02-25,6912.0,6923.0,6871.0,6895.0,67823.0,588381.0
2015-02-24,6883.5,6927.0,6865.0,6917.0,68117.0,588615.0
2015-02-23,6907.0,6924.5,6852.0,6870.5,67256.0,586868.0
2015-02-20,6852.0,6927.0,6845.5,6877.0,92902.0,592549.0
2015-02-19,6856.0,6874.0,6824.0,6860.0,74122.0,592286.0
2015-02-18,6868.0,6877.0,6832.0,6852.0,66625.0,597499.0
2015-02-17,6794.5,6870.5,6772.5,6849.0,89371.0,600618.0
2015-02-13,6811.0,6845.5,6806.0,6836.0,76971.0,599532.0
2015-02-12,6769.0,6813.0,6766.5,6779.0,91281.0,596076.0
2015-02-11,6784.5,6793.0,6728.5,6759.5,72738.0,594406.0
2015-02-10,6788.0,6792.5,6730.5,6770.5,88606.0,592126.0
2015-02-09,6766.0,6791.5,6719.5,6787.5,93452.0,592134.0
2015-02-06,6800.5,6831.5,6760.0,6797.5,73377.0,589402.0
2015-02-05,6773.0,6815.0,6752.0,6803.0,75745.0,583198.0
2015-02-04,6819.0,6828.0,6746.0,6797.0,94596.0,585802.0
2015-02-03,6756.5,6849.0,6749.0,6810.0,113393.0,580787.0
2015-02-02,6725.5,6754.0,6674.0,6714.0,108475.0,571752.0
2015-01-30,6765.5,6787.5,6671.5,6706.0,125257.0,573325.0
2015-01-29,6715.0,6788.5,6692.5,6754.0,117547.0,563452.0
2015-01-28,6802.0,6806.0,6695.5,6754.5,93165.0,557663.0
2015-01-27,6799.0,6810.0,6716.0,6762.0,95445.0,565333.0
2015-01-26,6744.0,6832.0,6733.0,6795.0,86261.0,559737.0
2015-01-23,6765.0,6789.0,6737.0,6769.0,90550.0,559135.0
2015-01-22,6678.5,6785.0,6668.5,6736.5,125308.0,556912.0
2015-01-21,6589.0,6672.5,6582.0,6659.0,106233.0,559641.0
2015-01-20,6548.5,6589.0,6534.5,6553.5,78124.0,566570.0
2015-01-19,6491.0,6541.5,6487.0,6523.0,52990.0,556803.0
2015-01-15,6385.5,6447.0,6234.5,6413.0,156812.0,563544.0
2015-01-14,6401.0,6420.5,6288.0,6329.0,151662.0,554627.0
2015-01-13,6411.5,6497.0,6391.5,6479.5,85065.0,548623.0
2015-01-12,6460.0,6482.0,6383.5,6430.5,80811.0,548956.0
2015-01-09,6494.0,6508.0,6406.5,6418.0,90840.0,552291.0
2015-01-08,6423.0,6519.0,6411.5,6509.0,99823.0,561293.0
2015-01-07,6340.5,6398.5,6303.0,6347.0,98411.0,565536.0
2015-01-06,6355.0,6390.5,6265.0,6306.0,135998.0,577209.0
2015-01-05,6472.0,6519.5,6325.5,6345.5,120427.0,571052.0
2015-01-02,6558.5,6559.0,6453.0,6486.5,67936.0,565653.0
2014-12-30,6557.0,6569.5,6469.5,6494.5,61897.0,563665.0
2014-12-29,6604.5,6615.0,6540.5,6583.0,60265.0,561592.0
2014-12-26,6572.0,6572.0,6572.0,6572.0,,565968.0
2014-12-24,6565.0,6585.0,6553.0,6572.0,10147.0,562993.0
2014-12-22,6537.0,6576.5,6515.0,6528.0,69971.0,556664.0
2014-12-19,6455.5,6541.5,6422.5,6506.5,128832.0,560098.0
2014-12-18,6425.5,6505.5,6355.5,6454.5,145577.0,122110.0
2014-12-17,6265.5,6396.0,6234.0,6353.5,188679.0,207999.0
2014-12-16,6205.5,6349.0,6140.5,6325.0,301941.0,367649.0
2014-12-15,6270.0,6354.5,6121.5,6186.5,231994.0,504607.0
2014-12-12,6418.0,6437.5,6219.5,6301.5,168770.0,554122.0
2014-12-11,6489.0,6522.0,6417.0,6477.5,126663.0,571385.0
2014-12-10,6547.0,6565.0,6464.5,6508.0,103506.0,582736.0
2014-12-08,6727.5,6731.5,6637.5,6683.5,70811.0,590902.0
2014-12-05,6710.0,6756.5,6710.0,6741.5,70743.0,586249.0
2014-12-04,6735.0,6737.5,6672.0,6677.0,101652.0,585488.0
2014-12-03,6734.5,6757.0,6714.0,6724.0,70000.0,585465.0
2014-11-28,6713.0,6739.0,6668.0,6731.0,85182.0,584962.0
2014-11-27,6733.0,6752.5,6715.5,6720.0,49349.0,581718.0
2014-11-26,6732.0,6768.0,6718.5,6738.0,68126.0,572133.0
2014-11-24,6758.0,6765.5,6719.5,6730.0,62415.0,580067.0
2014-11-21,6706.5,6776.0,6691.0,6755.0,110790.0,576190.0
2014-11-20,6688.5,6698.5,6642.5,6678.0,75640.0,575391.0
2014-11-19,6708.0,6713.5,6673.0,6687.5,70042.0,571655.0
2014-11-18,6688.0,6724.5,6669.0,6699.5,68941.0,568632.0
2014-11-17,6614.0,6684.0,6613.0,6665.5,63620.0,566935.0
2014-11-16,6642.0,6653.0,6604.5,6642.0,76997.0,560336.0
2014-11-15,6642.0,6653.0,6604.5,6642.0,76997.0,560336.0
2014-11-14,6642.0,6653.0,6604.5,6642.0,76997.0,560336.0
2014-11-13,6604.0,6644.0,6590.0,6635.5,96687.0,557060.0
2014-11-12,6616.0,6617.5,6575.5,6589.5,78044.0,561915.0
2014-11-11,6599.5,6621.0,6592.0,6609.0,61449.0,562005.0
2014-11-10,6562.0,6606.5,6548.0,6595.5,73737.0,557418.0
2014-11-09,6549.5,6596.5,6539.0,6557.0,117098.0,557166.0
2014-11-08,6549.5,6596.5,6539.0,6557.0,117098.0,557166.0
2014-11-07,6549.5,6596.5,6539.0,6557.0,117098.0,557166.0
2014-11-06,6515.5,6568.5,6491.0,6538.5,101689.0,556088.0
2014-11-05,6462.0,6523.5,6451.0,6511.5,86033.0,556336.0
2014-11-04,6449.5,6488.0,6421.0,6433.5,92134.0,560607.0
2014-11-03,6520.0,6536.0,6452.5,6460.0,106578.0,552332.0
2014-11-02,6459.5,6539.0,6453.5,6505.5,127978.0,561184.0
2014-11-01,6459.5,6539.0,6453.5,6505.5,127978.0,561184.0
2014-10-31,6459.5,6539.0,6453.5,6505.5,127978.0,561184.0
2014-10-30,6422.5,6472.0,6355.5,6433.0,109939.0,556080.0
2014-10-29,6406.0,6454.0,6396.5,6426.0,90149.0,555991.0
2014-10-28,6360.0,6415.0,6355.0,6384.0,81667.0,554875.0
2014-10-27,6390.5,6431.5,6313.0,6342.5,97000.0,551399.0
2014-10-26,6383.5,6393.0,6347.0,6365.0,98106.0,551531.0
2014-10-25,6383.5,6393.0,6347.0,6365.0,98106.0,551531.0
2014-10-24,6384.5,6393.0,6347.0,6365.0,97686.0,551531.0
2014-10-23,6331.0,6409.0,6292.0,6396.5,106758.0,554142.0
2014-10-22,6368.5,6384.5,6311.0,6369.0,112072.0,555008.0
2014-10-21,6247.0,6372.0,6198.5,6344.5,127902.0,559693.0
2014-10-20,6300.0,6315.0,6200.0,6240.0,119567.0,563685.0
2014-10-19,6159.0,6291.5,6146.0,6279.5,180630.0,584630.0
2014-10-18,6159.0,6291.5,6146.0,6279.5,180630.0,584630.0
2014-10-17,6159.0,6291.5,6146.0,6279.5,180630.0,584630.0
2014-10-16,6200.5,6255.0,6042.5,6174.5,317450.0,575238.0
2014-10-15,6360.5,6369.0,6124.0,6188.5,242985.0,572230.0
2014-10-14,6294.5,6384.5,6275.0,6373.0,155978.0,575733.0
2014-10-13,6255.5,6361.5,6240.0,6337.0,147819.0,570949.0
2014-10-12,6337.5,6383.0,6288.0,6322.0,177052.0,571724.0
2014-10-11,6337.5,6383.0,6288.0,6322.0,177052.0,571724.0
2014-10-10,6337.5,6383.0,6288.0,6322.0,177052.0,571724.0
2014-10-09,6514.5,6530.5,6345.5,6408.0,159614.0,569553.0
2014-10-08,6425.0,6525.0,6424.0,6468.5,138218.0,572321.0
2014-10-07,6526.5,6540.0,6422.0,6476.0,133375.0,569258.0
2014-10-06,6512.5,6561.0,6504.0,6526.5,112911.0,574923.0
2014-10-05,6443.5,6516.5,6447.5,6498.5,93480.0,580006.0
2014-10-04,6443.5,6516.5,6447.5,6498.5,93480.0,580006.0
2014-10-03,6443.5,6516.5,6442.5,6498.5,93480.0,580006.0
2014-10-02,6510.0,6531.5,6397.5,6430.0,164206.0,580050.0
2014-10-01,6572.0,6594.0,6502.5,6535.5,112047.0,582525.0
2014-09-30,6617.5,6633.0,6563.0,6605.5,128385.0,587928.0
2014-09-29,6629.5,6644.5,6581.5,6619.0,83670.0,589992.0
2014-09-28,6611.0,6660.0,6588.5,6626.0,94135.0,594002.0
2014-09-26,6611.0,6660.0,6588.5,6626.0,94015.0,594002.0
2014-09-25,6691.0,6702.5,6594.0,6615.5,118781.0,598464.0
2014-09-24,6630.5,6696.5,6625.0,6678.5,111500.0,602754.0
2014-09-23,6742.0,6757.5,6600.0,6650.5,137645.0,598895.0
2014-09-22,6819.0,6820.0,6733.0,6747.5,84913.0,600035.0
2014-09-21,6809.0,6875.0,6806.5,6814.5,142723.0,601974.0
2014-09-20,6809.0,6875.0,6806.5,6814.5,142723.0,601974.0
2014-09-19,6837.0,6900.0,6842.0,6877.5,16819.0,48139.0
2014-09-18,6796.5,6825.0,6768.0,6816.5,122296.0,96378.0
2014-09-17,6815.0,6818.5,6770.5,6789.0,251012.0,273916.0
2014-09-16,6818.0,6821.5,6746.5,6791.5,313138.0,418456.0
2014-09-15,6793.0,6819.5,6775.5,6800.0,193230.0,520473.0
2014-09-14,6811.5,6821.5,6789.0,6805.5,144983.0,580036.0
2014-09-13,6811.5,6821.5,6789.0,6805.5,144983.0,580036.0
2014-09-12,6811.5,6821.5,6789.0,6805.5,144983.0,580036.0
2014-09-11,6854.5,6859.5,6764.5,6796.5,165292.0,634747.0
2014-09-10,6821.0,6860.0,6800.0,6837.0,116876.0,633358.0
2014-09-09,6819.0,6847.0,6812.0,6827.5,87893.0,642411.0
2014-09-08,6858.5,6869.0,6772.0,6831.0,141024.0,622640.0
2014-09-07,6884.0,6884.5,6828.5,6854.5,111479.0,622266.0
2014-09-06,6884.0,6884.5,6828.5,6854.5,111479.0,622266.0
2014-09-05,6884.0,6884.5,6828.5,6854.5,111479.0,622266.0
2014-09-04,6868.0,6907.5,6858.0,6878.0,133820.0,618146.0
2014-09-03,6828.0,6901.0,6827.0,6876.0,121604.0,600216.0
2014-09-02,6821.5,6847.5,6806.5,6821.0,76280.0,596687.0
2014-09-01,6818.5,6824.0,6793.5,6818.0,44625.0,591236.0
2014-08-31,6810.0,6827.5,6777.5,6801.5,105821.0,590809.0
2014-08-30,6810.0,6827.5,6777.5,6801.5,105821.0,590809.0
2014-08-29,6810.0,6827.5,6777.5,6801.5,105821.0,590809.0
2014-08-28,6823.5,6826.0,6794.0,6804.5,89643.0,583674.0
2014-08-27,6811.0,6828.5,6809.5,6824.0,61351.0,577856.0
2014-08-26,6793.0,6825.0,6775.5,6823.5,78078.0,576021.0
2014-08-25,6768.5,6768.5,6768.5,6768.5,0.0,576358.0
2014-08-24,6775.0,6785.0,6740.0,6768.5,71563.0,572361.0
2014-08-23,6775.0,6785.0,6740.0,6768.5,71563.0,572361.0
2014-08-22,6775.0,6785.0,6740.0,6768.5,71563.0,572361.0
2014-08-21,6762.0,6777.0,6746.5,6768.5,59157.0,572065.0
2014-08-20,6775.5,6773.0,6735.0,6751.0,78348.0,571771.0
2014-08-19,6741.0,6776.5,6739.0,6768.0,69443.0,567522.0
2014-08-18,6700.0,6743.0,6697.5,6733.5,63173.0,564156.0
2014-08-17,6683.0,6730.0,6650.0,6672.0,108399.0,567083.0
2014-08-16,6683.0,6730.0,6650.0,6672.0,108399.0,567083.0
2014-08-15,6683.0,6730.0,6650.0,6672.0,108399.0,567083.0
2014-08-14,6643.0,6685.0,6625.0,6669.5,91374.0,566836.0
2014-08-13,6604.5,6651.5,6600.0,6648.5,74388.0,572342.0
2014-08-12,6591.0,6608.5,6575.5,6593.5,81416.0,574625.0
2014-08-11,6561.5,6612.0,6557.5,6600.5,84495.0,578555.0
2014-08-10,6546.5,6574.5,6492.0,6537.0,108859.0,582521.0
2014-08-09,6546.5,6574.5,6492.0,6537.0,108859.0,582521.0
2014-08-08,6546.5,6574.5,6492.0,6537.0,108859.0,582521.0
2014-08-07,6600.5,6614.5,6535.0,6561.5,115743.0,588561.0
2014-08-06,6614.0,6618.0,6552.5,6594.5,108047.0,588117.0
2014-08-05,6649.5,6666.0,6594.0,6633.0,82887.0,592238.0
2014-08-04,6625.5,6668.0,6618.0,6634.5,82178.0,596697.0
2014-08-01,6651.5,6674.5,6575.5,6625.5,135300.0,600399.0
2014-07-31,6737.0,6751.0,6649.5,6682.5,132839.0,594002.0
2014-07-30,6753.5,6771.0,6710.5,6729.0,91374.0,591030.0
2014-07-29,6754.5,6790.0,6736.5,6763.0,84570.0,590049.0
2014-07-28,6747.0,6769.5,6713.5,6742.5,75575.0,584301.0
2014-07-27,6760.5,6786.0,6734.5,6741.5,71036.0,584613.0
2014-07-26,6760.5,6786.0,6734.5,6741.5,71036.0,584613.0
2014-07-25,6760.5,6786.0,6734.5,6741.5,71036.0,584613.0
2014-07-24,6749.0,6780.0,6719.0,6770.0,71389.0,584079.0
2014-07-23,6730.0,6778.0,6725.5,6750.0,68580.0,584791.0
2014-07-22,6693.5,6754.0,6690.5,6748.0,99710.0,583302.0
2014-07-21,6702.5,6711.5,6666.5,6687.0,66393.0,587687.0
2014-07-20,6650.0,6720.5,6640.0,6696.5,92878.0,585724.0
2014-07-19,6650.0,6720.5,6640.0,6696.5,92878.0,585724.0
2014-07-18,6650.0,6720.5,6641.0,6696.5,92230.0,585724.0
2014-07-17,6724.5,6728.5,6656.0,6686.5,96236.0,589537.0
2014-07-16,6673.5,6745.0,6672.5,6737.5,81013.0,590588.0
2014-07-15,6695.5,6714.0,6647.0,6671.5,90799.0,590986.0
2014-07-14,6649.0,6713.0,6646.5,6701.0,65889.0,593646.0
2014-07-13,6632.0,6650.0,6614.5,6629.0,72219.0,603772.0
2014-07-12,6632.0,6650.0,6614.5,6629.0,72219.0,603772.0
2014-07-11,6632.0,6650.0,6614.5,6629.0,72219.0,603772.0
2014-07-10,6680.0,6680.5,6595.5,6624.0,112661.0,605891.0
2014-07-09,6690.0,6696.0,6645.0,6672.0,82140.0,608443.0
2014-07-08,6780.0,6787.5,6666.0,6692.0,108713.0,606648.0
2014-07-07,6823.5,6826.0,6771.0,6780.0,64159.0,605840.0
2014-07-06,6823.0,6829.0,6809.0,6820.0,27617.0,606418.0
2014-07-05,6823.0,6829.0,6809.0,6820.0,27617.0,606418.0
2014-07-04,6823.0,6829.0,6809.0,6820.0,27617.0,606418.0
2014-07-03,6775.0,6822.0,6768.0,6817.5,68421.0,597848.0
2014-07-02,6749.5,6783.0,6744.0,6771.0,63195.0,596951.0
2014-07-01,6704.5,6763.5,6703.5,6754.0,68749.0,593772.0
2014-06-30,6724.5,6731.0,6682.0,6711.0,83311.0,595646.0
2014-06-29,6694.5,6727.5,6686.5,6715.5,58643.0,597666.0
2014-06-28,6694.5,6727.5,6686.5,6715.5,58643.0,597666.0
2014-06-27,6694.5,6727.5,6686.5,6715.5,58643.0,597666.0
2014-06-26,6696.5,6710.0,6653.0,6680.0,81438.0,600659.0
2014-06-25,6712.5,6720.0,6667.0,6692.0,88017.0,600593.0
2014-06-24,6762.0,6777.0,6710.0,6749.0,73986.0,603017.0
2014-06-23,6776.5,6790.0,6737.0,6752.0,74225.0,599979.0
2014-06-22,6766.0,6794.5,6750.5,6781.5,85040.0,597417.0
2014-06-21,6766.0,6794.5,6750.5,6781.5,85040.0,597417.0
2014-06-20,6813.0,6834.0,6798.0,6820.0,11878.0,64432.0
2014-06-19,6815.5,6840.0,6806.5,6811.0,129020.0,205322.0
2014-06-18,6777.5,6811.0,6775.0,6779.5,246606.0,332833.0
2014-06-17,6767.0,6785.0,6734.0,6764.0,362058.0,438221.0
2014-06-16,6770.5,6779.5,6746.0,6757.0,256680.0,555452.0
2014-06-15,6816.5,6827.5,6756.0,6787.0,145595.0,577536.0
2014-06-14,6816.5,6827.5,6756.0,6787.0,145595.0,577536.0
2014-06-13,6816.5,6827.5,6756.0,6787.0,145595.0,577536.0
2014-06-12,6841.0,6853.0,6812.0,6846.5,89239.0,592753.0
2014-06-11,6865.5,6871.5,6824.0,6838.5,93805.0,598391.0
2014-06-10,6855.5,6873.0,6826.5,6859.5,75104.0,601322.0
2014-06-09,6867.5,6873.0,6850.0,6866.0,46551.0,600595.0
2014-06-08,6813.0,6871.5,6808.0,6846.5,71873.0,596190.0
2014-06-07,6813.0,6871.5,6808.0,6846.5,71873.0,596190.0
2014-06-06,6813.0,6871.5,6808.0,6846.5,71873.0,596190.0
2014-06-05,6811.0,6841.0,6786.5,6805.0,98072.0,596779.0
2014-06-04,6832.0,6834.0,6791.0,6807.5,72396.0,586170.0
2014-06-03,6847.0,6847.5,6804.0,6816.5,76249.0,593734.0
2014-06-02,6842.0,6864.0,6836.5,6860.5,59425.0,599876.0
2014-06-01,6866.5,6867.0,6818.0,6822.5,92850.0,607110.0
2014-05-31,6866.5,6867.0,6818.0,6822.5,92850.0,607110.0
2014-05-30,6866.5,6867.0,6818.0,6822.5,92850.0,607110.0
2014-05-29,6827.5,6872.0,6827.5,6860.0,55555.0,604426.0
2014-05-28,6831.5,6845.0,6821.0,6833.5,58391.0,604685.0
2014-05-27,6813.5,6846.5,6813.5,6829.5,64157.0,602300.0
2014-05-26,6798.5,6798.5,6798.5,6798.5,0.0,602177.0
2014-05-25,6809.5,6814.0,6782.0,6798.5,51873.0,600643.0
2014-05-24,6809.5,6814.0,6782.0,6798.5,51873.0,600643.0
2014-05-23,6809.5,6814.0,6782.0,6798.5,51873.0,600643.0
2014-05-22,6810.0,6836.0,6797.5,6815.0,70733.0,597763.0
2014-05-21,6777.0,6816.5,6771.5,6806.5,78260.0,593709.0
2014-05-20,6834.0,6837.0,6762.5,6786.5,82070.0,589605.0
2014-05-19,6850.0,6852.5,6786.5,6833.5,88697.0,582560.0
2014-05-18,6838.5,6852.0,6796.0,6837.5,118244.0,574944.0
2014-05-17,6838.5,6852.0,6796.0,6837.5,118244.0,574944.0
2014-05-16,6838.5,6852.0,6796.0,6837.5,118244.0,574944.0
2014-05-15,6856.0,6880.0,6803.0,6820.5,137163.0,572200.0
2014-05-14,6852.5,6870.5,6837.0,6862.5,71780.0,568721.0
2014-05-13,6835.5,6853.0,6800.0,6840.5,86362.0,562948.0
2014-05-12,6796.5,6835.5,6787.0,6817.0,74093.0,563578.0
2014-05-11,6782.0,6804.5,6773.0,6787.0,82520.0,558582.0
2014-05-09,6782.0,6804.5,6773.0,6787.0,82520.0,558582.0
2014-05-08,6768.5,6810.5,6766.0,6801.5,115475.0,563385.0
2014-05-07,6758.5,6775.0,6734.5,6761.5,111117.0,560368.0
2014-05-06,6778.0,6794.5,6746.0,6760.0,81345.0,553753.0
2014-05-05,6764.0,6764.0,6764.0,6764.0,0.0,556228.0
2014-05-04,6772.5,6800.5,6759.5,6764.0,103869.0,554287.0
2014-05-03,6772.5,6800.5,6759.5,6764.0,103869.0,554287.0
2014-05-02,6772.5,6800.5,6759.5,6764.0,103869.0,554287.0
2014-05-01,6760.0,6780.0,6744.0,6772.5,45484.0,550860.0
2014-04-30,6715.0,6765.5,6700.0,6744.5,116128.0,556279.0
2014-04-29,6671.5,6732.5,6663.0,6716.0,113784.0,547445.0
2014-04-28,6641.5,6678.0,6622.0,6653.5,97990.0,553126.0
2014-04-27,6643.0,6652.5,6613.0,6637.5,93808.0,551686.0
2014-04-26,6643.0,6652.5,6613.0,6637.5,93808.0,551686.0
2014-04-25,6643.0,6652.5,6613.0,6637.5,93808.0,551686.0
2014-04-24,6645.5,6682.0,6623.0,6652.5,103845.0,549683.0
2014-04-23,6636.0,6653.0,6617.5,6633.0,66449.0,548009.0
2014-04-22,6609.0,6657.0,6595.5,6635.0,99195.0,538686.0
2014-04-21,6575.5,6575.5,6575.5,6575.5,0.0,539592.0
2014-04-20,6575.5,6575.5,6575.5,6575.5,0.0,539592.0
2014-04-19,6575.5,6575.5,6575.5,6575.5,0.0,539592.0
2014-04-18,6575.5,6575.5,6575.5,6575.5,0.0,539592.0
2014-04-17,6536.5,6606.0,6507.0,6575.5,91383.0,539592.0
2014-04-16,6509.5,6556.0,6500.0,6537.0,103668.0,542667.0
2014-04-15,6524.5,6541.5,6452.0,6487.0,111308.0,543768.0
2014-04-14,6472.0,6532.0,6453.0,6522.5,105573.0,545248.0
2014-04-13,6523.5,6547.0,6475.0,6508.0,127423.0,548133.0
2014-04-12,6523.5,6547.0,6475.0,6508.0,127423.0,548133.0
2014-04-11,6523.5,6547.0,6475.0,6508.0,127423.0,548133.0
2014-04-10,6610.5,6635.0,6513.0,6582.5,113729.0,545487.0
2014-04-09,6531.5,6612.5,6531.5,6576.0,93065.0,549211.0
2014-04-08,6543.0,6568.5,6492.5,6529.0,112472.0,553372.0
2014-04-07,6600.0,6620.0,6530.5,6565.0,114012.0,555909.0
2014-04-06,6610.5,6653.5,6592.0,6636.0,98004.0,557575.0
2014-04-05,6610.5,6653.5,6592.0,6636.0,98004.0,557575.0
2014-04-04,6610.5,6653.5,6592.0,6636.0,98004.0,557575.0
2014-04-03,6616.0,6628.0,6582.5,6586.5,79981.0,563164.0
2014-04-02,6598.0,6621.5,6583.5,6607.5,75163.0,563033.0
2014-04-01,6553.5,6603.0,6546.0,6587.0,78678.0,569006.0
2014-03-31,6563.5,6602.0,6523.0,6543.5,120465.0,569586.0
2014-03-30,6536.5,6576.0,6527.5,6555.0,92575.0,572830.0
2014-03-29,6536.5,6576.0,6527.5,6555.0,92575.0,572830.0
2014-03-28,6536.5,6576.0,6527.5,6555.0,92575.0,572830.0
2014-03-27,6507.5,6538.0,6502.0,6530.5,96202.0,572965.0
2014-03-26,6556.5,6587.5,6498.5,6544.5,112622.0,575360.0
2014-03-25,6474.5,6569.0,6467.0,6537.0,115250.0,575689.0
2014-03-24,6457.0,6511.0,6445.5,6455.0,106998.0,572041.0
2014-03-23,6478.0,6514.5,6452.0,6504.0,121946.0,573424.0
2014-03-22,6478.0,6514.5,6452.0,6504.0,121946.0,573424.0
2014-03-21,6537.0,6574.0,6536.0,6568.0,12128.0,98377.0
2014-03-20,6538.0,6555.0,6491.0,6552.5,159382.0,125740.0
2014-03-19,6605.0,6613.0,6520.5,6575.0,222822.0,230472.0
2014-03-18,6560.0,6700.0,6530.0,6598.0,438169.0,481586.0
2014-03-17,6518.0,6590.5,6514.0,6567.5,248894.0,578627.0
2014-03-15,6533.0,6546.0,6497.5,6518.5,188961.0,611234.0
2014-03-14,6533.0,6546.0,6497.5,6518.5,188961.0,611234.0
2014-03-13,6635.0,6640.0,6505.0,6553.5,150370.0,630266.0
2014-03-12,6643.0,6652.0,6595.5,6626.5,105968.0,641719.0
2014-03-11,6681.5,6698.5,6637.5,6660.5,133803.0,641174.0
2014-03-10,6704.0,6738.0,6649.0,6659.5,131578.0,637831.0
2014-03-07,6765.0,6781.5,6684.0,6696.5,130065.0,640603.0
2014-03-06,6758.5,6800.0,6749.5,6764.5,79459.0,648314.0
2014-03-05,6790.0,6800.0,6745.0,6750.0,86872.0,660474.0
2014-03-04,6693.0,6804.5,6693.0,6795.0,137197.0,652568.0
2014-03-03,6730.0,6730.5,6643.5,6681.0,155335.0,668607.0
2014-03-02,6795.0,6808.0,6743.0,6775.5,131515.0,658952.0
2014-03-01,6795.0,6808.0,6743.0,6775.5,131515.0,658952.0
2014-02-28,6795.0,6808.0,6743.0,6775.5,131515.0,658952.0
2014-02-27,6764.5,6798.0,6705.0,6790.5,128902.0,668302.0
2014-02-26,6793.5,6809.5,6744.5,6788.0,93344.0,679875.0
2014-02-25,6825.5,6834.5,6761.5,6818.5,155609.0,672972.0
2014-02-24,6791.5,6858.0,6768.0,6834.0,112801.0,660264.0
2014-02-23,6802.0,6836.0,6776.0,6810.5,148225.0,645393.0
2014-02-22,6802.0,6836.0,6776.0,6810.5,148225.0,645393.0
2014-02-21,6802.0,6836.0,6776.0,6810.5,148225.0,645393.0
2014-02-20,6735.0,6803.0,6703.5,6776.5,114766.0,634691.0
2014-02-19,6755.5,6784.5,6724.5,6769.0,135626.0,620146.0
2014-02-18,6693.5,6769.0,6674.5,6763.5,123862.0,604485.0
2014-02-17,6627.0,6705.0,6617.5,6690.5,67292.0,599398.0
2014-02-16,6631.0,6637.5,6601.5,6621.0,79831.0,598017.0
2014-02-15,6631.0,6637.5,6601.5,6621.0,79831.0,598017.0
2014-02-14,6631.0,6637.5,6601.5,6621.0,79831.0,598017.0
2014-02-13,6632.5,6640.0,6565.0,6621.5,100531.0,595797.0
2014-02-12,6632.0,6668.0,6623.0,6631.5,109653.0,587653.0
2014-02-11,6548.5,6651.5,6548.5,6616.0,106608.0,576010.0
2014-02-10,6549.0,6550.5,6511.0,6536.0,86136.0,576928.0
2014-02-09,6512.5,6550.5,6484.0,6517.0,117241.0,579089.0
2014-02-08,6512.5,6550.5,6484.0,6517.0,117241.0,579089.0
2014-02-07,6512.5,6550.5,6484.0,6517.0,117241.0,579089.0
2014-02-06,6435.0,6524.5,6406.5,6502.0,131736.0,579463.0
2014-02-05,6393.0,6432.0,6360.0,6411.0,113858.0,587584.0
2014-02-04,6361.0,6425.5,6358.0,6399.5,133803.0,594802.0
2014-02-03,6446.5,6484.0,6344.5,6410.0,133840.0,592641.0
2014-02-02,6493.0,6495.5,6365.0,6458.5,145392.0,592559.0
2014-02-01,6493.0,6495.5,6365.0,6458.5,145392.0,592559.0
2014-01-31,6493.0,6495.5,6365.0,6458.5,145392.0,592559.0
2014-01-30,6474.5,6515.0,6452.5,6487.0,115346.0,594787.0
2014-01-29,6556.5,6592.5,6427.5,6489.0,172442.0,603137.0
2014-01-28,6489.0,6540.0,6478.5,6522.0,114681.0,605428.0
2014-01-27,6553.0,6580.0,6457.0,6506.0,161322.0,615753.0
2014-01-26,6734.5,6746.5,6561.5,6605.5,157458.0,601676.0
2014-01-25,6734.5,6746.5,6561.5,6605.5,157458.0,601676.0
2014-01-24,6734.5,6746.5,6561.5,6605.5,157458.0,601676.0
2014-01-23,6799.0,6800.5,6709.5,6725.0,95726.0,593843.0
2014-01-22,6791.0,6814.0,6770.0,6779.5,79812.0,589154.0
2014-01-21,6790.0,6815.5,6767.0,6778.5,81004.0,585952.0
2014-01-20,6766.0,6789.0,6758.5,6782.0,38479.0,582210.0
2014-01-19,6777.5,6791.5,6755.5,6775.5,110997.0,580637.0
2014-01-18,6777.5,6791.5,6755.5,6775.5,110997.0,580637.0
2014-01-17,6777.5,6791.5,6755.5,6775.5,110997.0,580637.0
2014-01-16,6781.0,6786.0,6757.0,6762.5,85877.0,577466.0
2014-01-15,6728.0,6779.0,6723.5,6762.5,105220.0,574256.0
2014-01-14,6662.0,6733.5,6638.0,6712.5,94897.0,588333.0
2014-01-13,6700.0,6712.0,6410.0,6699.5,73202.0,586017.0
2014-01-12,6654.5,6718.0,6654.5,6687.5,115236.0,583396.0
2014-01-09,6669.0,6694.0,6623.5,6636.0,102983.0,579321.0
2014-01-08,6700.0,6710.5,6658.5,6663.5,78218.0,581969.0
2014-01-07,6675.0,6716.0,6663.5,6699.5,77871.0,580729.0
2014-01-06,6688.0,6700.5,6660.5,6676.5,91953.0,568814.0
2014-01-03,6675.0,6716.0,6663.5,6699.5,77871.0,580729.0
2014-01-02,6675.0,6716.0,6663.5,6699.5,77871.0,580729.0
2014-01-01,6697.5,6697.5,6697.5,6697.5,0.0,566148.0
2013-12-31,6692.5,6708.5,6685.5,6697.5,18834.0,566148.0
2013-12-30,6699.0,6719.0,6666.0,6693.5,61759.0,562011.0
2013-12-27,6676.0,6726.0,6660.0,6704.5,54494.0,558289.0
2013-12-25,6642.5,6642.5,6642.5,6642.5,0.0,
2013-12-24,6624.0,6663.5,6615.0,6642.5,14338.0,556337.0
2013-12-23,6566.0,6633.5,6558.0,6624.0,51362.0,554323.0
